history_id,opportunity_id,stage,amount_usd,changed_at
H00001,OPP0001,Prospecting,126600.0,2026-07-04 14:00:00
H00002,OPP0001,Closed Lost,118500.0,2026-08-11 14:00:00
H00003,OPP0002,Prospecting,276400.0,2025-08-02 10:00:00
H00004,OPP0002,RFP Received,276400.0,2025-08-22 13:00:00
H00005,OPP0002,Proposal Sent,276400.0,2025-09-11 17:00:00
H00006,OPP0002,Closed Lost,251600.0,2025-10-02 13:00:00
H00007,OPP0003,Prospecting,272400.0,2025-04-06 18:00:00
H00008,OPP0003,RFP Received,272400.0,2025-04-18 12:00:00
H00009,OPP0003,Proposal Sent,272400.0,2025-05-01 15:00:00
H00010,OPP0003,Negotiation,272400.0,2025-05-13 16:00:00
H00011,OPP0003,Closed Lost,276100.0,2025-05-26 15:00:00
H00012,OPP0004,Prospecting,135100.0,2025-08-09 16:00:00
H00013,OPP0004,RFP Received,135100.0,2025-08-20 16:00:00
H00014,OPP0004,Proposal Sent,135100.0,2025-08-31 13:00:00
H00015,OPP0004,Negotiation,135100.0,2025-09-11 12:00:00
H00016,OPP0004,Closed Lost,112200.0,2025-09-23 13:00:00
H00017,OPP0005,Prospecting,308800.0,2025-11-02 16:00:00
H00018,OPP0005,RFP Received,308800.0,2025-11-11 11:00:00
H00019,OPP0005,Proposal Sent,308800.0,2025-11-21 18:00:00
H00020,OPP0005,Negotiation,308800.0,2025-12-01 17:00:00
H00021,OPP0005,Closed Lost,274300.0,2025-12-11 09:00:00
H00022,OPP0006,Prospecting,179000.0,2025-09-11 13:00:00
H00023,OPP0006,RFP Received,179000.0,2025-09-25 14:00:00
H00024,OPP0006,Proposal Sent,179000.0,2025-10-09 11:00:00
H00025,OPP0006,Negotiation,179000.0,2025-10-23 18:00:00
H00026,OPP0006,Closed Won,177400.0,2025-11-06 18:00:00
H00027,OPP0007,Prospecting,103100.0,2025-09-06 14:00:00
H00028,OPP0007,RFP Received,103100.0,2025-09-16 17:00:00
H00029,OPP0007,Proposal Sent,103100.0,2025-09-27 15:00:00
H00030,OPP0007,Negotiation,103100.0,2025-10-07 14:00:00
H00031,OPP0007,Closed Won,89500.0,2025-10-18 10:00:00
H00032,OPP0008,Prospecting,237400.0,2025-08-06 15:00:00
H00033,OPP0008,RFP Received,237400.0,2025-08-27 16:00:00
H00034,OPP0008,Closed Lost,283100.0,2025-09-17 17:00:00
H00035,OPP0009,Prospecting,78800.0,2026-05-18 17:00:00
H00036,OPP0009,RFP Received,78800.0,2026-05-30 14:00:00
H00037,OPP0009,Proposal Sent,78800.0,2026-06-11 14:00:00
H00038,OPP0009,Closed Lost,79500.0,2026-06-23 16:00:00
H00039,OPP0010,Prospecting,122900.0,2025-05-10 09:00:00
H00040,OPP0010,RFP Received,122900.0,2025-05-25 18:00:00
H00041,OPP0010,Proposal Sent,122900.0,2025-06-09 13:00:00
H00042,OPP0010,Negotiation,122900.0,2025-06-24 16:00:00
H00043,OPP0010,Closed Won,145300.0,2025-07-09 16:00:00
H00044,OPP0011,Prospecting,173100.0,2026-09-03 13:00:00
H00045,OPP0011,RFP Received,173100.0,2026-09-20 18:00:00
H00046,OPP0012,Prospecting,64500.0,2025-04-12 09:00:00
H00047,OPP0012,RFP Received,64500.0,2025-04-21 15:00:00
H00048,OPP0012,Proposal Sent,64500.0,2025-04-30 16:00:00
H00049,OPP0012,Negotiation,64500.0,2025-05-09 18:00:00
H00050,OPP0012,Closed Won,77400.0,2025-05-18 16:00:00
H00051,OPP0013,Prospecting,75700.0,2025-05-26 13:00:00
H00052,OPP0013,Closed Lost,74900.0,2025-06-17 15:00:00
H00053,OPP0014,Prospecting,448600.0,2026-03-25 13:00:00
H00054,OPP0014,Closed Lost,358900.0,2026-07-13 18:00:00
H00055,OPP0015,Prospecting,207200.0,2026-04-27 14:00:00
H00056,OPP0015,RFP Received,207200.0,2026-05-12 14:00:00
H00057,OPP0015,Proposal Sent,207200.0,2026-05-27 10:00:00
H00058,OPP0015,Negotiation,207200.0,2026-06-11 11:00:00
H00059,OPP0015,Closed Lost,216600.0,2026-06-26 14:00:00
H00060,OPP0016,Prospecting,41000.0,2026-04-19 11:00:00
H00061,OPP0016,RFP Received,41000.0,2026-05-10 13:00:00
H00062,OPP0016,Closed Lost,44600.0,2026-05-31 16:00:00
H00063,OPP0017,Prospecting,61000.0,2025-05-05 10:00:00
H00064,OPP0017,RFP Received,61000.0,2025-05-12 16:00:00
H00065,OPP0017,Proposal Sent,61000.0,2025-05-19 10:00:00
H00066,OPP0017,Negotiation,61000.0,2025-05-26 11:00:00
H00067,OPP0017,Closed Won,72400.0,2025-06-03 16:00:00
H00068,OPP0018,Prospecting,170100.0,2025-11-02 14:00:00
H00069,OPP0018,RFP Received,170100.0,2025-11-13 12:00:00
H00070,OPP0018,Proposal Sent,170100.0,2025-11-25 12:00:00
H00071,OPP0018,Negotiation,170100.0,2025-12-07 18:00:00
H00072,OPP0018,Closed Lost,169300.0,2025-12-19 15:00:00
H00073,OPP0019,Prospecting,129000.0,2026-08-28 15:00:00
H00074,OPP0019,RFP Received,129000.0,2026-09-08 11:00:00
H00075,OPP0019,Proposal Sent,129000.0,2026-09-20 10:00:00
H00076,OPP0020,Prospecting,213400.0,2025-09-24 15:00:00
H00077,OPP0020,RFP Received,213400.0,2025-10-04 18:00:00
H00078,OPP0020,Proposal Sent,213400.0,2025-10-14 11:00:00
H00079,OPP0020,Negotiation,213400.0,2025-10-24 11:00:00
H00080,OPP0020,Closed Won,234500.0,2025-11-03 11:00:00
H00081,OPP0021,Prospecting,182200.0,2026-08-15 18:00:00
H00082,OPP0021,RFP Received,182200.0,2026-08-23 13:00:00
H00083,OPP0021,Proposal Sent,182200.0,2026-09-01 13:00:00
H00084,OPP0021,Negotiation,182200.0,2026-09-09 09:00:00
H00085,OPP0021,Closed Won,172300.0,2026-09-18 15:00:00
H00086,OPP0022,Prospecting,141600.0,2025-04-10 15:00:00
H00087,OPP0022,RFP Received,141600.0,2025-04-17 11:00:00
H00088,OPP0022,Proposal Sent,141600.0,2025-04-25 12:00:00
H00089,OPP0022,Negotiation,141600.0,2025-05-03 11:00:00
H00090,OPP0022,Closed Won,149500.0,2025-05-11 17:00:00
H00091,OPP0023,Prospecting,175500.0,2025-04-03 14:00:00
H00092,OPP0023,RFP Received,175500.0,2025-04-13 10:00:00
H00093,OPP0023,Proposal Sent,175500.0,2025-04-23 12:00:00
H00094,OPP0023,Negotiation,175500.0,2025-05-03 16:00:00
H00095,OPP0023,Closed Lost,150000.0,2025-05-13 09:00:00
H00096,OPP0024,Prospecting,169700.0,2026-08-02 13:00:00
H00097,OPP0024,RFP Received,169700.0,2026-08-17 12:00:00
H00098,OPP0024,Proposal Sent,169700.0,2026-09-01 10:00:00
H00099,OPP0024,Closed Lost,205100.0,2026-09-16 16:00:00
H00100,OPP0025,Prospecting,168500.0,2025-08-25 15:00:00
H00101,OPP0025,RFP Received,168500.0,2025-09-05 17:00:00
H00102,OPP0025,Proposal Sent,168500.0,2025-09-16 10:00:00
H00103,OPP0025,Closed Lost,204600.0,2025-09-27 10:00:00
H00104,OPP0026,Prospecting,141600.0,2025-11-29 12:00:00
H00105,OPP0026,RFP Received,141600.0,2025-12-30 15:00:00
H00106,OPP0026,Closed Lost,142500.0,2026-01-31 14:00:00
H00107,OPP0027,Prospecting,315200.0,2026-03-02 10:00:00
H00108,OPP0027,Closed Lost,268400.0,2026-04-20 15:00:00
H00109,OPP0028,Prospecting,156400.0,2025-05-14 18:00:00
H00110,OPP0028,Closed Lost,126600.0,2025-06-08 13:00:00
H00111,OPP0029,Prospecting,179400.0,2025-06-08 15:00:00
H00112,OPP0029,RFP Received,179400.0,2025-06-14 17:00:00
H00113,OPP0029,Proposal Sent,179400.0,2025-06-20 18:00:00
H00114,OPP0029,Negotiation,179400.0,2025-06-26 18:00:00
H00115,OPP0029,Closed Won,169500.0,2025-07-03 17:00:00
H00116,OPP0030,Prospecting,50900.0,2026-02-15 14:00:00
H00117,OPP0030,RFP Received,50900.0,2026-02-25 13:00:00
H00118,OPP0030,Proposal Sent,50900.0,2026-03-07 14:00:00
H00119,OPP0030,Negotiation,50900.0,2026-03-17 18:00:00
H00120,OPP0030,Closed Won,53400.0,2026-03-28 18:00:00
H00121,OPP0031,Prospecting,290800.0,2026-08-25 13:00:00
H00122,OPP0031,RFP Received,290800.0,2026-09-07 09:00:00
H00123,OPP0031,Proposal Sent,290800.0,2026-09-20 12:00:00
H00124,OPP0032,Prospecting,18700.0,2026-05-28 10:00:00
H00125,OPP0032,RFP Received,18700.0,2026-06-06 14:00:00
H00126,OPP0032,Proposal Sent,18700.0,2026-06-16 18:00:00
H00127,OPP0032,Negotiation,18700.0,2026-06-25 15:00:00
H00128,OPP0032,Closed Won,18600.0,2026-07-05 18:00:00
H00129,OPP0033,Prospecting,56600.0,2026-06-28 12:00:00
H00130,OPP0033,Closed Lost,65400.0,2026-09-08 11:00:00
H00131,OPP0034,Prospecting,44200.0,2025-07-01 10:00:00
H00132,OPP0034,RFP Received,44200.0,2025-07-15 16:00:00
H00133,OPP0034,Proposal Sent,44200.0,2025-07-29 16:00:00
H00134,OPP0034,Closed Lost,50900.0,2025-08-12 13:00:00
H00135,OPP0035,Prospecting,159100.0,2026-04-06 14:00:00
H00136,OPP0035,RFP Received,159100.0,2026-04-20 10:00:00
H00137,OPP0035,Proposal Sent,159100.0,2026-05-05 17:00:00
H00138,OPP0035,Negotiation,159100.0,2026-05-20 11:00:00
H00139,OPP0035,Closed Won,158700.0,2026-06-04 09:00:00
H00140,OPP0036,Prospecting,44300.0,2025-12-04 11:00:00
H00141,OPP0036,RFP Received,44300.0,2025-12-13 14:00:00
H00142,OPP0036,Proposal Sent,44300.0,2025-12-23 13:00:00
H00143,OPP0036,Closed Lost,52900.0,2026-01-02 15:00:00
H00144,OPP0037,Prospecting,91400.0,2026-08-09 10:00:00
H00145,OPP0037,RFP Received,91400.0,2026-08-23 17:00:00
H00146,OPP0037,Proposal Sent,91400.0,2026-09-06 17:00:00
H00147,OPP0037,Negotiation,91400.0,2026-09-20 17:00:00
H00148,OPP0038,Prospecting,115600.0,2025-09-01 18:00:00
H00149,OPP0038,RFP Received,115600.0,2025-09-17 16:00:00
H00150,OPP0038,Proposal Sent,115600.0,2025-10-03 16:00:00
H00151,OPP0038,Closed Lost,104600.0,2025-10-20 13:00:00
H00152,OPP0039,Prospecting,289300.0,2026-03-01 14:00:00
H00153,OPP0039,Closed Lost,245700.0,2026-04-03 11:00:00
H00154,OPP0040,Prospecting,238800.0,2026-04-29 17:00:00
H00155,OPP0040,RFP Received,238800.0,2026-05-12 18:00:00
H00156,OPP0040,Proposal Sent,238800.0,2026-05-26 17:00:00
H00157,OPP0040,Negotiation,238800.0,2026-06-09 15:00:00
H00158,OPP0040,Closed Won,203100.0,2026-06-23 10:00:00
H00159,OPP0041,Prospecting,29900.0,2025-03-29 16:00:00
H00160,OPP0041,Closed Lost,30600.0,2025-05-26 09:00:00
H00161,OPP0042,Prospecting,191900.0,2025-09-17 14:00:00
H00162,OPP0042,RFP Received,191900.0,2025-09-25 17:00:00
H00163,OPP0042,Proposal Sent,191900.0,2025-10-04 14:00:00
H00164,OPP0042,Closed Lost,223100.0,2025-10-13 11:00:00
H00165,OPP0043,Prospecting,69900.0,2025-12-06 11:00:00
H00166,OPP0043,RFP Received,69900.0,2025-12-21 16:00:00
H00167,OPP0043,Proposal Sent,69900.0,2026-01-06 16:00:00
H00168,OPP0043,Negotiation,69900.0,2026-01-22 14:00:00
H00169,OPP0043,Closed Won,73400.0,2026-02-07 17:00:00
H00170,OPP0044,Prospecting,196700.0,2025-06-13 14:00:00
H00171,OPP0044,RFP Received,196700.0,2025-06-24 14:00:00
H00172,OPP0044,Proposal Sent,196700.0,2025-07-06 15:00:00
H00173,OPP0044,Negotiation,196700.0,2025-07-17 18:00:00
H00174,OPP0044,Closed Won,171000.0,2025-07-29 09:00:00
H00175,OPP0045,Prospecting,78200.0,2025-12-22 12:00:00
H00176,OPP0045,RFP Received,78200.0,2026-01-04 11:00:00
H00177,OPP0045,Closed Lost,91500.0,2026-01-18 12:00:00
H00178,OPP0046,Prospecting,83100.0,2026-01-05 15:00:00
H00179,OPP0046,RFP Received,83100.0,2026-01-14 16:00:00
H00180,OPP0046,Proposal Sent,83100.0,2026-01-24 17:00:00
H00181,OPP0046,Negotiation,83100.0,2026-02-02 15:00:00
H00182,OPP0046,Closed Won,100200.0,2026-02-12 15:00:00
H00183,OPP0047,Prospecting,27600.0,2025-06-07 18:00:00
H00184,OPP0047,Closed Lost,33000.0,2025-08-03 13:00:00
H00185,OPP0048,Prospecting,118500.0,2026-03-03 15:00:00
H00186,OPP0048,RFP Received,118500.0,2026-03-14 13:00:00
H00187,OPP0048,Proposal Sent,118500.0,2026-03-26 16:00:00
H00188,OPP0048,Negotiation,118500.0,2026-04-06 10:00:00
H00189,OPP0048,Closed Won,102000.0,2026-04-18 09:00:00
H00190,OPP0049,Prospecting,154800.0,2025-05-14 09:00:00
H00191,OPP0049,RFP Received,154800.0,2025-05-20 13:00:00
H00192,OPP0049,Proposal Sent,154800.0,2025-05-27 15:00:00
H00193,OPP0049,Negotiation,154800.0,2025-06-02 18:00:00
H00194,OPP0049,Closed Won,179300.0,2025-06-09 15:00:00
H00195,OPP0050,Prospecting,215800.0,2025-01-24 18:00:00
H00196,OPP0050,RFP Received,215800.0,2025-02-05 16:00:00
H00197,OPP0050,Proposal Sent,215800.0,2025-02-17 13:00:00
H00198,OPP0050,Negotiation,215800.0,2025-03-01 17:00:00
H00199,OPP0050,Closed Won,232900.0,2025-03-14 09:00:00
H00200,OPP0051,Prospecting,237800.0,2025-03-17 15:00:00
H00201,OPP0051,RFP Received,237800.0,2025-03-23 14:00:00
H00202,OPP0051,Closed Lost,192000.0,2025-03-29 14:00:00
H00203,OPP0052,Prospecting,52000.0,2025-05-28 17:00:00
H00204,OPP0052,RFP Received,52000.0,2025-06-06 16:00:00
H00205,OPP0052,Proposal Sent,52000.0,2025-06-15 11:00:00
H00206,OPP0052,Negotiation,52000.0,2025-06-24 18:00:00
H00207,OPP0052,Closed Won,44800.0,2025-07-04 17:00:00
H00208,OPP0053,Prospecting,24200.0,2026-07-31 09:00:00
H00209,OPP0053,RFP Received,24200.0,2026-08-17 18:00:00
H00210,OPP0053,Proposal Sent,24200.0,2026-09-03 16:00:00
H00211,OPP0053,Negotiation,24200.0,2026-09-20 13:00:00
H00212,OPP0054,Prospecting,258700.0,2026-05-11 16:00:00
H00213,OPP0054,RFP Received,258700.0,2026-06-04 14:00:00
H00214,OPP0054,Closed Lost,232900.0,2026-06-29 16:00:00
H00215,OPP0055,Prospecting,150300.0,2025-10-22 10:00:00
H00216,OPP0055,RFP Received,150300.0,2025-10-30 14:00:00
H00217,OPP0055,Proposal Sent,150300.0,2025-11-07 16:00:00
H00218,OPP0055,Closed Lost,183500.0,2025-11-15 13:00:00
H00219,OPP0056,Prospecting,39300.0,2025-01-06 09:00:00
H00220,OPP0056,RFP Received,39300.0,2025-01-20 10:00:00
H00221,OPP0056,Proposal Sent,39300.0,2025-02-03 18:00:00
H00222,OPP0056,Closed Lost,42300.0,2025-02-18 12:00:00
H00223,OPP0057,Prospecting,183200.0,2026-08-05 10:00:00
H00224,OPP0057,RFP Received,183200.0,2026-08-18 11:00:00
H00225,OPP0057,Proposal Sent,183200.0,2026-09-01 11:00:00
H00226,OPP0057,Closed Lost,218400.0,2026-09-15 16:00:00
H00227,OPP0058,Prospecting,168400.0,2026-08-15 17:00:00
H00228,OPP0058,RFP Received,168400.0,2026-08-27 16:00:00
H00229,OPP0058,Proposal Sent,168400.0,2026-09-08 17:00:00
H00230,OPP0058,Negotiation,168400.0,2026-09-20 12:00:00
H00231,OPP0059,Prospecting,119100.0,2025-07-30 16:00:00
H00232,OPP0059,RFP Received,119100.0,2025-08-08 18:00:00
H00233,OPP0059,Proposal Sent,119100.0,2025-08-17 09:00:00
H00234,OPP0059,Negotiation,119100.0,2025-08-26 17:00:00
H00235,OPP0059,Closed Won,115500.0,2025-09-04 16:00:00
H00236,OPP0060,Prospecting,98700.0,2026-01-19 17:00:00
H00237,OPP0060,RFP Received,98700.0,2026-02-07 15:00:00
H00238,OPP0060,Proposal Sent,98700.0,2026-02-26 17:00:00
H00239,OPP0060,Closed Lost,115600.0,2026-03-17 11:00:00
H00240,OPP0061,Prospecting,157500.0,2026-09-10 10:00:00
H00241,OPP0062,Prospecting,157400.0,2026-08-13 13:00:00
H00242,OPP0062,RFP Received,157400.0,2026-08-25 12:00:00
H00243,OPP0062,Proposal Sent,157400.0,2026-09-07 18:00:00
H00244,OPP0062,Negotiation,157400.0,2026-09-20 14:00:00
H00245,OPP0063,Prospecting,138600.0,2026-03-03 14:00:00
H00246,OPP0063,RFP Received,138600.0,2026-03-16 10:00:00
H00247,OPP0063,Proposal Sent,138600.0,2026-03-30 17:00:00
H00248,OPP0063,Negotiation,138600.0,2026-04-12 12:00:00
H00249,OPP0063,Closed Won,114100.0,2026-04-26 09:00:00
H00250,OPP0064,Prospecting,56200.0,2025-09-06 16:00:00
H00251,OPP0064,RFP Received,56200.0,2025-09-24 16:00:00
H00252,OPP0064,Proposal Sent,56200.0,2025-10-13 10:00:00
H00253,OPP0064,Closed Lost,58400.0,2025-11-01 16:00:00
H00254,OPP0065,Prospecting,322200.0,2026-05-18 10:00:00
H00255,OPP0065,Closed Lost,311100.0,2026-07-09 09:00:00
H00256,OPP0066,Prospecting,166100.0,2025-05-21 18:00:00
H00257,OPP0066,RFP Received,166100.0,2025-06-05 16:00:00
H00258,OPP0066,Proposal Sent,166100.0,2025-06-20 16:00:00
H00259,OPP0066,Negotiation,166100.0,2025-07-05 09:00:00
H00260,OPP0066,Closed Won,152800.0,2025-07-20 09:00:00
H00261,OPP0067,Prospecting,74100.0,2025-02-02 14:00:00
H00262,OPP0067,RFP Received,74100.0,2025-02-16 18:00:00
H00263,OPP0067,Proposal Sent,74100.0,2025-03-03 10:00:00
H00264,OPP0067,Negotiation,74100.0,2025-03-17 17:00:00
H00265,OPP0067,Closed Lost,62800.0,2025-04-01 09:00:00
H00266,OPP0068,Prospecting,99800.0,2025-07-03 12:00:00
H00267,OPP0068,RFP Received,99800.0,2025-07-21 18:00:00
H00268,OPP0068,Proposal Sent,99800.0,2025-08-09 15:00:00
H00269,OPP0068,Closed Lost,114300.0,2025-08-28 17:00:00
H00270,OPP0069,Prospecting,292100.0,2026-01-25 10:00:00
H00271,OPP0069,RFP Received,292100.0,2026-02-08 11:00:00
H00272,OPP0069,Proposal Sent,292100.0,2026-02-23 10:00:00
H00273,OPP0069,Negotiation,292100.0,2026-03-09 11:00:00
H00274,OPP0069,Closed Won,255600.0,2026-03-24 15:00:00
H00275,OPP0070,Prospecting,99800.0,2025-05-23 10:00:00
H00276,OPP0070,RFP Received,99800.0,2025-05-31 14:00:00
H00277,OPP0070,Proposal Sent,99800.0,2025-06-09 13:00:00
H00278,OPP0070,Negotiation,99800.0,2025-06-18 12:00:00
H00279,OPP0070,Closed Won,106800.0,2025-06-27 16:00:00
H00280,OPP0071,Prospecting,87200.0,2026-04-18 13:00:00
H00281,OPP0071,RFP Received,87200.0,2026-04-22 12:00:00
H00282,OPP0071,Proposal Sent,87200.0,2026-04-27 13:00:00
H00283,OPP0071,Negotiation,87200.0,2026-05-02 11:00:00
H00284,OPP0071,Closed Lost,101100.0,2026-05-07 15:00:00
H00285,OPP0072,Prospecting,156600.0,2026-03-17 15:00:00
H00286,OPP0072,RFP Received,156600.0,2026-04-04 16:00:00
H00287,OPP0072,Closed Lost,156500.0,2026-04-23 18:00:00
H00288,OPP0073,Prospecting,97900.0,2025-12-20 14:00:00
H00289,OPP0073,RFP Received,97900.0,2026-01-03 16:00:00
H00290,OPP0073,Proposal Sent,97900.0,2026-01-18 12:00:00
H00291,OPP0073,Negotiation,97900.0,2026-02-02 17:00:00
H00292,OPP0073,Closed Won,102300.0,2026-02-17 16:00:00
H00293,OPP0074,Prospecting,275500.0,2026-08-19 17:00:00
H00294,OPP0074,RFP Received,275500.0,2026-09-04 11:00:00
H00295,OPP0074,Proposal Sent,275500.0,2026-09-20 14:00:00
H00296,OPP0075,Prospecting,67300.0,2026-08-28 11:00:00
H00297,OPP0075,RFP Received,67300.0,2026-09-08 17:00:00
H00298,OPP0075,Proposal Sent,67300.0,2026-09-20 15:00:00
H00299,OPP0076,Prospecting,178100.0,2026-08-11 16:00:00
H00300,OPP0076,RFP Received,178100.0,2026-09-20 18:00:00
H00301,OPP0077,Prospecting,65200.0,2026-07-17 09:00:00
H00302,OPP0077,RFP Received,65200.0,2026-08-07 16:00:00
H00303,OPP0077,Proposal Sent,65200.0,2026-08-29 17:00:00
H00304,OPP0077,Negotiation,65200.0,2026-09-20 12:00:00
H00305,OPP0078,Prospecting,145000.0,2025-10-01 11:00:00
H00306,OPP0078,RFP Received,145000.0,2025-10-06 11:00:00
H00307,OPP0078,Proposal Sent,145000.0,2025-10-11 12:00:00
H00308,OPP0078,Negotiation,145000.0,2025-10-16 11:00:00
H00309,OPP0078,Closed Won,116300.0,2025-10-21 14:00:00
H00310,OPP0079,Prospecting,27500.0,2026-04-11 14:00:00
H00311,OPP0079,RFP Received,27500.0,2026-04-17 10:00:00
H00312,OPP0079,Proposal Sent,27500.0,2026-04-23 17:00:00
H00313,OPP0079,Negotiation,27500.0,2026-04-29 15:00:00
H00314,OPP0079,Closed Won,25300.0,2026-05-06 12:00:00
H00315,OPP0080,Prospecting,131700.0,2026-03-28 13:00:00
H00316,OPP0080,RFP Received,131700.0,2026-04-12 10:00:00
H00317,OPP0080,Proposal Sent,131700.0,2026-04-27 14:00:00
H00318,OPP0080,Negotiation,131700.0,2026-05-12 13:00:00
H00319,OPP0080,Closed Won,151100.0,2026-05-27 10:00:00
H00320,OPP0081,Prospecting,121800.0,2025-03-14 11:00:00
H00321,OPP0081,RFP Received,121800.0,2025-03-25 11:00:00
H00322,OPP0081,Proposal Sent,121800.0,2025-04-06 10:00:00
H00323,OPP0081,Negotiation,121800.0,2025-04-18 17:00:00
H00324,OPP0081,Closed Won,141300.0,2025-04-30 18:00:00
H00325,OPP0082,Prospecting,130600.0,2025-12-26 13:00:00
H00326,OPP0082,Closed Lost,110500.0,2026-02-07 12:00:00
H00327,OPP0083,Prospecting,26700.0,2025-07-13 18:00:00
H00328,OPP0083,Closed Lost,29400.0,2025-08-04 10:00:00
H00329,OPP0084,Prospecting,13400.0,2026-01-05 10:00:00
H00330,OPP0084,Closed Lost,16600.0,2026-02-04 09:00:00
H00331,OPP0085,Prospecting,227100.0,2025-09-27 12:00:00
H00332,OPP0085,RFP Received,227100.0,2025-10-07 11:00:00
H00333,OPP0085,Proposal Sent,227100.0,2025-10-17 17:00:00
H00334,OPP0085,Closed Lost,271800.0,2025-10-28 14:00:00
H00335,OPP0086,Prospecting,290000.0,2026-08-12 18:00:00
H00336,OPP0086,RFP Received,290000.0,2026-08-31 10:00:00
H00337,OPP0086,Proposal Sent,290000.0,2026-09-20 16:00:00
H00338,OPP0087,Prospecting,77400.0,2026-04-29 12:00:00
H00339,OPP0087,RFP Received,77400.0,2026-05-05 15:00:00
H00340,OPP0087,Proposal Sent,77400.0,2026-05-12 14:00:00
H00341,OPP0087,Negotiation,77400.0,2026-05-19 13:00:00
H00342,OPP0087,Closed Won,85900.0,2026-05-26 10:00:00
H00343,OPP0088,Prospecting,27200.0,2025-12-10 15:00:00
H00344,OPP0088,RFP Received,27200.0,2025-12-23 16:00:00
H00345,OPP0088,Proposal Sent,27200.0,2026-01-05 09:00:00
H00346,OPP0088,Negotiation,27200.0,2026-01-18 11:00:00
H00347,OPP0088,Closed Won,21900.0,2026-01-31 13:00:00
H00348,OPP0089,Prospecting,78700.0,2026-08-18 15:00:00
H00349,OPP0089,RFP Received,78700.0,2026-08-29 11:00:00
H00350,OPP0089,Proposal Sent,78700.0,2026-09-09 12:00:00
H00351,OPP0089,Negotiation,78700.0,2026-09-20 13:00:00
H00352,OPP0090,Prospecting,179000.0,2026-09-09 09:00:00
H00353,OPP0091,Prospecting,86600.0,2025-06-28 11:00:00
H00354,OPP0091,RFP Received,86600.0,2025-07-13 10:00:00
H00355,OPP0091,Proposal Sent,86600.0,2025-07-29 09:00:00
H00356,OPP0091,Negotiation,86600.0,2025-08-13 09:00:00
H00357,OPP0091,Closed Won,74500.0,2025-08-29 12:00:00
H00358,OPP0092,Prospecting,316300.0,2025-07-22 09:00:00
H00359,OPP0092,RFP Received,316300.0,2025-08-02 11:00:00
H00360,OPP0092,Proposal Sent,316300.0,2025-08-13 18:00:00
H00361,OPP0092,Negotiation,316300.0,2025-08-24 15:00:00
H00362,OPP0092,Closed Won,258400.0,2025-09-05 15:00:00
H00363,OPP0093,Prospecting,63900.0,2025-01-20 15:00:00
H00364,OPP0093,RFP Received,63900.0,2025-02-11 13:00:00
H00365,OPP0093,Proposal Sent,63900.0,2025-03-05 11:00:00
H00366,OPP0093,Negotiation,63900.0,2025-03-27 09:00:00
H00367,OPP0093,Closed Won,62300.0,2025-04-19 14:00:00
H00368,OPP0094,Prospecting,41600.0,2025-09-11 11:00:00
H00369,OPP0094,Closed Lost,48000.0,2025-10-07 10:00:00
H00370,OPP0095,Prospecting,115500.0,2025-03-16 15:00:00
H00371,OPP0095,RFP Received,115500.0,2025-03-23 16:00:00
H00372,OPP0095,Proposal Sent,115500.0,2025-03-30 14:00:00
H00373,OPP0095,Negotiation,115500.0,2025-04-06 11:00:00
H00374,OPP0095,Closed Won,93200.0,2025-04-14 17:00:00
H00375,OPP0096,Prospecting,112100.0,2026-04-03 09:00:00
H00376,OPP0096,RFP Received,112100.0,2026-04-13 15:00:00
H00377,OPP0096,Proposal Sent,112100.0,2026-04-23 16:00:00
H00378,OPP0096,Negotiation,112100.0,2026-05-03 15:00:00
H00379,OPP0096,Closed Won,99700.0,2026-05-14 11:00:00
H00380,OPP0097,Prospecting,174700.0,2026-01-20 16:00:00
H00381,OPP0097,RFP Received,174700.0,2026-01-28 09:00:00
H00382,OPP0097,Proposal Sent,174700.0,2026-02-05 15:00:00
H00383,OPP0097,Negotiation,174700.0,2026-02-13 11:00:00
H00384,OPP0097,Closed Won,140500.0,2026-02-21 18:00:00
H00385,OPP0098,Prospecting,195200.0,2025-10-29 10:00:00
H00386,OPP0098,RFP Received,195200.0,2025-11-10 13:00:00
H00387,OPP0098,Proposal Sent,195200.0,2025-11-23 15:00:00
H00388,OPP0098,Negotiation,195200.0,2025-12-06 16:00:00
H00389,OPP0098,Closed Won,192700.0,2025-12-19 16:00:00
H00390,OPP0099,Prospecting,162300.0,2026-08-27 16:00:00
H00391,OPP0099,RFP Received,162300.0,2026-09-08 18:00:00
H00392,OPP0099,Proposal Sent,162300.0,2026-09-20 12:00:00
H00393,OPP0100,Prospecting,140100.0,2025-09-22 09:00:00
H00394,OPP0100,RFP Received,140100.0,2025-10-02 18:00:00
H00395,OPP0100,Proposal Sent,140100.0,2025-10-12 18:00:00
H00396,OPP0100,Negotiation,140100.0,2025-10-22 17:00:00
H00397,OPP0100,Closed Lost,115500.0,2025-11-02 15:00:00
H00398,OPP0101,Prospecting,97900.0,2026-02-25 18:00:00
H00399,OPP0101,RFP Received,97900.0,2026-03-02 18:00:00
H00400,OPP0101,Proposal Sent,97900.0,2026-03-07 15:00:00
H00401,OPP0101,Negotiation,97900.0,2026-03-12 09:00:00
H00402,OPP0101,Closed Won,99800.0,2026-03-17 15:00:00
H00403,OPP0102,Prospecting,92300.0,2025-10-03 14:00:00
H00404,OPP0102,RFP Received,92300.0,2025-10-17 09:00:00
H00405,OPP0102,Proposal Sent,92300.0,2025-10-31 17:00:00
H00406,OPP0102,Negotiation,92300.0,2025-11-14 11:00:00
H00407,OPP0102,Closed Lost,80800.0,2025-11-29 10:00:00
H00408,OPP0103,Prospecting,82600.0,2025-07-01 15:00:00
H00409,OPP0103,RFP Received,82600.0,2025-07-10 09:00:00
H00410,OPP0103,Proposal Sent,82600.0,2025-07-20 11:00:00
H00411,OPP0103,Negotiation,82600.0,2025-07-30 18:00:00
H00412,OPP0103,Closed Won,89000.0,2025-08-09 12:00:00
H00413,OPP0104,Prospecting,223400.0,2026-08-05 14:00:00
H00414,OPP0104,Closed Lost,278100.0,2026-09-12 17:00:00
H00415,OPP0105,Prospecting,154400.0,2025-10-17 13:00:00
H00416,OPP0105,RFP Received,154400.0,2025-10-29 13:00:00
H00417,OPP0105,Proposal Sent,154400.0,2025-11-10 12:00:00
H00418,OPP0105,Negotiation,154400.0,2025-11-22 11:00:00
H00419,OPP0105,Closed Won,130000.0,2025-12-05 17:00:00
H00420,OPP0106,Prospecting,248500.0,2026-05-25 12:00:00
H00421,OPP0106,RFP Received,248500.0,2026-06-13 17:00:00
H00422,OPP0106,Proposal Sent,248500.0,2026-07-02 16:00:00
H00423,OPP0106,Closed Lost,220500.0,2026-07-21 14:00:00
H00424,OPP0107,Prospecting,59600.0,2025-03-14 12:00:00
H00425,OPP0107,RFP Received,59600.0,2025-04-11 14:00:00
H00426,OPP0107,Closed Lost,69200.0,2025-05-10 15:00:00
H00427,OPP0108,Prospecting,65800.0,2025-05-27 13:00:00
H00428,OPP0108,Closed Lost,82000.0,2025-08-01 12:00:00
H00429,OPP0109,Prospecting,115800.0,2026-08-14 15:00:00
H00430,OPP0109,RFP Received,115800.0,2026-08-22 09:00:00
H00431,OPP0109,Proposal Sent,115800.0,2026-08-30 09:00:00
H00432,OPP0109,Negotiation,115800.0,2026-09-07 17:00:00
H00433,OPP0109,Closed Won,93800.0,2026-09-15 12:00:00
H00434,OPP0110,Prospecting,253100.0,2025-11-02 12:00:00
H00435,OPP0110,RFP Received,253100.0,2025-11-12 11:00:00
H00436,OPP0110,Proposal Sent,253100.0,2025-11-22 15:00:00
H00437,OPP0110,Negotiation,253100.0,2025-12-02 09:00:00
H00438,OPP0110,Closed Won,263200.0,2025-12-13 12:00:00
H00439,OPP0111,Prospecting,69700.0,2025-04-21 11:00:00
H00440,OPP0111,RFP Received,69700.0,2025-05-01 12:00:00
H00441,OPP0111,Proposal Sent,69700.0,2025-05-11 09:00:00
H00442,OPP0111,Negotiation,69700.0,2025-05-21 13:00:00
H00443,OPP0111,Closed Won,68800.0,2025-06-01 15:00:00
H00444,OPP0112,Prospecting,65400.0,2025-07-26 09:00:00
H00445,OPP0112,RFP Received,65400.0,2025-08-06 09:00:00
H00446,OPP0112,Proposal Sent,65400.0,2025-08-18 10:00:00
H00447,OPP0112,Negotiation,65400.0,2025-08-30 10:00:00
H00448,OPP0112,Closed Lost,68900.0,2025-09-11 18:00:00
H00449,OPP0113,Prospecting,304000.0,2026-03-13 13:00:00
H00450,OPP0113,RFP Received,304000.0,2026-03-23 10:00:00
H00451,OPP0113,Proposal Sent,304000.0,2026-04-02 14:00:00
H00452,OPP0113,Negotiation,304000.0,2026-04-12 14:00:00
H00453,OPP0113,Closed Lost,247200.0,2026-04-22 11:00:00
H00454,OPP0114,Prospecting,118700.0,2026-09-07 10:00:00
H00455,OPP0114,RFP Received,118700.0,2026-09-20 13:00:00
H00456,OPP0115,Prospecting,50400.0,2026-06-22 18:00:00
H00457,OPP0115,RFP Received,50400.0,2026-06-29 10:00:00
H00458,OPP0115,Proposal Sent,50400.0,2026-07-07 15:00:00
H00459,OPP0115,Negotiation,50400.0,2026-07-15 12:00:00
H00460,OPP0115,Closed Won,45400.0,2026-07-23 16:00:00
H00461,OPP0116,Prospecting,291500.0,2025-03-22 15:00:00
H00462,OPP0116,Closed Lost,344500.0,2025-04-17 09:00:00
H00463,OPP0117,Prospecting,64900.0,2025-04-04 14:00:00
H00464,OPP0117,RFP Received,64900.0,2025-05-07 17:00:00
H00465,OPP0117,Closed Lost,55000.0,2025-06-10 18:00:00
H00466,OPP0118,Prospecting,90500.0,2026-04-09 09:00:00
H00467,OPP0118,RFP Received,90500.0,2026-04-23 11:00:00
H00468,OPP0118,Proposal Sent,90500.0,2026-05-08 16:00:00
H00469,OPP0118,Closed Lost,81100.0,2026-05-23 11:00:00
H00470,OPP0119,Prospecting,61000.0,2025-05-18 11:00:00
H00471,OPP0119,RFP Received,61000.0,2025-06-11 11:00:00
H00472,OPP0119,Closed Lost,54900.0,2025-07-05 10:00:00
H00473,OPP0120,Prospecting,93000.0,2026-06-01 17:00:00
H00474,OPP0120,RFP Received,93000.0,2026-06-19 13:00:00
H00475,OPP0120,Closed Lost,94300.0,2026-07-07 17:00:00
H00476,OPP0121,Prospecting,289500.0,2026-07-21 11:00:00
H00477,OPP0121,RFP Received,289500.0,2026-08-20 11:00:00
H00478,OPP0121,Proposal Sent,289500.0,2026-09-20 17:00:00
H00479,OPP0122,Prospecting,185400.0,2026-04-09 13:00:00
H00480,OPP0122,RFP Received,185400.0,2026-05-12 09:00:00
H00481,OPP0122,Closed Lost,180000.0,2026-06-14 15:00:00
H00482,OPP0123,Prospecting,151000.0,2026-07-20 17:00:00
H00483,OPP0123,RFP Received,151000.0,2026-07-27 18:00:00
H00484,OPP0123,Proposal Sent,151000.0,2026-08-03 12:00:00
H00485,OPP0123,Closed Lost,132500.0,2026-08-11 12:00:00
H00486,OPP0124,Prospecting,61900.0,2026-01-02 15:00:00
H00487,OPP0124,RFP Received,61900.0,2026-01-07 10:00:00
H00488,OPP0124,Proposal Sent,61900.0,2026-01-13 14:00:00
H00489,OPP0124,Negotiation,61900.0,2026-01-18 12:00:00
H00490,OPP0124,Closed Lost,59300.0,2026-01-24 12:00:00
H00491,OPP0125,Prospecting,296700.0,2026-06-05 11:00:00
H00492,OPP0125,RFP Received,296700.0,2026-06-14 17:00:00
H00493,OPP0125,Proposal Sent,296700.0,2026-06-23 17:00:00
H00494,OPP0125,Negotiation,296700.0,2026-07-02 09:00:00
H00495,OPP0125,Closed Won,241900.0,2026-07-12 10:00:00
H00496,OPP0126,Prospecting,44700.0,2025-09-15 10:00:00
H00497,OPP0126,RFP Received,44700.0,2025-10-03 17:00:00
H00498,OPP0126,Proposal Sent,44700.0,2025-10-22 09:00:00
H00499,OPP0126,Closed Lost,55400.0,2025-11-10 18:00:00
H00500,OPP0127,Prospecting,32900.0,2026-02-05 09:00:00
H00501,OPP0127,RFP Received,32900.0,2026-03-08 18:00:00
H00502,OPP0127,Closed Lost,38500.0,2026-04-08 18:00:00
H00503,OPP0128,Prospecting,274500.0,2025-11-09 18:00:00
H00504,OPP0128,RFP Received,274500.0,2025-11-19 13:00:00
H00505,OPP0128,Closed Lost,311000.0,2025-11-30 12:00:00
H00506,OPP0129,Prospecting,141500.0,2025-09-06 12:00:00
H00507,OPP0129,RFP Received,141500.0,2025-09-27 10:00:00
H00508,OPP0129,Closed Lost,128400.0,2025-10-18 13:00:00
H00509,OPP0130,Prospecting,82100.0,2025-11-22 15:00:00
H00510,OPP0130,RFP Received,82100.0,2025-12-13 11:00:00
H00511,OPP0130,Proposal Sent,82100.0,2026-01-03 09:00:00
H00512,OPP0130,Closed Lost,70600.0,2026-01-25 14:00:00
H00513,OPP0131,Prospecting,219200.0,2026-09-01 09:00:00
H00514,OPP0131,RFP Received,219200.0,2026-09-20 17:00:00
H00515,OPP0132,Prospecting,86300.0,2026-08-16 17:00:00
H00516,OPP0132,RFP Received,86300.0,2026-08-27 16:00:00
H00517,OPP0132,Proposal Sent,86300.0,2026-09-08 11:00:00
H00518,OPP0132,Negotiation,86300.0,2026-09-20 14:00:00
H00519,OPP0133,Prospecting,52500.0,2026-08-15 17:00:00
H00520,OPP0133,RFP Received,52500.0,2026-08-26 13:00:00
H00521,OPP0133,Proposal Sent,52500.0,2026-09-07 13:00:00
H00522,OPP0133,Closed Lost,62000.0,2026-09-19 18:00:00
H00523,OPP0134,Prospecting,242200.0,2025-08-19 11:00:00
H00524,OPP0134,RFP Received,242200.0,2025-08-30 17:00:00
H00525,OPP0134,Closed Lost,264400.0,2025-09-10 15:00:00
H00526,OPP0135,Prospecting,70600.0,2025-01-20 18:00:00
H00527,OPP0135,RFP Received,70600.0,2025-02-11 11:00:00
H00528,OPP0135,Proposal Sent,70600.0,2025-03-05 18:00:00
H00529,OPP0135,Negotiation,70600.0,2025-03-27 17:00:00
H00530,OPP0135,Closed Lost,66000.0,2025-04-18 13:00:00
H00531,OPP0136,Prospecting,218800.0,2026-06-29 09:00:00
H00532,OPP0136,RFP Received,218800.0,2026-08-09 15:00:00
H00533,OPP0136,Proposal Sent,218800.0,2026-09-20 17:00:00
H00534,OPP0137,Prospecting,238100.0,2026-08-08 14:00:00
H00535,OPP0137,RFP Received,238100.0,2026-08-22 15:00:00
H00536,OPP0137,Proposal Sent,238100.0,2026-09-05 14:00:00
H00537,OPP0137,Negotiation,238100.0,2026-09-20 10:00:00
H00538,OPP0138,Prospecting,67200.0,2026-07-27 16:00:00
H00539,OPP0138,RFP Received,67200.0,2026-08-07 11:00:00
H00540,OPP0138,Proposal Sent,67200.0,2026-08-18 10:00:00
H00541,OPP0138,Negotiation,67200.0,2026-08-29 12:00:00
H00542,OPP0138,Closed Won,59100.0,2026-09-10 17:00:00
H00543,OPP0139,Prospecting,38200.0,2026-09-04 09:00:00
H00544,OPP0139,RFP Received,38200.0,2026-09-20 18:00:00
H00545,OPP0140,Prospecting,51800.0,2025-06-23 14:00:00
H00546,OPP0140,RFP Received,51800.0,2025-07-08 15:00:00
H00547,OPP0140,Proposal Sent,51800.0,2025-07-24 15:00:00
H00548,OPP0140,Negotiation,51800.0,2025-08-08 18:00:00
H00549,OPP0140,Closed Won,45000.0,2025-08-24 12:00:00
H00550,OPP0141,Prospecting,319200.0,2026-04-17 17:00:00
H00551,OPP0141,RFP Received,319200.0,2026-04-29 17:00:00
H00552,OPP0141,Proposal Sent,319200.0,2026-05-11 09:00:00
H00553,OPP0141,Negotiation,319200.0,2026-05-23 13:00:00
H00554,OPP0141,Closed Lost,259500.0,2026-06-05 12:00:00
H00555,OPP0142,Prospecting,125000.0,2026-05-20 17:00:00
H00556,OPP0142,RFP Received,125000.0,2026-05-28 13:00:00
H00557,OPP0142,Proposal Sent,125000.0,2026-06-05 15:00:00
H00558,OPP0142,Negotiation,125000.0,2026-06-13 12:00:00
H00559,OPP0142,Closed Lost,141700.0,2026-06-22 18:00:00
H00560,OPP0143,Prospecting,309900.0,2026-02-08 10:00:00
H00561,OPP0143,RFP Received,309900.0,2026-03-10 14:00:00
H00562,OPP0143,Closed Lost,319200.0,2026-04-10 14:00:00
H00563,OPP0144,Prospecting,72900.0,2025-07-11 12:00:00
H00564,OPP0144,RFP Received,72900.0,2025-07-20 15:00:00
H00565,OPP0144,Proposal Sent,72900.0,2025-07-30 14:00:00
H00566,OPP0144,Negotiation,72900.0,2025-08-08 14:00:00
H00567,OPP0144,Closed Won,71200.0,2025-08-18 15:00:00
H00568,OPP0145,Prospecting,28300.0,2026-06-14 11:00:00
H00569,OPP0145,RFP Received,28300.0,2026-06-22 09:00:00
H00570,OPP0145,Proposal Sent,28300.0,2026-07-01 12:00:00
H00571,OPP0145,Negotiation,28300.0,2026-07-09 13:00:00
H00572,OPP0145,Closed Lost,33500.0,2026-07-18 16:00:00
H00573,OPP0146,Prospecting,90400.0,2026-08-13 16:00:00
H00574,OPP0146,RFP Received,90400.0,2026-09-01 10:00:00
H00575,OPP0146,Proposal Sent,90400.0,2026-09-20 15:00:00
H00576,OPP0147,Prospecting,241400.0,2026-09-01 12:00:00
H00577,OPP0147,RFP Received,241400.0,2026-09-20 13:00:00
H00578,OPP0148,Prospecting,189900.0,2025-09-07 17:00:00
H00579,OPP0148,RFP Received,189900.0,2025-09-19 11:00:00
H00580,OPP0148,Proposal Sent,189900.0,2025-10-01 18:00:00
H00581,OPP0148,Negotiation,189900.0,2025-10-13 18:00:00
H00582,OPP0148,Closed Won,220600.0,2025-10-26 16:00:00
H00583,OPP0149,Prospecting,65500.0,2026-01-23 10:00:00
H00584,OPP0149,RFP Received,65500.0,2026-02-02 11:00:00
H00585,OPP0149,Proposal Sent,65500.0,2026-02-12 11:00:00
H00586,OPP0149,Closed Lost,66400.0,2026-02-23 13:00:00
H00587,OPP0150,Prospecting,385000.0,2025-08-23 10:00:00
H00588,OPP0150,RFP Received,385000.0,2025-09-04 17:00:00
H00589,OPP0150,Proposal Sent,385000.0,2025-09-16 16:00:00
H00590,OPP0150,Closed Lost,335100.0,2025-09-28 11:00:00
H00591,OPP0151,Prospecting,40900.0,2025-07-23 09:00:00
H00592,OPP0151,RFP Received,40900.0,2025-08-06 17:00:00
H00593,OPP0151,Closed Lost,37800.0,2025-08-21 17:00:00
H00594,OPP0152,Prospecting,181800.0,2025-09-24 12:00:00
H00595,OPP0152,RFP Received,181800.0,2025-10-05 09:00:00
H00596,OPP0152,Proposal Sent,181800.0,2025-10-16 09:00:00
H00597,OPP0152,Negotiation,181800.0,2025-10-27 18:00:00
H00598,OPP0152,Closed Won,185900.0,2025-11-08 16:00:00
H00599,OPP0153,Prospecting,271600.0,2025-07-11 16:00:00
H00600,OPP0153,RFP Received,271600.0,2025-07-15 09:00:00
H00601,OPP0153,Proposal Sent,271600.0,2025-07-19 17:00:00
H00602,OPP0153,Negotiation,271600.0,2025-07-23 15:00:00
H00603,OPP0153,Closed Won,260200.0,2025-07-27 11:00:00
H00604,OPP0154,Prospecting,133800.0,2026-02-24 16:00:00
H00605,OPP0154,Closed Lost,150200.0,2026-04-11 12:00:00
H00606,OPP0155,Prospecting,261800.0,2026-09-01 10:00:00
H00607,OPP0156,Prospecting,76700.0,2026-08-17 12:00:00
H00608,OPP0156,RFP Received,76700.0,2026-09-20 17:00:00
H00609,OPP0157,Prospecting,170400.0,2025-08-15 15:00:00
H00610,OPP0157,RFP Received,170400.0,2025-08-25 10:00:00
H00611,OPP0157,Proposal Sent,170400.0,2025-09-04 11:00:00
H00612,OPP0157,Negotiation,170400.0,2025-09-14 11:00:00
H00613,OPP0157,Closed Won,152700.0,2025-09-24 17:00:00
H00614,OPP0158,Prospecting,301500.0,2026-07-01 16:00:00
H00615,OPP0158,RFP Received,301500.0,2026-07-23 14:00:00
H00616,OPP0158,Closed Lost,357900.0,2026-08-15 11:00:00
H00617,OPP0159,Prospecting,316000.0,2026-09-10 10:00:00
H00618,OPP0160,Prospecting,71500.0,2025-02-08 10:00:00
H00619,OPP0160,RFP Received,71500.0,2025-02-24 12:00:00
H00620,OPP0160,Proposal Sent,71500.0,2025-03-12 18:00:00
H00621,OPP0160,Negotiation,71500.0,2025-03-28 09:00:00
H00622,OPP0160,Closed Won,72400.0,2025-04-14 15:00:00
H00623,OPP0161,Prospecting,42300.0,2026-04-02 16:00:00
H00624,OPP0161,RFP Received,42300.0,2026-04-11 18:00:00
H00625,OPP0161,Proposal Sent,42300.0,2026-04-20 09:00:00
H00626,OPP0161,Negotiation,42300.0,2026-04-29 17:00:00
H00627,OPP0161,Closed Won,44500.0,2026-05-09 15:00:00
H00628,OPP0162,Prospecting,145900.0,2025-08-09 10:00:00
H00629,OPP0162,RFP Received,145900.0,2025-08-25 10:00:00
H00630,OPP0162,Proposal Sent,145900.0,2025-09-11 09:00:00
H00631,OPP0162,Closed Lost,167700.0,2025-09-28 12:00:00
H00632,OPP0163,Prospecting,272500.0,2025-01-09 15:00:00
H00633,OPP0163,RFP Received,272500.0,2025-02-03 12:00:00
H00634,OPP0163,Proposal Sent,272500.0,2025-02-28 15:00:00
H00635,OPP0163,Closed Lost,228900.0,2025-03-26 17:00:00
H00636,OPP0164,Prospecting,113600.0,2025-02-10 14:00:00
H00637,OPP0164,RFP Received,113600.0,2025-02-22 13:00:00
H00638,OPP0164,Proposal Sent,113600.0,2025-03-06 12:00:00
H00639,OPP0164,Negotiation,113600.0,2025-03-18 17:00:00
H00640,OPP0164,Closed Won,102500.0,2025-03-30 13:00:00
H00641,OPP0165,Prospecting,40400.0,2026-03-04 11:00:00
H00642,OPP0165,RFP Received,40400.0,2026-03-21 18:00:00
H00643,OPP0165,Closed Lost,45200.0,2026-04-07 17:00:00
H00644,OPP0166,Prospecting,105200.0,2025-05-22 17:00:00
H00645,OPP0166,RFP Received,105200.0,2025-06-16 17:00:00
H00646,OPP0166,Closed Lost,111600.0,2025-07-12 10:00:00
H00647,OPP0167,Prospecting,142700.0,2025-01-31 11:00:00
H00648,OPP0167,RFP Received,142700.0,2025-02-09 09:00:00
H00649,OPP0167,Closed Lost,168300.0,2025-02-18 18:00:00
H00650,OPP0168,Prospecting,178900.0,2026-08-04 16:00:00
H00651,OPP0168,RFP Received,178900.0,2026-09-20 11:00:00
H00652,OPP0169,Prospecting,60300.0,2026-04-26 09:00:00
H00653,OPP0169,RFP Received,60300.0,2026-05-13 13:00:00
H00654,OPP0169,Proposal Sent,60300.0,2026-05-31 15:00:00
H00655,OPP0169,Negotiation,60300.0,2026-06-18 12:00:00
H00656,OPP0169,Closed Won,61300.0,2026-07-06 12:00:00
H00657,OPP0170,Prospecting,112500.0,2025-09-10 16:00:00
H00658,OPP0170,Closed Lost,108800.0,2025-10-10 16:00:00
H00659,OPP0171,Prospecting,215700.0,2025-09-09 16:00:00
H00660,OPP0171,RFP Received,215700.0,2025-09-21 15:00:00
H00661,OPP0171,Proposal Sent,215700.0,2025-10-04 13:00:00
H00662,OPP0171,Negotiation,215700.0,2025-10-16 13:00:00
H00663,OPP0171,Closed Won,243600.0,2025-10-29 16:00:00
H00664,OPP0172,Prospecting,61700.0,2026-02-28 11:00:00
H00665,OPP0172,Closed Lost,67600.0,2026-04-18 10:00:00
H00666,OPP0173,Prospecting,129500.0,2026-08-14 13:00:00
H00667,OPP0173,RFP Received,129500.0,2026-09-01 16:00:00
H00668,OPP0173,Proposal Sent,129500.0,2026-09-20 13:00:00
H00669,OPP0174,Prospecting,127100.0,2026-09-10 13:00:00
H00670,OPP0175,Prospecting,79300.0,2025-08-01 18:00:00
H00671,OPP0175,RFP Received,79300.0,2025-08-13 13:00:00
H00672,OPP0175,Proposal Sent,79300.0,2025-08-25 14:00:00
H00673,OPP0175,Negotiation,79300.0,2025-09-06 10:00:00
H00674,OPP0175,Closed Won,72100.0,2025-09-19 09:00:00
H00675,OPP0176,Prospecting,54300.0,2025-02-06 10:00:00
H00676,OPP0176,RFP Received,54300.0,2025-02-15 13:00:00
H00677,OPP0176,Proposal Sent,54300.0,2025-02-25 14:00:00
H00678,OPP0176,Closed Lost,53700.0,2025-03-07 17:00:00
H00679,OPP0177,Prospecting,80500.0,2026-05-20 12:00:00
H00680,OPP0177,RFP Received,80500.0,2026-05-24 18:00:00
H00681,OPP0177,Proposal Sent,80500.0,2026-05-29 15:00:00
H00682,OPP0177,Negotiation,80500.0,2026-06-03 15:00:00
H00683,OPP0177,Closed Won,71100.0,2026-06-08 09:00:00
H00684,OPP0178,Prospecting,127800.0,2026-04-17 09:00:00
H00685,OPP0178,RFP Received,127800.0,2026-04-28 12:00:00
H00686,OPP0178,Proposal Sent,127800.0,2026-05-09 18:00:00
H00687,OPP0178,Closed Lost,121700.0,2026-05-20 14:00:00
H00688,OPP0179,Prospecting,508200.0,2026-07-31 16:00:00
H00689,OPP0179,RFP Received,508200.0,2026-08-17 17:00:00
H00690,OPP0179,Proposal Sent,508200.0,2026-09-03 11:00:00
H00691,OPP0179,Negotiation,508200.0,2026-09-20 12:00:00
H00692,OPP0180,Prospecting,222100.0,2026-07-03 10:00:00
H00693,OPP0180,RFP Received,222100.0,2026-07-12 13:00:00
H00694,OPP0180,Proposal Sent,222100.0,2026-07-22 11:00:00
H00695,OPP0180,Negotiation,222100.0,2026-07-31 11:00:00
H00696,OPP0180,Closed Won,193500.0,2026-08-10 13:00:00
H00697,OPP0181,Prospecting,82200.0,2025-05-25 16:00:00
H00698,OPP0181,Closed Lost,95800.0,2025-09-09 09:00:00
H00699,OPP0182,Prospecting,323700.0,2025-09-27 10:00:00
H00700,OPP0182,RFP Received,323700.0,2025-10-04 16:00:00
H00701,OPP0182,Proposal Sent,323700.0,2025-10-12 10:00:00
H00702,OPP0182,Negotiation,323700.0,2025-10-20 16:00:00
H00703,OPP0182,Closed Lost,306700.0,2025-10-28 13:00:00
H00704,OPP0183,Prospecting,114400.0,2026-08-12 10:00:00
H00705,OPP0183,RFP Received,114400.0,2026-08-25 13:00:00
H00706,OPP0183,Proposal Sent,114400.0,2026-09-07 17:00:00
H00707,OPP0183,Negotiation,114400.0,2026-09-20 16:00:00
H00708,OPP0184,Prospecting,64400.0,2025-11-30 18:00:00
H00709,OPP0184,RFP Received,64400.0,2025-12-07 15:00:00
H00710,OPP0184,Proposal Sent,64400.0,2025-12-15 14:00:00
H00711,OPP0184,Negotiation,64400.0,2025-12-23 16:00:00
H00712,OPP0184,Closed Won,58100.0,2025-12-31 09:00:00
H00713,OPP0185,Prospecting,125100.0,2025-07-20 18:00:00
H00714,OPP0185,RFP Received,125100.0,2025-08-03 09:00:00
H00715,OPP0185,Proposal Sent,125100.0,2025-08-17 18:00:00
H00716,OPP0185,Closed Lost,100400.0,2025-09-01 17:00:00
H00717,OPP0186,Prospecting,238300.0,2026-03-04 11:00:00
H00718,OPP0186,RFP Received,238300.0,2026-03-14 10:00:00
H00719,OPP0186,Proposal Sent,238300.0,2026-03-25 11:00:00
H00720,OPP0186,Negotiation,238300.0,2026-04-04 15:00:00
H00721,OPP0186,Closed Won,217400.0,2026-04-15 16:00:00
H00722,OPP0187,Prospecting,180500.0,2026-08-17 17:00:00
H00723,OPP0187,RFP Received,180500.0,2026-09-03 16:00:00
H00724,OPP0187,Proposal Sent,180500.0,2026-09-20 18:00:00
H00725,OPP0188,Prospecting,95200.0,2025-03-26 13:00:00
H00726,OPP0188,RFP Received,95200.0,2025-04-04 09:00:00
H00727,OPP0188,Proposal Sent,95200.0,2025-04-13 10:00:00
H00728,OPP0188,Negotiation,95200.0,2025-04-22 18:00:00
H00729,OPP0188,Closed Won,103000.0,2025-05-02 11:00:00
H00730,OPP0189,Prospecting,79400.0,2026-07-20 15:00:00
H00731,OPP0189,RFP Received,79400.0,2026-08-08 18:00:00
H00732,OPP0189,Proposal Sent,79400.0,2026-08-27 13:00:00
H00733,OPP0189,Closed Lost,64500.0,2026-09-15 14:00:00
H00734,OPP0190,Prospecting,352500.0,2026-06-22 10:00:00
H00735,OPP0190,RFP Received,352500.0,2026-07-02 09:00:00
H00736,OPP0190,Proposal Sent,352500.0,2026-07-12 18:00:00
H00737,OPP0190,Negotiation,352500.0,2026-07-22 12:00:00
H00738,OPP0190,Closed Won,434800.0,2026-08-01 18:00:00
H00739,OPP0191,Prospecting,93700.0,2026-08-04 10:00:00
H00740,OPP0191,RFP Received,93700.0,2026-08-27 16:00:00
H00741,OPP0191,Proposal Sent,93700.0,2026-09-20 12:00:00
H00742,OPP0192,Prospecting,70800.0,2026-07-08 13:00:00
H00743,OPP0192,RFP Received,70800.0,2026-07-21 15:00:00
H00744,OPP0192,Proposal Sent,70800.0,2026-08-03 09:00:00
H00745,OPP0192,Closed Lost,74500.0,2026-08-17 10:00:00
H00746,OPP0193,Prospecting,126300.0,2026-08-31 16:00:00
H00747,OPP0193,RFP Received,126300.0,2026-09-20 09:00:00
H00748,OPP0194,Prospecting,170900.0,2025-12-12 09:00:00
H00749,OPP0194,RFP Received,170900.0,2026-01-06 11:00:00
H00750,OPP0194,Closed Lost,140500.0,2026-02-01 16:00:00
H00751,OPP0195,Prospecting,200800.0,2025-02-16 10:00:00
H00752,OPP0195,RFP Received,200800.0,2025-03-13 10:00:00
H00753,OPP0195,Closed Lost,170800.0,2025-04-08 10:00:00
H00754,OPP0196,Prospecting,203400.0,2025-08-24 18:00:00
H00755,OPP0196,RFP Received,203400.0,2025-09-30 11:00:00
H00756,OPP0196,Closed Lost,177800.0,2025-11-06 14:00:00
H00757,OPP0197,Prospecting,85900.0,2025-05-25 18:00:00
H00758,OPP0197,Closed Lost,74300.0,2025-07-22 15:00:00
H00759,OPP0198,Prospecting,223800.0,2026-05-14 12:00:00
H00760,OPP0198,RFP Received,223800.0,2026-05-24 11:00:00
H00761,OPP0198,Proposal Sent,223800.0,2026-06-04 13:00:00
H00762,OPP0198,Negotiation,223800.0,2026-06-15 17:00:00
H00763,OPP0198,Closed Lost,201300.0,2026-06-26 16:00:00
H00764,OPP0199,Prospecting,102300.0,2026-04-21 09:00:00
H00765,OPP0199,RFP Received,102300.0,2026-05-21 09:00:00
H00766,OPP0199,Closed Lost,117300.0,2026-06-21 14:00:00
H00767,OPP0200,Prospecting,243500.0,2026-07-06 18:00:00
H00768,OPP0200,RFP Received,243500.0,2026-07-23 18:00:00
H00769,OPP0200,Proposal Sent,243500.0,2026-08-10 14:00:00
H00770,OPP0201,Prospecting,91600.0,2026-04-14 11:00:00
H00771,OPP0201,RFP Received,91600.0,2026-04-24 10:00:00
H00772,OPP0201,Proposal Sent,91600.0,2026-05-04 16:00:00
H00773,OPP0201,Negotiation,91600.0,2026-05-14 16:00:00
H00774,OPP0201,Closed Won,110800.0,2026-05-24 15:00:00
H00775,OPP0202,Prospecting,81700.0,2026-08-15 16:00:00
H00776,OPP0202,RFP Received,81700.0,2026-09-02 13:00:00
H00777,OPP0202,Proposal Sent,81700.0,2026-09-20 09:00:00
H00778,OPP0203,Prospecting,62200.0,2026-02-21 11:00:00
H00779,OPP0203,RFP Received,62200.0,2026-03-02 16:00:00
H00780,OPP0203,Proposal Sent,62200.0,2026-03-12 18:00:00
H00781,OPP0203,Negotiation,62200.0,2026-03-21 18:00:00
H00782,OPP0203,Closed Won,56500.0,2026-03-31 09:00:00
H00783,OPP0204,Prospecting,220100.0,2026-07-10 10:00:00
H00784,OPP0204,RFP Received,220100.0,2026-07-22 15:00:00
H00785,OPP0204,Proposal Sent,220100.0,2026-08-04 14:00:00
H00786,OPP0204,Negotiation,220100.0,2026-08-17 16:00:00
H00787,OPP0204,Closed Won,183500.0,2026-08-30 18:00:00
H00788,OPP0205,Prospecting,302600.0,2026-05-05 15:00:00
H00789,OPP0205,RFP Received,302600.0,2026-05-14 13:00:00
H00790,OPP0205,Proposal Sent,302600.0,2026-05-23 09:00:00
H00791,OPP0205,Negotiation,302600.0,2026-06-01 10:00:00
H00792,OPP0205,Closed Won,294800.0,2026-06-11 14:00:00
H00793,OPP0206,Prospecting,227300.0,2025-09-18 09:00:00
H00794,OPP0206,RFP Received,227300.0,2025-09-23 13:00:00
H00795,OPP0206,Proposal Sent,227300.0,2025-09-29 12:00:00
H00796,OPP0206,Negotiation,227300.0,2025-10-04 10:00:00
H00797,OPP0206,Closed Won,229800.0,2025-10-10 09:00:00
H00798,OPP0207,Prospecting,222400.0,2026-04-14 09:00:00
H00799,OPP0207,RFP Received,222400.0,2026-04-30 11:00:00
H00800,OPP0207,Proposal Sent,222400.0,2026-05-16 14:00:00
H00801,OPP0207,Closed Lost,179800.0,2026-06-01 13:00:00
H00802,OPP0208,Prospecting,79100.0,2025-06-01 16:00:00
H00803,OPP0208,RFP Received,79100.0,2025-06-11 14:00:00
H00804,OPP0208,Proposal Sent,79100.0,2025-06-21 11:00:00
H00805,OPP0208,Negotiation,79100.0,2025-07-01 09:00:00
H00806,OPP0208,Closed Won,69000.0,2025-07-11 17:00:00
H00807,OPP0209,Prospecting,103900.0,2025-06-01 10:00:00
H00808,OPP0209,RFP Received,103900.0,2025-06-15 12:00:00
H00809,OPP0209,Proposal Sent,103900.0,2025-06-29 16:00:00
H00810,OPP0209,Negotiation,103900.0,2025-07-13 15:00:00
H00811,OPP0209,Closed Won,87100.0,2025-07-27 16:00:00
H00812,OPP0210,Prospecting,79000.0,2025-11-06 13:00:00
H00813,OPP0210,RFP Received,79000.0,2025-11-18 16:00:00
H00814,OPP0210,Proposal Sent,79000.0,2025-11-30 10:00:00
H00815,OPP0210,Negotiation,79000.0,2025-12-12 13:00:00
H00816,OPP0210,Closed Won,90900.0,2025-12-24 15:00:00
H00817,OPP0211,Prospecting,59500.0,2025-08-18 13:00:00
H00818,OPP0211,RFP Received,59500.0,2025-08-26 17:00:00
H00819,OPP0211,Proposal Sent,59500.0,2025-09-03 10:00:00
H00820,OPP0211,Negotiation,59500.0,2025-09-11 17:00:00
H00821,OPP0211,Closed Won,72400.0,2025-09-20 12:00:00
H00822,OPP0212,Prospecting,200200.0,2025-10-05 16:00:00
H00823,OPP0212,RFP Received,200200.0,2025-10-11 15:00:00
H00824,OPP0212,Proposal Sent,200200.0,2025-10-17 14:00:00
H00825,OPP0212,Negotiation,200200.0,2025-10-23 11:00:00
H00826,OPP0212,Closed Won,216100.0,2025-10-29 10:00:00
H00827,OPP0213,Prospecting,72800.0,2026-03-04 16:00:00
H00828,OPP0213,RFP Received,72800.0,2026-03-17 18:00:00
H00829,OPP0213,Proposal Sent,72800.0,2026-03-30 17:00:00
H00830,OPP0213,Negotiation,72800.0,2026-04-12 14:00:00
H00831,OPP0213,Closed Won,84400.0,2026-04-26 11:00:00
H00832,OPP0214,Prospecting,149100.0,2025-08-30 12:00:00
H00833,OPP0214,RFP Received,149100.0,2025-09-03 18:00:00
H00834,OPP0214,Proposal Sent,149100.0,2025-09-08 12:00:00
H00835,OPP0214,Negotiation,149100.0,2025-09-12 11:00:00
H00836,OPP0214,Closed Won,122800.0,2025-09-17 14:00:00
H00837,OPP0215,Prospecting,68400.0,2025-06-14 17:00:00
H00838,OPP0215,RFP Received,68400.0,2025-06-27 12:00:00
H00839,OPP0215,Proposal Sent,68400.0,2025-07-11 12:00:00
H00840,OPP0215,Negotiation,68400.0,2025-07-25 13:00:00
H00841,OPP0215,Closed Won,59800.0,2025-08-08 11:00:00
H00842,OPP0216,Prospecting,79600.0,2026-03-31 16:00:00
H00843,OPP0216,RFP Received,79600.0,2026-04-14 14:00:00
H00844,OPP0216,Proposal Sent,79600.0,2026-04-29 11:00:00
H00845,OPP0216,Negotiation,79600.0,2026-05-13 09:00:00
H00846,OPP0216,Closed Won,66200.0,2026-05-28 16:00:00
H00847,OPP0217,Prospecting,156700.0,2025-07-25 15:00:00
H00848,OPP0217,RFP Received,156700.0,2025-08-08 14:00:00
H00849,OPP0217,Proposal Sent,156700.0,2025-08-23 16:00:00
H00850,OPP0217,Negotiation,156700.0,2025-09-06 18:00:00
H00851,OPP0217,Closed Won,146800.0,2025-09-21 15:00:00
H00852,OPP0218,Prospecting,298100.0,2025-07-10 09:00:00
H00853,OPP0218,Closed Lost,242600.0,2025-08-12 15:00:00
H00854,OPP0219,Prospecting,182800.0,2026-01-28 11:00:00
H00855,OPP0219,RFP Received,182800.0,2026-02-05 16:00:00
H00856,OPP0219,Proposal Sent,182800.0,2026-02-13 15:00:00
H00857,OPP0219,Negotiation,182800.0,2026-02-21 11:00:00
H00858,OPP0219,Closed Won,152600.0,2026-03-01 13:00:00
H00859,OPP0220,Prospecting,80000.0,2025-11-25 14:00:00
H00860,OPP0220,RFP Received,80000.0,2025-12-10 15:00:00
H00861,OPP0220,Proposal Sent,80000.0,2025-12-25 10:00:00
H00862,OPP0220,Negotiation,80000.0,2026-01-09 15:00:00
H00863,OPP0220,Closed Won,98500.0,2026-01-24 14:00:00
H00864,OPP0221,Prospecting,160600.0,2026-07-22 14:00:00
H00865,OPP0221,RFP Received,160600.0,2026-08-05 11:00:00
H00866,OPP0221,Proposal Sent,160600.0,2026-08-19 18:00:00
H00867,OPP0221,Negotiation,160600.0,2026-09-02 13:00:00
H00868,OPP0221,Closed Won,137800.0,2026-09-16 14:00:00
H00869,OPP0222,Prospecting,71900.0,2025-11-06 16:00:00
H00870,OPP0222,RFP Received,71900.0,2025-11-17 17:00:00
H00871,OPP0222,Proposal Sent,71900.0,2025-11-28 11:00:00
H00872,OPP0222,Negotiation,71900.0,2025-12-09 09:00:00
H00873,OPP0222,Closed Won,66500.0,2025-12-20 17:00:00
H00874,OPP0223,Prospecting,61800.0,2026-06-19 10:00:00
H00875,OPP0223,RFP Received,61800.0,2026-06-29 12:00:00
H00876,OPP0223,Proposal Sent,61800.0,2026-07-10 15:00:00
H00877,OPP0223,Negotiation,61800.0,2026-07-21 13:00:00
H00878,OPP0223,Closed Won,62800.0,2026-08-01 13:00:00
H00879,OPP0224,Prospecting,139400.0,2026-07-28 11:00:00
H00880,OPP0224,RFP Received,139400.0,2026-08-01 09:00:00
H00881,OPP0224,Proposal Sent,139400.0,2026-08-06 16:00:00
H00882,OPP0224,Negotiation,139400.0,2026-08-10 09:00:00
H00883,OPP0224,Closed Won,127100.0,2026-08-15 09:00:00
H00884,OPP0225,Prospecting,60700.0,2025-08-30 12:00:00
H00885,OPP0225,RFP Received,60700.0,2025-09-19 18:00:00
H00886,OPP0225,Proposal Sent,60700.0,2025-10-10 10:00:00
H00887,OPP0225,Negotiation,60700.0,2025-10-30 14:00:00
H00888,OPP0225,Closed Lost,50700.0,2025-11-20 14:00:00
H00889,OPP0226,Prospecting,122400.0,2025-01-09 11:00:00
H00890,OPP0226,RFP Received,122400.0,2025-01-22 16:00:00
H00891,OPP0226,Proposal Sent,122400.0,2025-02-04 14:00:00
H00892,OPP0226,Negotiation,122400.0,2025-02-17 15:00:00
H00893,OPP0226,Closed Won,103100.0,2025-03-03 09:00:00
H00894,OPP0227,Prospecting,181500.0,2026-08-13 15:00:00
H00895,OPP0227,RFP Received,181500.0,2026-08-25 14:00:00
H00896,OPP0227,Proposal Sent,181500.0,2026-09-07 16:00:00
H00897,OPP0227,Negotiation,181500.0,2026-09-20 16:00:00
H00898,OPP0228,Prospecting,267800.0,2026-08-08 11:00:00
H00899,OPP0228,RFP Received,267800.0,2026-08-28 09:00:00
H00900,OPP0228,Closed Lost,291800.0,2026-09-18 15:00:00
H00901,OPP0229,Prospecting,49000.0,2025-09-24 16:00:00
H00902,OPP0229,RFP Received,49000.0,2025-10-07 16:00:00
H00903,OPP0229,Proposal Sent,49000.0,2025-10-20 10:00:00
H00904,OPP0229,Negotiation,49000.0,2025-11-02 12:00:00
H00905,OPP0229,Closed Won,49200.0,2025-11-15 12:00:00
H00906,OPP0230,Prospecting,372800.0,2025-07-04 14:00:00
H00907,OPP0230,Closed Lost,368700.0,2025-08-03 15:00:00
H00908,OPP0231,Prospecting,163700.0,2026-03-10 17:00:00
H00909,OPP0231,Closed Lost,204000.0,2026-05-05 18:00:00
H00910,OPP0232,Prospecting,93600.0,2026-01-15 17:00:00
H00911,OPP0232,RFP Received,93600.0,2026-01-31 15:00:00
H00912,OPP0232,Closed Lost,111400.0,2026-02-16 11:00:00
H00913,OPP0233,Prospecting,189700.0,2025-02-15 11:00:00
H00914,OPP0233,RFP Received,189700.0,2025-02-27 14:00:00
H00915,OPP0233,Proposal Sent,189700.0,2025-03-11 16:00:00
H00916,OPP0233,Closed Lost,190400.0,2025-03-24 11:00:00
H00917,OPP0234,Prospecting,250400.0,2026-05-26 10:00:00
H00918,OPP0234,RFP Received,250400.0,2026-06-19 14:00:00
H00919,OPP0234,Proposal Sent,250400.0,2026-07-13 11:00:00
H00920,OPP0234,Negotiation,250400.0,2026-08-06 09:00:00
H00921,OPP0234,Closed Won,235000.0,2026-08-31 10:00:00
H00922,OPP0235,Prospecting,180800.0,2025-07-21 13:00:00
H00923,OPP0235,RFP Received,180800.0,2025-07-28 18:00:00
H00924,OPP0235,Proposal Sent,180800.0,2025-08-04 11:00:00
H00925,OPP0235,Negotiation,180800.0,2025-08-11 14:00:00
H00926,OPP0235,Closed Won,155800.0,2025-08-19 10:00:00
H00927,OPP0236,Prospecting,172000.0,2025-08-10 13:00:00
H00928,OPP0236,RFP Received,172000.0,2025-08-27 12:00:00
H00929,OPP0236,Proposal Sent,172000.0,2025-09-13 17:00:00
H00930,OPP0236,Negotiation,172000.0,2025-09-30 15:00:00
H00931,OPP0236,Closed Won,155200.0,2025-10-18 13:00:00
H00932,OPP0237,Prospecting,112100.0,2025-10-11 15:00:00
H00933,OPP0237,RFP Received,112100.0,2025-10-15 18:00:00
H00934,OPP0237,Proposal Sent,112100.0,2025-10-20 16:00:00
H00935,OPP0237,Negotiation,112100.0,2025-10-25 13:00:00
H00936,OPP0237,Closed Won,111300.0,2025-10-30 18:00:00
H00937,OPP0238,Prospecting,165400.0,2026-05-23 15:00:00
H00938,OPP0238,Closed Lost,159400.0,2026-07-22 18:00:00
H00939,OPP0239,Prospecting,382100.0,2025-10-02 13:00:00
H00940,OPP0239,RFP Received,382100.0,2025-10-10 12:00:00
H00941,OPP0239,Proposal Sent,382100.0,2025-10-19 16:00:00
H00942,OPP0239,Negotiation,382100.0,2025-10-28 14:00:00
H00943,OPP0239,Closed Won,472100.0,2025-11-06 16:00:00
H00944,OPP0240,Prospecting,61500.0,2026-01-04 10:00:00
H00945,OPP0240,RFP Received,61500.0,2026-01-18 15:00:00
H00946,OPP0240,Closed Lost,57300.0,2026-02-01 16:00:00
H00947,OPP0241,Prospecting,74700.0,2026-07-25 10:00:00
H00948,OPP0241,RFP Received,74700.0,2026-08-02 14:00:00
H00949,OPP0241,Proposal Sent,74700.0,2026-08-10 15:00:00
H00950,OPP0241,Negotiation,74700.0,2026-08-18 10:00:00
H00951,OPP0241,Closed Won,91700.0,2026-08-26 18:00:00
H00952,OPP0242,Prospecting,571700.0,2026-07-25 10:00:00
H00953,OPP0242,RFP Received,571700.0,2026-08-02 10:00:00
H00954,OPP0242,Proposal Sent,571700.0,2026-08-10 18:00:00
H00955,OPP0242,Negotiation,571700.0,2026-08-18 18:00:00
H00956,OPP0242,Closed Won,463600.0,2026-08-27 10:00:00
H00957,OPP0243,Prospecting,93900.0,2025-05-22 15:00:00
H00958,OPP0243,Closed Lost,98600.0,2025-06-16 11:00:00
H00959,OPP0244,Prospecting,219900.0,2025-02-07 17:00:00
H00960,OPP0244,RFP Received,219900.0,2025-02-20 13:00:00
H00961,OPP0244,Proposal Sent,219900.0,2025-03-05 14:00:00
H00962,OPP0244,Negotiation,219900.0,2025-03-18 14:00:00
H00963,OPP0244,Closed Lost,183500.0,2025-03-31 09:00:00
H00964,OPP0245,Prospecting,95300.0,2026-09-10 14:00:00
H00965,OPP0246,Prospecting,246800.0,2025-08-23 17:00:00
H00966,OPP0246,RFP Received,246800.0,2025-09-10 12:00:00
H00967,OPP0246,Closed Lost,220100.0,2025-09-28 10:00:00
H00968,OPP0247,Prospecting,192600.0,2026-01-05 11:00:00
H00969,OPP0247,RFP Received,192600.0,2026-01-15 16:00:00
H00970,OPP0247,Proposal Sent,192600.0,2026-01-25 12:00:00
H00971,OPP0247,Negotiation,192600.0,2026-02-04 16:00:00
H00972,OPP0247,Closed Won,194300.0,2026-02-15 10:00:00
H00973,OPP0248,Prospecting,39100.0,2026-04-30 18:00:00
H00974,OPP0248,Closed Lost,45800.0,2026-07-10 13:00:00
H00975,OPP0249,Prospecting,260400.0,2025-05-01 13:00:00
H00976,OPP0249,RFP Received,260400.0,2025-05-10 13:00:00
H00977,OPP0249,Proposal Sent,260400.0,2025-05-19 12:00:00
H00978,OPP0249,Negotiation,260400.0,2025-05-28 11:00:00
H00979,OPP0249,Closed Lost,316800.0,2025-06-06 16:00:00
H00980,OPP0250,Prospecting,99500.0,2026-08-03 14:00:00
H00981,OPP0250,RFP Received,99500.0,2026-08-10 10:00:00
H00982,OPP0250,Proposal Sent,99500.0,2026-08-18 18:00:00
H00983,OPP0250,Negotiation,99500.0,2026-08-25 18:00:00
H00984,OPP0250,Closed Lost,114800.0,2026-09-02 15:00:00
H00985,OPP0251,Prospecting,41700.0,2026-07-27 09:00:00
H00986,OPP0251,RFP Received,41700.0,2026-08-06 10:00:00
H00987,OPP0251,Proposal Sent,41700.0,2026-08-17 17:00:00
H00988,OPP0251,Negotiation,41700.0,2026-08-28 11:00:00
H00989,OPP0251,Closed Lost,40600.0,2026-09-08 09:00:00
H00990,OPP0252,Prospecting,139500.0,2025-04-04 15:00:00
H00991,OPP0252,RFP Received,139500.0,2025-04-15 11:00:00
H00992,OPP0252,Proposal Sent,139500.0,2025-04-26 09:00:00
H00993,OPP0252,Negotiation,139500.0,2025-05-07 18:00:00
H00994,OPP0252,Closed Won,160500.0,2025-05-18 14:00:00
H00995,OPP0253,Prospecting,41200.0,2025-10-05 16:00:00
H00996,OPP0253,RFP Received,41200.0,2025-10-12 09:00:00
H00997,OPP0253,Proposal Sent,41200.0,2025-10-20 15:00:00
H00998,OPP0253,Negotiation,41200.0,2025-10-28 12:00:00
H00999,OPP0253,Closed Won,41900.0,2025-11-05 09:00:00
H01000,OPP0254,Prospecting,216300.0,2025-06-21 17:00:00
H01001,OPP0254,RFP Received,216300.0,2025-07-13 13:00:00
H01002,OPP0254,Closed Lost,203400.0,2025-08-04 09:00:00
H01003,OPP0255,Prospecting,340700.0,2025-08-20 14:00:00
H01004,OPP0255,RFP Received,340700.0,2025-08-31 14:00:00
H01005,OPP0255,Proposal Sent,340700.0,2025-09-11 13:00:00
H01006,OPP0255,Negotiation,340700.0,2025-09-22 16:00:00
H01007,OPP0255,Closed Won,276800.0,2025-10-03 13:00:00
H01008,OPP0256,Prospecting,196100.0,2026-05-16 16:00:00
H01009,OPP0256,RFP Received,196100.0,2026-05-25 10:00:00
H01010,OPP0256,Proposal Sent,196100.0,2026-06-03 14:00:00
H01011,OPP0256,Negotiation,196100.0,2026-06-12 15:00:00
H01012,OPP0256,Closed Won,163200.0,2026-06-22 18:00:00
H01013,OPP0257,Prospecting,208500.0,2026-08-06 11:00:00
H01014,OPP0257,RFP Received,208500.0,2026-08-23 10:00:00
H01015,OPP0257,Closed Lost,251400.0,2026-09-10 11:00:00
H01016,OPP0258,Prospecting,198900.0,2025-09-08 09:00:00
H01017,OPP0258,RFP Received,198900.0,2025-09-15 14:00:00
H01018,OPP0258,Proposal Sent,198900.0,2025-09-23 15:00:00
H01019,OPP0258,Negotiation,198900.0,2025-09-30 15:00:00
H01020,OPP0258,Closed Won,182700.0,2025-10-08 13:00:00
H01021,OPP0259,Prospecting,376700.0,2025-03-25 14:00:00
H01022,OPP0259,RFP Received,376700.0,2025-04-06 13:00:00
H01023,OPP0259,Proposal Sent,376700.0,2025-04-19 10:00:00
H01024,OPP0259,Negotiation,376700.0,2025-05-02 10:00:00
H01025,OPP0259,Closed Won,423900.0,2025-05-15 09:00:00
H01026,OPP0260,Prospecting,140900.0,2026-03-26 10:00:00
H01027,OPP0260,RFP Received,140900.0,2026-04-11 11:00:00
H01028,OPP0260,Proposal Sent,140900.0,2026-04-27 09:00:00
H01029,OPP0260,Negotiation,140900.0,2026-05-13 16:00:00
H01030,OPP0260,Closed Won,145300.0,2026-05-30 09:00:00
H01031,OPP0261,Prospecting,379400.0,2026-08-02 15:00:00
H01032,OPP0261,RFP Received,379400.0,2026-08-26 16:00:00
H01033,OPP0261,Proposal Sent,379400.0,2026-09-20 18:00:00
H01034,OPP0262,Prospecting,101600.0,2025-09-01 14:00:00
H01035,OPP0262,RFP Received,101600.0,2025-09-14 12:00:00
H01036,OPP0262,Proposal Sent,101600.0,2025-09-28 16:00:00
H01037,OPP0262,Negotiation,101600.0,2025-10-12 16:00:00
H01038,OPP0262,Closed Won,88100.0,2025-10-26 18:00:00
H01039,OPP0263,Prospecting,131200.0,2025-08-07 13:00:00
H01040,OPP0263,RFP Received,131200.0,2025-08-17 11:00:00
H01041,OPP0263,Proposal Sent,131200.0,2025-08-28 14:00:00
H01042,OPP0263,Negotiation,131200.0,2025-09-08 17:00:00
H01043,OPP0263,Closed Won,146000.0,2025-09-19 12:00:00
H01044,OPP0264,Prospecting,317300.0,2026-04-13 11:00:00
H01045,OPP0264,Closed Lost,371800.0,2026-08-16 12:00:00
H01046,OPP0265,Prospecting,345400.0,2026-08-01 13:00:00
H01047,OPP0265,RFP Received,345400.0,2026-08-12 11:00:00
H01048,OPP0265,Proposal Sent,345400.0,2026-08-24 17:00:00
H01049,OPP0265,Negotiation,345400.0,2026-09-05 18:00:00
H01050,OPP0265,Closed Won,419200.0,2026-09-17 16:00:00
H01051,OPP0266,Prospecting,116200.0,2026-09-06 12:00:00
H01052,OPP0267,Prospecting,116900.0,2026-08-09 09:00:00
H01053,OPP0267,RFP Received,116900.0,2026-08-22 16:00:00
H01054,OPP0267,Proposal Sent,116900.0,2026-09-04 17:00:00
H01055,OPP0267,Closed Lost,129400.0,2026-09-18 18:00:00
H01056,OPP0268,Prospecting,20100.0,2025-10-11 13:00:00
H01057,OPP0268,RFP Received,20100.0,2025-10-29 13:00:00
H01058,OPP0268,Proposal Sent,20100.0,2025-11-17 13:00:00
H01059,OPP0268,Negotiation,20100.0,2025-12-05 12:00:00
H01060,OPP0268,Closed Won,18200.0,2025-12-24 18:00:00
H01061,OPP0269,Prospecting,55200.0,2026-02-12 10:00:00
H01062,OPP0269,RFP Received,55200.0,2026-02-24 14:00:00
H01063,OPP0269,Proposal Sent,55200.0,2026-03-08 12:00:00
H01064,OPP0269,Negotiation,55200.0,2026-03-20 15:00:00
H01065,OPP0269,Closed Lost,57900.0,2026-04-01 15:00:00
H01066,OPP0270,Prospecting,139000.0,2025-08-19 09:00:00
H01067,OPP0270,Closed Lost,131700.0,2025-10-14 11:00:00
H01068,OPP0271,Prospecting,123000.0,2026-08-05 18:00:00
H01069,OPP0271,RFP Received,123000.0,2026-08-13 16:00:00
H01070,OPP0271,Proposal Sent,123000.0,2026-08-22 13:00:00
H01071,OPP0271,Negotiation,123000.0,2026-08-30 10:00:00
H01072,OPP0271,Closed Won,144900.0,2026-09-08 11:00:00
H01073,OPP0272,Prospecting,98800.0,2025-01-12 10:00:00
H01074,OPP0272,RFP Received,98800.0,2025-01-18 15:00:00
H01075,OPP0272,Proposal Sent,98800.0,2025-01-25 12:00:00
H01076,OPP0272,Negotiation,98800.0,2025-01-31 11:00:00
H01077,OPP0272,Closed Won,97300.0,2025-02-07 12:00:00
H01078,OPP0273,Prospecting,234300.0,2026-09-10 10:00:00
H01079,OPP0273,RFP Received,234300.0,2026-09-20 15:00:00
H01080,OPP0274,Prospecting,97700.0,2025-09-03 17:00:00
H01081,OPP0274,RFP Received,97700.0,2025-09-16 10:00:00
H01082,OPP0274,Proposal Sent,97700.0,2025-09-30 14:00:00
H01083,OPP0274,Negotiation,97700.0,2025-10-14 10:00:00
H01084,OPP0274,Closed Lost,78400.0,2025-10-28 10:00:00
H01085,OPP0275,Prospecting,226200.0,2025-10-13 11:00:00
H01086,OPP0275,Closed Lost,204700.0,2025-12-08 16:00:00
H01087,OPP0276,Prospecting,187800.0,2025-02-05 18:00:00
H01088,OPP0276,RFP Received,187800.0,2025-02-23 09:00:00
H01089,OPP0276,Proposal Sent,187800.0,2025-03-13 09:00:00
H01090,OPP0276,Closed Lost,187800.0,2025-03-31 15:00:00
H01091,OPP0277,Prospecting,64000.0,2025-04-09 17:00:00
H01092,OPP0277,RFP Received,64000.0,2025-05-09 15:00:00
H01093,OPP0277,Closed Lost,59200.0,2025-06-09 15:00:00
H01094,OPP0278,Prospecting,145800.0,2025-07-02 12:00:00
H01095,OPP0278,RFP Received,145800.0,2025-07-13 15:00:00
H01096,OPP0278,Proposal Sent,145800.0,2025-07-24 13:00:00
H01097,OPP0278,Closed Lost,177800.0,2025-08-04 18:00:00
H01098,OPP0279,Prospecting,159800.0,2025-09-20 18:00:00
H01099,OPP0279,RFP Received,159800.0,2025-09-26 10:00:00
H01100,OPP0279,Proposal Sent,159800.0,2025-10-03 09:00:00
H01101,OPP0279,Negotiation,159800.0,2025-10-09 11:00:00
H01102,OPP0279,Closed Lost,140100.0,2025-10-16 14:00:00
H01103,OPP0280,Prospecting,188500.0,2025-12-06 15:00:00
H01104,OPP0280,RFP Received,188500.0,2026-01-02 17:00:00
H01105,OPP0280,Closed Lost,175600.0,2026-01-29 14:00:00
H01106,OPP0281,Prospecting,273400.0,2025-03-08 12:00:00
H01107,OPP0281,RFP Received,273400.0,2025-03-23 12:00:00
H01108,OPP0281,Proposal Sent,273400.0,2025-04-08 17:00:00
H01109,OPP0281,Negotiation,273400.0,2025-04-23 10:00:00
H01110,OPP0281,Closed Won,232900.0,2025-05-09 15:00:00
H01111,OPP0282,Prospecting,82200.0,2025-01-21 16:00:00
H01112,OPP0282,RFP Received,82200.0,2025-02-15 13:00:00
H01113,OPP0282,Closed Lost,89800.0,2025-03-12 16:00:00
H01114,OPP0283,Prospecting,623800.0,2025-08-28 13:00:00
H01115,OPP0283,RFP Received,623800.0,2025-09-06 18:00:00
H01116,OPP0283,Proposal Sent,623800.0,2025-09-15 10:00:00
H01117,OPP0283,Closed Lost,641200.0,2025-09-24 15:00:00
H01118,OPP0284,Prospecting,227700.0,2026-08-05 16:00:00
H01119,OPP0284,RFP Received,227700.0,2026-08-24 11:00:00
H01120,OPP0284,Proposal Sent,227700.0,2026-09-13 13:00:00
H01121,OPP0285,Prospecting,38900.0,2026-06-15 10:00:00
H01122,OPP0285,RFP Received,38900.0,2026-07-02 10:00:00
H01123,OPP0285,Proposal Sent,38900.0,2026-07-19 18:00:00
H01124,OPP0285,Closed Lost,34400.0,2026-08-06 14:00:00
H01125,OPP0286,Prospecting,119300.0,2026-03-03 10:00:00
H01126,OPP0286,RFP Received,119300.0,2026-04-07 16:00:00
H01127,OPP0286,Closed Lost,116300.0,2026-05-12 18:00:00
H01128,OPP0287,Prospecting,108100.0,2025-07-25 11:00:00
H01129,OPP0287,Closed Lost,90800.0,2025-09-02 10:00:00
H01130,OPP0288,Prospecting,180800.0,2026-08-23 09:00:00
H01131,OPP0288,RFP Received,180800.0,2026-09-20 10:00:00
H01132,OPP0289,Prospecting,364600.0,2026-01-20 15:00:00
H01133,OPP0289,RFP Received,364600.0,2026-02-06 15:00:00
H01134,OPP0289,Closed Lost,298000.0,2026-02-24 18:00:00
H01135,OPP0290,Prospecting,267900.0,2025-12-05 13:00:00
H01136,OPP0290,Closed Lost,224900.0,2025-12-29 12:00:00
H01137,OPP0291,Prospecting,308300.0,2026-06-12 14:00:00
H01138,OPP0291,RFP Received,308300.0,2026-06-22 16:00:00
H01139,OPP0291,Proposal Sent,308300.0,2026-07-02 12:00:00
H01140,OPP0291,Closed Lost,258400.0,2026-07-13 18:00:00
H01141,OPP0292,Prospecting,168500.0,2025-07-27 13:00:00
H01142,OPP0292,RFP Received,168500.0,2025-08-16 16:00:00
H01143,OPP0292,Proposal Sent,168500.0,2025-09-06 10:00:00
H01144,OPP0292,Closed Lost,187400.0,2025-09-27 11:00:00
H01145,OPP0293,Prospecting,72700.0,2026-01-09 13:00:00
H01146,OPP0293,RFP Received,72700.0,2026-01-12 12:00:00
H01147,OPP0293,Proposal Sent,72700.0,2026-01-15 16:00:00
H01148,OPP0293,Closed Lost,84000.0,2026-01-19 16:00:00
H01149,OPP0294,Prospecting,58500.0,2026-05-22 12:00:00
H01150,OPP0294,RFP Received,58500.0,2026-06-06 09:00:00
H01151,OPP0294,Proposal Sent,58500.0,2026-06-21 11:00:00
H01152,OPP0294,Negotiation,58500.0,2026-07-06 16:00:00
H01153,OPP0294,Closed Won,49500.0,2026-07-22 15:00:00
H01154,OPP0295,Prospecting,58100.0,2025-11-08 12:00:00
H01155,OPP0295,RFP Received,58100.0,2025-12-06 09:00:00
H01156,OPP0295,Closed Lost,50000.0,2026-01-03 14:00:00
H01157,OPP0296,Prospecting,121000.0,2025-06-01 14:00:00
H01158,OPP0296,Closed Lost,97500.0,2025-08-10 18:00:00
H01159,OPP0297,Prospecting,190200.0,2025-09-22 16:00:00
H01160,OPP0297,RFP Received,190200.0,2025-10-03 14:00:00
H01161,OPP0297,Proposal Sent,190200.0,2025-10-15 09:00:00
H01162,OPP0297,Negotiation,190200.0,2025-10-27 10:00:00
H01163,OPP0297,Closed Lost,205900.0,2025-11-08 10:00:00
H01164,OPP0298,Prospecting,146400.0,2026-08-10 15:00:00
H01165,OPP0298,RFP Received,146400.0,2026-09-20 13:00:00
H01166,OPP0299,Prospecting,53500.0,2025-11-30 17:00:00
H01167,OPP0299,RFP Received,53500.0,2025-12-12 16:00:00
H01168,OPP0299,Proposal Sent,53500.0,2025-12-25 10:00:00
H01169,OPP0299,Negotiation,53500.0,2026-01-07 17:00:00
H01170,OPP0299,Closed Won,45800.0,2026-01-20 18:00:00
H01171,OPP0300,Prospecting,448100.0,2025-04-12 13:00:00
H01172,OPP0300,RFP Received,448100.0,2025-04-21 11:00:00
H01173,OPP0300,Closed Lost,420200.0,2025-04-30 18:00:00
H01174,OPP0301,Prospecting,98900.0,2025-07-25 17:00:00
H01175,OPP0301,RFP Received,98900.0,2025-08-17 18:00:00
H01176,OPP0301,Proposal Sent,98900.0,2025-09-09 11:00:00
H01177,OPP0301,Closed Lost,93900.0,2025-10-03 15:00:00
H01178,OPP0302,Prospecting,59100.0,2025-12-04 12:00:00
H01179,OPP0302,Closed Lost,60900.0,2026-02-13 15:00:00
H01180,OPP0303,Prospecting,99400.0,2025-06-29 13:00:00
H01181,OPP0303,RFP Received,99400.0,2025-07-09 17:00:00
H01182,OPP0303,Proposal Sent,99400.0,2025-07-20 13:00:00
H01183,OPP0303,Negotiation,99400.0,2025-07-30 18:00:00
H01184,OPP0303,Closed Won,89100.0,2025-08-10 10:00:00
H01185,OPP0304,Prospecting,31400.0,2026-05-04 18:00:00
H01186,OPP0304,RFP Received,31400.0,2026-05-18 13:00:00
H01187,OPP0304,Proposal Sent,31400.0,2026-06-01 09:00:00
H01188,OPP0304,Negotiation,31400.0,2026-06-15 14:00:00
H01189,OPP0304,Closed Won,36300.0,2026-06-30 12:00:00
H01190,OPP0305,Prospecting,183400.0,2026-08-17 11:00:00
H01191,OPP0305,Closed Lost,170900.0,2026-09-11 17:00:00
H01192,OPP0306,Prospecting,247200.0,2025-03-18 12:00:00
H01193,OPP0306,RFP Received,247200.0,2025-04-21 17:00:00
H01194,OPP0306,Proposal Sent,247200.0,2025-05-25 10:00:00
H01195,OPP0306,Closed Lost,204100.0,2025-06-28 13:00:00
H01196,OPP0307,Prospecting,561000.0,2026-02-16 09:00:00
H01197,OPP0307,Closed Lost,463300.0,2026-03-08 11:00:00
H01198,OPP0308,Prospecting,119500.0,2025-08-20 16:00:00
H01199,OPP0308,RFP Received,119500.0,2025-08-30 16:00:00
H01200,OPP0308,Proposal Sent,119500.0,2025-09-10 11:00:00
H01201,OPP0308,Negotiation,119500.0,2025-09-21 11:00:00
H01202,OPP0308,Closed Won,140800.0,2025-10-02 14:00:00
H01203,OPP0309,Prospecting,162800.0,2026-05-29 12:00:00
H01204,OPP0309,RFP Received,162800.0,2026-06-08 09:00:00
H01205,OPP0309,Proposal Sent,162800.0,2026-06-18 14:00:00
H01206,OPP0309,Negotiation,162800.0,2026-06-28 15:00:00
H01207,OPP0309,Closed Won,158800.0,2026-07-08 18:00:00
H01208,OPP0310,Prospecting,181700.0,2025-09-27 12:00:00
H01209,OPP0310,RFP Received,181700.0,2025-10-11 18:00:00
H01210,OPP0310,Proposal Sent,181700.0,2025-10-25 11:00:00
H01211,OPP0310,Negotiation,181700.0,2025-11-08 12:00:00
H01212,OPP0310,Closed Won,169000.0,2025-11-23 10:00:00
H01213,OPP0311,Prospecting,235400.0,2025-08-16 13:00:00
H01214,OPP0311,RFP Received,235400.0,2025-08-29 14:00:00
H01215,OPP0311,Proposal Sent,235400.0,2025-09-11 15:00:00
H01216,OPP0311,Negotiation,235400.0,2025-09-24 12:00:00
H01217,OPP0311,Closed Won,255600.0,2025-10-08 14:00:00
H01218,OPP0312,Prospecting,106400.0,2026-08-19 18:00:00
H01219,OPP0312,RFP Received,106400.0,2026-08-29 17:00:00
H01220,OPP0312,Proposal Sent,106400.0,2026-09-09 18:00:00
H01221,OPP0312,Negotiation,106400.0,2026-09-20 14:00:00
H01222,OPP0313,Prospecting,73600.0,2025-07-17 12:00:00
H01223,OPP0313,RFP Received,73600.0,2025-07-28 17:00:00
H01224,OPP0313,Proposal Sent,73600.0,2025-08-08 11:00:00
H01225,OPP0313,Negotiation,73600.0,2025-08-19 09:00:00
H01226,OPP0313,Closed Won,59100.0,2025-08-31 11:00:00
H01227,OPP0314,Prospecting,126300.0,2025-06-20 15:00:00
H01228,OPP0314,RFP Received,126300.0,2025-07-04 16:00:00
H01229,OPP0314,Proposal Sent,126300.0,2025-07-18 17:00:00
H01230,OPP0314,Negotiation,126300.0,2025-08-01 17:00:00
H01231,OPP0314,Closed Won,111400.0,2025-08-15 10:00:00
H01232,OPP0315,Prospecting,153300.0,2026-08-19 11:00:00
H01233,OPP0315,RFP Received,153300.0,2026-09-04 13:00:00
H01234,OPP0315,Proposal Sent,153300.0,2026-09-20 11:00:00
H01235,OPP0316,Prospecting,160100.0,2025-11-29 18:00:00
H01236,OPP0316,Closed Lost,153700.0,2026-02-05 10:00:00
H01237,OPP0317,Prospecting,67500.0,2025-09-21 15:00:00
H01238,OPP0317,RFP Received,67500.0,2025-10-04 14:00:00
H01239,OPP0317,Proposal Sent,67500.0,2025-10-17 11:00:00
H01240,OPP0317,Negotiation,67500.0,2025-10-30 16:00:00
H01241,OPP0317,Closed Lost,74600.0,2025-11-12 10:00:00
H01242,OPP0318,Prospecting,63800.0,2026-03-13 09:00:00
H01243,OPP0318,Closed Lost,65800.0,2026-05-15 10:00:00
H01244,OPP0319,Prospecting,156700.0,2025-02-14 10:00:00
H01245,OPP0319,RFP Received,156700.0,2025-03-02 12:00:00
H01246,OPP0319,Proposal Sent,156700.0,2025-03-18 11:00:00
H01247,OPP0319,Closed Lost,132400.0,2025-04-04 16:00:00
H01248,OPP0320,Prospecting,238300.0,2026-05-19 14:00:00
H01249,OPP0320,RFP Received,238300.0,2026-05-24 10:00:00
H01250,OPP0320,Proposal Sent,238300.0,2026-05-30 09:00:00
H01251,OPP0320,Negotiation,238300.0,2026-06-05 18:00:00
H01252,OPP0320,Closed Won,250800.0,2026-06-11 11:00:00
H01253,OPP0321,Prospecting,126200.0,2025-12-23 11:00:00
H01254,OPP0321,RFP Received,126200.0,2026-01-13 14:00:00
H01255,OPP0321,Closed Lost,109700.0,2026-02-03 11:00:00
H01256,OPP0322,Prospecting,131300.0,2025-03-10 15:00:00
H01257,OPP0322,RFP Received,131300.0,2025-03-17 14:00:00
H01258,OPP0322,Proposal Sent,131300.0,2025-03-24 14:00:00
H01259,OPP0322,Negotiation,131300.0,2025-03-31 16:00:00
H01260,OPP0322,Closed Won,148900.0,2025-04-08 15:00:00
H01261,OPP0323,Prospecting,391700.0,2026-01-07 11:00:00
H01262,OPP0323,RFP Received,391700.0,2026-01-19 17:00:00
H01263,OPP0323,Proposal Sent,391700.0,2026-01-31 15:00:00
H01264,OPP0323,Negotiation,391700.0,2026-02-12 12:00:00
H01265,OPP0323,Closed Won,420000.0,2026-02-25 12:00:00
H01266,OPP0324,Prospecting,211000.0,2025-09-20 11:00:00
H01267,OPP0324,RFP Received,211000.0,2025-09-30 16:00:00
H01268,OPP0324,Proposal Sent,211000.0,2025-10-10 11:00:00
H01269,OPP0324,Negotiation,211000.0,2025-10-20 17:00:00
H01270,OPP0324,Closed Won,243300.0,2025-10-30 13:00:00
H01271,OPP0325,Prospecting,147200.0,2026-07-11 16:00:00
H01272,OPP0325,Closed Lost,126100.0,2026-09-18 16:00:00
H01273,OPP0326,Prospecting,100800.0,2026-01-25 14:00:00
H01274,OPP0326,RFP Received,100800.0,2026-01-28 09:00:00
H01275,OPP0326,Proposal Sent,100800.0,2026-02-01 12:00:00
H01276,OPP0326,Negotiation,100800.0,2026-02-04 13:00:00
H01277,OPP0326,Closed Won,104600.0,2026-02-08 11:00:00
H01278,OPP0327,Prospecting,56300.0,2026-05-30 16:00:00
H01279,OPP0327,RFP Received,56300.0,2026-06-15 10:00:00
H01280,OPP0327,Closed Lost,64900.0,2026-07-02 10:00:00
H01281,OPP0328,Prospecting,135900.0,2025-08-09 11:00:00
H01282,OPP0328,RFP Received,135900.0,2025-08-26 14:00:00
H01283,OPP0328,Proposal Sent,135900.0,2025-09-13 13:00:00
H01284,OPP0328,Closed Lost,135700.0,2025-10-01 14:00:00
H01285,OPP0329,Prospecting,85300.0,2026-04-30 15:00:00
H01286,OPP0329,RFP Received,85300.0,2026-05-07 15:00:00
H01287,OPP0329,Proposal Sent,85300.0,2026-05-14 18:00:00
H01288,OPP0329,Closed Lost,71900.0,2026-05-22 11:00:00
H01289,OPP0330,Prospecting,92900.0,2026-02-02 10:00:00
H01290,OPP0330,Closed Lost,105400.0,2026-04-06 15:00:00
H01291,OPP0331,Prospecting,65600.0,2026-02-16 16:00:00
H01292,OPP0331,RFP Received,65600.0,2026-02-21 09:00:00
H01293,OPP0331,Proposal Sent,65600.0,2026-02-26 17:00:00
H01294,OPP0331,Negotiation,65600.0,2026-03-03 11:00:00
H01295,OPP0331,Closed Won,77100.0,2026-03-08 16:00:00
H01296,OPP0332,Prospecting,123900.0,2026-09-10 15:00:00
H01297,OPP0333,Prospecting,173900.0,2025-06-18 17:00:00
H01298,OPP0333,RFP Received,173900.0,2025-06-23 18:00:00
H01299,OPP0333,Proposal Sent,173900.0,2025-06-28 12:00:00
H01300,OPP0333,Negotiation,173900.0,2025-07-03 10:00:00
H01301,OPP0333,Closed Lost,148600.0,2025-07-08 18:00:00
H01302,OPP0334,Prospecting,146800.0,2025-01-17 15:00:00
H01303,OPP0334,RFP Received,146800.0,2025-01-24 17:00:00
H01304,OPP0334,Proposal Sent,146800.0,2025-01-31 14:00:00
H01305,OPP0334,Closed Lost,125200.0,2025-02-08 10:00:00
H01306,OPP0335,Prospecting,111500.0,2025-03-31 09:00:00
H01307,OPP0335,RFP Received,111500.0,2025-05-01 13:00:00
H01308,OPP0335,Proposal Sent,111500.0,2025-06-02 15:00:00
H01309,OPP0335,Negotiation,111500.0,2025-07-04 12:00:00
H01310,OPP0335,Closed Lost,108600.0,2025-08-05 12:00:00
H01311,OPP0336,Prospecting,70000.0,2025-09-05 18:00:00
H01312,OPP0336,RFP Received,70000.0,2025-09-11 14:00:00
H01313,OPP0336,Proposal Sent,70000.0,2025-09-17 14:00:00
H01314,OPP0336,Negotiation,70000.0,2025-09-23 11:00:00
H01315,OPP0336,Closed Won,59900.0,2025-09-30 18:00:00
H01316,OPP0337,Prospecting,186700.0,2025-11-27 09:00:00
H01317,OPP0337,Closed Lost,176600.0,2026-03-29 11:00:00
H01318,OPP0338,Prospecting,47000.0,2025-07-11 09:00:00
H01319,OPP0338,RFP Received,47000.0,2025-07-21 13:00:00
H01320,OPP0338,Proposal Sent,47000.0,2025-08-01 10:00:00
H01321,OPP0338,Negotiation,47000.0,2025-08-12 11:00:00
H01322,OPP0338,Closed Won,41000.0,2025-08-23 09:00:00
H01323,OPP0339,Prospecting,102700.0,2026-01-20 14:00:00
H01324,OPP0339,Closed Lost,82900.0,2026-02-12 16:00:00
H01325,OPP0340,Prospecting,69100.0,2025-06-12 11:00:00
H01326,OPP0340,RFP Received,69100.0,2025-06-22 12:00:00
H01327,OPP0340,Proposal Sent,69100.0,2025-07-03 14:00:00
H01328,OPP0340,Negotiation,69100.0,2025-07-13 10:00:00
H01329,OPP0340,Closed Won,66900.0,2025-07-24 12:00:00
H01330,OPP0341,Prospecting,264700.0,2026-08-08 10:00:00
H01331,OPP0341,RFP Received,264700.0,2026-08-22 18:00:00
H01332,OPP0341,Proposal Sent,264700.0,2026-09-05 18:00:00
H01333,OPP0341,Negotiation,264700.0,2026-09-20 13:00:00
H01334,OPP0342,Prospecting,244600.0,2025-08-27 11:00:00
H01335,OPP0342,RFP Received,244600.0,2025-09-12 14:00:00
H01336,OPP0342,Proposal Sent,244600.0,2025-09-29 15:00:00
H01337,OPP0342,Negotiation,244600.0,2025-10-15 11:00:00
H01338,OPP0342,Closed Lost,300700.0,2025-11-01 14:00:00
H01339,OPP0343,Prospecting,466600.0,2025-11-23 15:00:00
H01340,OPP0343,RFP Received,466600.0,2025-11-30 13:00:00
H01341,OPP0343,Proposal Sent,466600.0,2025-12-08 18:00:00
H01342,OPP0343,Negotiation,466600.0,2025-12-16 12:00:00
H01343,OPP0343,Closed Won,443200.0,2025-12-24 17:00:00
H01344,OPP0344,Prospecting,123700.0,2025-03-18 16:00:00
H01345,OPP0344,Closed Lost,106500.0,2025-05-04 09:00:00
H01346,OPP0345,Prospecting,108800.0,2025-05-03 18:00:00
H01347,OPP0345,RFP Received,108800.0,2025-05-12 09:00:00
H01348,OPP0345,Proposal Sent,108800.0,2025-05-22 16:00:00
H01349,OPP0345,Negotiation,108800.0,2025-06-01 13:00:00
H01350,OPP0345,Closed Won,117200.0,2025-06-11 11:00:00
H01351,OPP0346,Prospecting,267900.0,2025-09-12 09:00:00
H01352,OPP0346,RFP Received,267900.0,2025-09-16 13:00:00
H01353,OPP0346,Proposal Sent,267900.0,2025-09-21 09:00:00
H01354,OPP0346,Negotiation,267900.0,2025-09-25 10:00:00
H01355,OPP0346,Closed Won,215100.0,2025-09-30 09:00:00
H01356,OPP0347,Prospecting,206600.0,2026-04-03 13:00:00
H01357,OPP0347,RFP Received,206600.0,2026-04-16 13:00:00
H01358,OPP0347,Proposal Sent,206600.0,2026-04-30 10:00:00
H01359,OPP0347,Negotiation,206600.0,2026-05-14 14:00:00
H01360,OPP0347,Closed Lost,229100.0,2026-05-28 17:00:00
H01361,OPP0348,Prospecting,158300.0,2026-04-10 17:00:00
H01362,OPP0348,RFP Received,158300.0,2026-04-15 12:00:00
H01363,OPP0348,Proposal Sent,158300.0,2026-04-21 15:00:00
H01364,OPP0348,Negotiation,158300.0,2026-04-26 12:00:00
H01365,OPP0348,Closed Won,133000.0,2026-05-02 10:00:00
H01366,OPP0349,Prospecting,162500.0,2025-09-08 09:00:00
H01367,OPP0349,RFP Received,162500.0,2025-09-20 09:00:00
H01368,OPP0349,Proposal Sent,162500.0,2025-10-03 18:00:00
H01369,OPP0349,Negotiation,162500.0,2025-10-16 13:00:00
H01370,OPP0349,Closed Won,180800.0,2025-10-29 12:00:00
H01371,OPP0350,Prospecting,32600.0,2026-05-23 18:00:00
H01372,OPP0350,RFP Received,32600.0,2026-06-17 16:00:00
H01373,OPP0350,Closed Lost,31800.0,2026-07-13 13:00:00
H01374,OPP0351,Prospecting,52400.0,2025-09-02 09:00:00
H01375,OPP0351,RFP Received,52400.0,2025-09-15 11:00:00
H01376,OPP0351,Proposal Sent,52400.0,2025-09-28 13:00:00
H01377,OPP0351,Negotiation,52400.0,2025-10-11 10:00:00
H01378,OPP0351,Closed Lost,52800.0,2025-10-25 11:00:00
H01379,OPP0352,Prospecting,37500.0,2025-04-07 16:00:00
H01380,OPP0352,RFP Received,37500.0,2025-04-20 09:00:00
H01381,OPP0352,Proposal Sent,37500.0,2025-05-03 14:00:00
H01382,OPP0352,Negotiation,37500.0,2025-05-16 13:00:00
H01383,OPP0352,Closed Lost,41000.0,2025-05-29 14:00:00
H01384,OPP0353,Prospecting,31100.0,2025-09-29 17:00:00
H01385,OPP0353,RFP Received,31100.0,2025-10-11 14:00:00
H01386,OPP0353,Proposal Sent,31100.0,2025-10-24 18:00:00
H01387,OPP0353,Negotiation,31100.0,2025-11-05 10:00:00
H01388,OPP0353,Closed Won,38000.0,2025-11-18 15:00:00
H01389,OPP0354,Prospecting,278100.0,2025-02-24 13:00:00
H01390,OPP0354,RFP Received,278100.0,2025-03-06 17:00:00
H01391,OPP0354,Proposal Sent,278100.0,2025-03-17 17:00:00
H01392,OPP0354,Negotiation,278100.0,2025-03-28 11:00:00
H01393,OPP0354,Closed Won,322600.0,2025-04-08 10:00:00
H01394,OPP0355,Prospecting,147800.0,2025-05-23 16:00:00
H01395,OPP0355,RFP Received,147800.0,2025-06-03 17:00:00
H01396,OPP0355,Proposal Sent,147800.0,2025-06-14 11:00:00
H01397,OPP0355,Negotiation,147800.0,2025-06-25 15:00:00
H01398,OPP0355,Closed Won,140100.0,2025-07-07 15:00:00
H01399,OPP0356,Prospecting,168800.0,2025-08-23 18:00:00
H01400,OPP0356,RFP Received,168800.0,2025-08-29 13:00:00
H01401,OPP0356,Proposal Sent,168800.0,2025-09-05 09:00:00
H01402,OPP0356,Negotiation,168800.0,2025-09-11 15:00:00
H01403,OPP0356,Closed Won,161600.0,2025-09-18 11:00:00
H01404,OPP0357,Prospecting,43800.0,2025-05-20 09:00:00
H01405,OPP0357,RFP Received,43800.0,2025-06-10 11:00:00
H01406,OPP0357,Closed Lost,51400.0,2025-07-02 18:00:00
H01407,OPP0358,Prospecting,67100.0,2025-04-10 11:00:00
H01408,OPP0358,RFP Received,67100.0,2025-04-18 12:00:00
H01409,OPP0358,Proposal Sent,67100.0,2025-04-26 17:00:00
H01410,OPP0358,Closed Lost,68300.0,2025-05-04 13:00:00
H01411,OPP0359,Prospecting,93200.0,2026-04-01 17:00:00
H01412,OPP0359,RFP Received,93200.0,2026-04-14 12:00:00
H01413,OPP0359,Proposal Sent,93200.0,2026-04-27 14:00:00
H01414,OPP0359,Negotiation,93200.0,2026-05-10 17:00:00
H01415,OPP0359,Closed Won,97000.0,2026-05-23 15:00:00
H01416,OPP0360,Prospecting,35100.0,2025-04-18 09:00:00
H01417,OPP0360,RFP Received,35100.0,2025-05-07 10:00:00
H01418,OPP0360,Proposal Sent,35100.0,2025-05-26 16:00:00
H01419,OPP0360,Negotiation,35100.0,2025-06-14 14:00:00
H01420,OPP0360,Closed Won,38500.0,2025-07-04 18:00:00
H01421,OPP0361,Prospecting,233900.0,2025-08-25 14:00:00
H01422,OPP0361,RFP Received,233900.0,2025-09-11 15:00:00
H01423,OPP0361,Closed Lost,194600.0,2025-09-28 18:00:00
H01424,OPP0362,Prospecting,70000.0,2025-12-15 14:00:00
H01425,OPP0362,RFP Received,70000.0,2025-12-19 18:00:00
H01426,OPP0362,Proposal Sent,70000.0,2025-12-23 17:00:00
H01427,OPP0362,Negotiation,70000.0,2025-12-27 11:00:00
H01428,OPP0362,Closed Lost,68300.0,2025-12-31 10:00:00
H01429,OPP0363,Prospecting,27900.0,2026-05-28 15:00:00
H01430,OPP0363,Closed Lost,34300.0,2026-07-04 13:00:00
H01431,OPP0364,Prospecting,206000.0,2026-09-10 17:00:00
H01432,OPP0365,Prospecting,184600.0,2025-09-17 12:00:00
H01433,OPP0365,Closed Lost,160800.0,2025-10-21 17:00:00
H01434,OPP0366,Prospecting,70500.0,2025-01-19 10:00:00
H01435,OPP0366,RFP Received,70500.0,2025-01-28 16:00:00
H01436,OPP0366,Proposal Sent,70500.0,2025-02-06 10:00:00
H01437,OPP0366,Negotiation,70500.0,2025-02-15 18:00:00
H01438,OPP0366,Closed Won,67300.0,2025-02-25 14:00:00
H01439,OPP0367,Prospecting,116800.0,2025-08-27 14:00:00
H01440,OPP0367,RFP Received,116800.0,2025-09-03 17:00:00
H01441,OPP0367,Proposal Sent,116800.0,2025-09-10 13:00:00
H01442,OPP0367,Negotiation,116800.0,2025-09-17 12:00:00
H01443,OPP0367,Closed Lost,104200.0,2025-09-25 17:00:00
H01444,OPP0368,Prospecting,152800.0,2025-07-08 11:00:00
H01445,OPP0368,RFP Received,152800.0,2025-07-18 15:00:00
H01446,OPP0368,Proposal Sent,152800.0,2025-07-28 17:00:00
H01447,OPP0368,Negotiation,152800.0,2025-08-07 09:00:00
H01448,OPP0368,Closed Won,171200.0,2025-08-17 13:00:00
H01449,OPP0369,Prospecting,104400.0,2026-03-21 18:00:00
H01450,OPP0369,RFP Received,104400.0,2026-03-28 17:00:00
H01451,OPP0369,Proposal Sent,104400.0,2026-04-04 13:00:00
H01452,OPP0369,Negotiation,104400.0,2026-04-11 11:00:00
H01453,OPP0369,Closed Lost,105400.0,2026-04-18 15:00:00
H01454,OPP0370,Prospecting,104900.0,2026-01-06 11:00:00
H01455,OPP0370,RFP Received,104900.0,2026-01-21 16:00:00
H01456,OPP0370,Proposal Sent,104900.0,2026-02-06 16:00:00
H01457,OPP0370,Closed Lost,89200.0,2026-02-22 09:00:00
H01458,OPP0371,Prospecting,68700.0,2026-03-28 18:00:00
H01459,OPP0371,RFP Received,68700.0,2026-04-16 09:00:00
H01460,OPP0371,Proposal Sent,68700.0,2026-05-06 12:00:00
H01461,OPP0371,Negotiation,68700.0,2026-05-26 10:00:00
H01462,OPP0371,Closed Won,79300.0,2026-06-15 09:00:00
H01463,OPP0372,Prospecting,160900.0,2025-12-25 15:00:00
H01464,OPP0372,RFP Received,160900.0,2026-01-04 10:00:00
H01465,OPP0372,Proposal Sent,160900.0,2026-01-14 15:00:00
H01466,OPP0372,Negotiation,160900.0,2026-01-24 13:00:00
H01467,OPP0372,Closed Won,166400.0,2026-02-04 11:00:00
H01468,OPP0373,Prospecting,182700.0,2025-06-03 15:00:00
H01469,OPP0373,RFP Received,182700.0,2025-06-11 18:00:00
H01470,OPP0373,Proposal Sent,182700.0,2025-06-20 09:00:00
H01471,OPP0373,Closed Lost,149400.0,2025-06-29 11:00:00
H01472,OPP0374,Prospecting,871400.0,2025-09-06 14:00:00
H01473,OPP0374,RFP Received,871400.0,2025-10-15 17:00:00
H01474,OPP0374,Proposal Sent,871400.0,2025-11-24 17:00:00
H01475,OPP0374,Negotiation,871400.0,2026-01-02 10:00:00
H01476,OPP0374,Closed Lost,905000.0,2026-02-11 14:00:00
H01477,OPP0375,Prospecting,28700.0,2025-07-04 09:00:00
H01478,OPP0375,Closed Lost,33500.0,2025-08-17 15:00:00
H01479,OPP0376,Prospecting,110400.0,2025-03-16 14:00:00
H01480,OPP0376,RFP Received,110400.0,2025-03-27 18:00:00
H01481,OPP0376,Proposal Sent,110400.0,2025-04-07 18:00:00
H01482,OPP0376,Closed Lost,129300.0,2025-04-19 18:00:00
H01483,OPP0377,Prospecting,96300.0,2025-03-27 18:00:00
H01484,OPP0377,RFP Received,96300.0,2025-04-16 13:00:00
H01485,OPP0377,Proposal Sent,96300.0,2025-05-07 10:00:00
H01486,OPP0377,Negotiation,96300.0,2025-05-27 12:00:00
H01487,OPP0377,Closed Won,93600.0,2025-06-17 13:00:00
H01488,OPP0378,Prospecting,300700.0,2025-10-19 13:00:00
H01489,OPP0378,Closed Lost,247300.0,2025-12-04 11:00:00
H01490,OPP0379,Prospecting,180200.0,2026-09-01 18:00:00
H01491,OPP0379,RFP Received,180200.0,2026-09-07 15:00:00
H01492,OPP0379,Proposal Sent,180200.0,2026-09-13 16:00:00
H01493,OPP0379,Negotiation,180200.0,2026-09-20 17:00:00
H01494,OPP0380,Prospecting,117800.0,2025-12-29 14:00:00
H01495,OPP0380,Closed Lost,105400.0,2026-02-22 09:00:00
H01496,OPP0381,Prospecting,77600.0,2025-10-17 10:00:00
H01497,OPP0381,RFP Received,77600.0,2025-10-23 17:00:00
H01498,OPP0381,Closed Lost,87300.0,2025-10-30 12:00:00
H01499,OPP0382,Prospecting,296500.0,2026-05-18 16:00:00
H01500,OPP0382,RFP Received,296500.0,2026-06-17 17:00:00
H01501,OPP0382,Closed Lost,272800.0,2026-07-17 11:00:00
H01502,OPP0383,Prospecting,61700.0,2025-10-27 13:00:00
H01503,OPP0383,Closed Lost,50000.0,2025-12-25 15:00:00
H01504,OPP0384,Prospecting,195300.0,2025-09-11 16:00:00
H01505,OPP0384,RFP Received,195300.0,2025-09-23 16:00:00
H01506,OPP0384,Proposal Sent,195300.0,2025-10-05 18:00:00
H01507,OPP0384,Negotiation,195300.0,2025-10-17 15:00:00
H01508,OPP0384,Closed Won,174800.0,2025-10-30 12:00:00
H01509,OPP0385,Prospecting,232600.0,2026-02-26 09:00:00
H01510,OPP0385,RFP Received,232600.0,2026-03-06 13:00:00
H01511,OPP0385,Proposal Sent,232600.0,2026-03-15 16:00:00
H01512,OPP0385,Negotiation,232600.0,2026-03-23 15:00:00
H01513,OPP0385,Closed Won,244100.0,2026-04-01 12:00:00
H01514,OPP0386,Prospecting,71600.0,2025-01-14 12:00:00
H01515,OPP0386,RFP Received,71600.0,2025-01-27 12:00:00
H01516,OPP0386,Proposal Sent,71600.0,2025-02-10 09:00:00
H01517,OPP0386,Negotiation,71600.0,2025-02-23 13:00:00
H01518,OPP0386,Closed Won,76500.0,2025-03-09 10:00:00
H01519,OPP0387,Prospecting,380700.0,2026-07-12 15:00:00
H01520,OPP0387,Closed Lost,305300.0,2026-08-21 14:00:00
H01521,OPP0388,Prospecting,41100.0,2025-04-21 10:00:00
H01522,OPP0388,RFP Received,41100.0,2025-04-25 13:00:00
H01523,OPP0388,Proposal Sent,41100.0,2025-04-30 14:00:00
H01524,OPP0388,Negotiation,41100.0,2025-05-04 11:00:00
H01525,OPP0388,Closed Won,40500.0,2025-05-09 10:00:00
H01526,OPP0389,Prospecting,159200.0,2026-02-26 12:00:00
H01527,OPP0389,Closed Lost,172900.0,2026-04-05 17:00:00
H01528,OPP0390,Prospecting,174600.0,2026-05-27 15:00:00
H01529,OPP0390,RFP Received,174600.0,2026-06-10 11:00:00
H01530,OPP0390,Proposal Sent,174600.0,2026-06-24 09:00:00
H01531,OPP0390,Negotiation,174600.0,2026-07-08 11:00:00
H01532,OPP0390,Closed Lost,156600.0,2026-07-23 17:00:00
H01533,OPP0391,Prospecting,304400.0,2026-07-16 17:00:00
H01534,OPP0391,RFP Received,304400.0,2026-08-09 12:00:00
H01535,OPP0391,Closed Lost,352400.0,2026-09-03 18:00:00
H01536,OPP0392,Prospecting,49600.0,2026-06-16 15:00:00
H01537,OPP0392,RFP Received,49600.0,2026-06-29 11:00:00
H01538,OPP0392,Proposal Sent,49600.0,2026-07-12 11:00:00
H01539,OPP0392,Negotiation,49600.0,2026-07-25 16:00:00
H01540,OPP0392,Closed Lost,61600.0,2026-08-08 10:00:00
H01541,OPP0393,Prospecting,39400.0,2025-12-25 13:00:00
H01542,OPP0393,RFP Received,39400.0,2026-01-14 14:00:00
H01543,OPP0393,Proposal Sent,39400.0,2026-02-03 18:00:00
H01544,OPP0393,Negotiation,39400.0,2026-02-23 15:00:00
H01545,OPP0393,Closed Won,37100.0,2026-03-15 13:00:00
H01546,OPP0394,Prospecting,118600.0,2026-03-27 15:00:00
H01547,OPP0394,RFP Received,118600.0,2026-04-09 16:00:00
H01548,OPP0394,Proposal Sent,118600.0,2026-04-22 14:00:00
H01549,OPP0394,Negotiation,118600.0,2026-05-05 13:00:00
H01550,OPP0394,Closed Won,121400.0,2026-05-19 17:00:00
H01551,OPP0395,Prospecting,353000.0,2025-08-07 09:00:00
H01552,OPP0395,RFP Received,353000.0,2025-08-18 18:00:00
H01553,OPP0395,Proposal Sent,353000.0,2025-08-30 13:00:00
H01554,OPP0395,Closed Lost,340500.0,2025-09-11 14:00:00
H01555,OPP0396,Prospecting,103100.0,2025-10-08 17:00:00
H01556,OPP0396,RFP Received,103100.0,2025-10-16 10:00:00
H01557,OPP0396,Closed Lost,101800.0,2025-10-25 09:00:00
H01558,OPP0397,Prospecting,201600.0,2025-07-01 13:00:00
H01559,OPP0397,Closed Lost,170000.0,2025-07-24 12:00:00
H01560,OPP0398,Prospecting,62400.0,2025-12-07 09:00:00
H01561,OPP0398,RFP Received,62400.0,2025-12-20 10:00:00
H01562,OPP0398,Proposal Sent,62400.0,2026-01-02 12:00:00
H01563,OPP0398,Negotiation,62400.0,2026-01-15 17:00:00
H01564,OPP0398,Closed Lost,63200.0,2026-01-29 11:00:00
H01565,OPP0399,Prospecting,300300.0,2025-08-30 15:00:00
H01566,OPP0399,RFP Received,300300.0,2025-09-17 13:00:00
H01567,OPP0399,Closed Lost,319600.0,2025-10-06 11:00:00
H01568,OPP0400,Prospecting,83700.0,2025-08-05 11:00:00
H01569,OPP0400,RFP Received,83700.0,2025-08-16 09:00:00
H01570,OPP0400,Proposal Sent,83700.0,2025-08-27 18:00:00
H01571,OPP0400,Negotiation,83700.0,2025-09-07 15:00:00
H01572,OPP0400,Closed Won,83500.0,2025-09-18 11:00:00
H01573,OPP0401,Prospecting,91800.0,2025-06-12 16:00:00
H01574,OPP0401,RFP Received,91800.0,2025-06-25 17:00:00
H01575,OPP0401,Proposal Sent,91800.0,2025-07-09 11:00:00
H01576,OPP0401,Negotiation,91800.0,2025-07-22 09:00:00
H01577,OPP0401,Closed Won,97900.0,2025-08-05 16:00:00
H01578,OPP0402,Prospecting,104000.0,2025-05-23 16:00:00
H01579,OPP0402,RFP Received,104000.0,2025-05-29 15:00:00
H01580,OPP0402,Proposal Sent,104000.0,2025-06-04 11:00:00
H01581,OPP0402,Negotiation,104000.0,2025-06-10 16:00:00
H01582,OPP0402,Closed Won,89600.0,2025-06-16 09:00:00
H01583,OPP0403,Prospecting,157400.0,2025-01-06 12:00:00
H01584,OPP0403,RFP Received,157400.0,2025-01-11 10:00:00
H01585,OPP0403,Proposal Sent,157400.0,2025-01-17 15:00:00
H01586,OPP0403,Negotiation,157400.0,2025-01-23 11:00:00
H01587,OPP0403,Closed Lost,134100.0,2025-01-29 14:00:00
H01588,OPP0404,Prospecting,20000.0,2025-08-16 12:00:00
H01589,OPP0404,RFP Received,20000.0,2025-09-08 09:00:00
H01590,OPP0404,Closed Lost,23200.0,2025-10-01 12:00:00
H01591,OPP0405,Prospecting,95400.0,2025-12-14 15:00:00
H01592,OPP0405,RFP Received,95400.0,2025-12-23 11:00:00
H01593,OPP0405,Proposal Sent,95400.0,2026-01-01 11:00:00
H01594,OPP0405,Negotiation,95400.0,2026-01-10 15:00:00
H01595,OPP0405,Closed Won,117000.0,2026-01-20 17:00:00
H01596,OPP0406,Prospecting,108100.0,2025-01-12 16:00:00
H01597,OPP0406,RFP Received,108100.0,2025-01-27 14:00:00
H01598,OPP0406,Proposal Sent,108100.0,2025-02-12 17:00:00
H01599,OPP0406,Negotiation,108100.0,2025-02-28 14:00:00
H01600,OPP0406,Closed Lost,105400.0,2025-03-16 10:00:00
H01601,OPP0407,Prospecting,94600.0,2026-04-11 14:00:00
H01602,OPP0407,RFP Received,94600.0,2026-04-16 13:00:00
H01603,OPP0407,Proposal Sent,94600.0,2026-04-21 09:00:00
H01604,OPP0407,Closed Lost,103600.0,2026-04-26 17:00:00
H01605,OPP0408,Prospecting,115000.0,2025-08-07 14:00:00
H01606,OPP0408,RFP Received,115000.0,2025-08-18 14:00:00
H01607,OPP0408,Proposal Sent,115000.0,2025-08-29 09:00:00
H01608,OPP0408,Negotiation,115000.0,2025-09-09 11:00:00
H01609,OPP0408,Closed Lost,140500.0,2025-09-21 18:00:00
H01610,OPP0409,Prospecting,63100.0,2026-03-20 16:00:00
H01611,OPP0409,Closed Lost,65200.0,2026-05-12 12:00:00
H01612,OPP0410,Prospecting,56600.0,2025-10-09 15:00:00
H01613,OPP0410,RFP Received,56600.0,2025-10-22 11:00:00
H01614,OPP0410,Proposal Sent,56600.0,2025-11-04 13:00:00
H01615,OPP0410,Negotiation,56600.0,2025-11-17 13:00:00
H01616,OPP0410,Closed Lost,63400.0,2025-12-01 16:00:00
H01617,OPP0411,Prospecting,122300.0,2025-03-22 16:00:00
H01618,OPP0411,RFP Received,122300.0,2025-04-08 09:00:00
H01619,OPP0411,Proposal Sent,122300.0,2025-04-25 11:00:00
H01620,OPP0411,Closed Lost,121900.0,2025-05-12 18:00:00
H01621,OPP0412,Prospecting,393000.0,2026-05-22 16:00:00
H01622,OPP0412,RFP Received,393000.0,2026-05-26 11:00:00
H01623,OPP0412,Proposal Sent,393000.0,2026-05-30 10:00:00
H01624,OPP0412,Negotiation,393000.0,2026-06-03 15:00:00
H01625,OPP0412,Closed Won,334900.0,2026-06-07 18:00:00
H01626,OPP0413,Prospecting,143700.0,2025-06-20 15:00:00
H01627,OPP0413,RFP Received,143700.0,2025-06-27 17:00:00
H01628,OPP0413,Proposal Sent,143700.0,2025-07-04 17:00:00
H01629,OPP0413,Negotiation,143700.0,2025-07-11 12:00:00
H01630,OPP0413,Closed Won,120000.0,2025-07-18 11:00:00
H01631,OPP0414,Prospecting,651900.0,2026-04-19 17:00:00
H01632,OPP0414,RFP Received,651900.0,2026-05-08 10:00:00
H01633,OPP0414,Proposal Sent,651900.0,2026-05-27 18:00:00
H01634,OPP0414,Negotiation,651900.0,2026-06-15 17:00:00
H01635,OPP0414,Closed Lost,529600.0,2026-07-05 09:00:00
H01636,OPP0415,Prospecting,95300.0,2026-04-15 11:00:00
H01637,OPP0415,RFP Received,95300.0,2026-04-25 11:00:00
H01638,OPP0415,Proposal Sent,95300.0,2026-05-05 17:00:00
H01639,OPP0415,Closed Lost,89300.0,2026-05-15 13:00:00
H01640,OPP0416,Prospecting,60400.0,2025-06-08 13:00:00
H01641,OPP0416,RFP Received,60400.0,2025-06-15 14:00:00
H01642,OPP0416,Closed Lost,56800.0,2025-06-23 17:00:00
H01643,OPP0417,Prospecting,55200.0,2026-05-04 16:00:00
H01644,OPP0417,RFP Received,55200.0,2026-05-14 11:00:00
H01645,OPP0417,Closed Lost,46300.0,2026-05-24 16:00:00
H01646,OPP0418,Prospecting,71400.0,2025-03-08 16:00:00
H01647,OPP0418,RFP Received,71400.0,2025-03-24 18:00:00
H01648,OPP0418,Closed Lost,74300.0,2025-04-09 09:00:00
H01649,OPP0419,Prospecting,114200.0,2025-08-22 17:00:00
H01650,OPP0419,RFP Received,114200.0,2025-09-09 17:00:00
H01651,OPP0419,Proposal Sent,114200.0,2025-09-27 10:00:00
H01652,OPP0419,Negotiation,114200.0,2025-10-15 09:00:00
H01653,OPP0419,Closed Won,123800.0,2025-11-02 16:00:00
H01654,OPP0420,Prospecting,167700.0,2025-07-21 09:00:00
H01655,OPP0420,RFP Received,167700.0,2025-07-26 18:00:00
H01656,OPP0420,Proposal Sent,167700.0,2025-08-01 15:00:00
H01657,OPP0420,Negotiation,167700.0,2025-08-06 10:00:00
H01658,OPP0420,Closed Lost,179400.0,2025-08-12 16:00:00
H01659,OPP0421,Prospecting,44800.0,2025-09-28 11:00:00
H01660,OPP0421,RFP Received,44800.0,2025-10-10 16:00:00
H01661,OPP0421,Proposal Sent,44800.0,2025-10-23 09:00:00
H01662,OPP0421,Negotiation,44800.0,2025-11-04 14:00:00
H01663,OPP0421,Closed Won,52700.0,2025-11-17 17:00:00
H01664,OPP0422,Prospecting,165100.0,2025-08-04 18:00:00
H01665,OPP0422,RFP Received,165100.0,2025-08-13 11:00:00
H01666,OPP0422,Proposal Sent,165100.0,2025-08-23 14:00:00
H01667,OPP0422,Negotiation,165100.0,2025-09-02 17:00:00
H01668,OPP0422,Closed Won,139500.0,2025-09-12 16:00:00
H01669,OPP0423,Prospecting,179100.0,2025-08-11 18:00:00
H01670,OPP0423,RFP Received,179100.0,2025-08-29 18:00:00
H01671,OPP0423,Proposal Sent,179100.0,2025-09-16 15:00:00
H01672,OPP0423,Negotiation,179100.0,2025-10-04 09:00:00
H01673,OPP0423,Closed Lost,196300.0,2025-10-23 10:00:00
H01674,OPP0424,Prospecting,86500.0,2025-11-03 11:00:00
H01675,OPP0424,RFP Received,86500.0,2025-11-16 10:00:00
H01676,OPP0424,Proposal Sent,86500.0,2025-11-30 14:00:00
H01677,OPP0424,Closed Lost,77900.0,2025-12-14 14:00:00
H01678,OPP0425,Prospecting,138000.0,2026-06-09 14:00:00
H01679,OPP0425,RFP Received,138000.0,2026-06-15 10:00:00
H01680,OPP0425,Proposal Sent,138000.0,2026-06-22 10:00:00
H01681,OPP0425,Negotiation,138000.0,2026-06-28 18:00:00
H01682,OPP0425,Closed Lost,148800.0,2026-07-05 10:00:00
H01683,OPP0426,Prospecting,171600.0,2025-08-19 12:00:00
H01684,OPP0426,RFP Received,171600.0,2025-08-27 18:00:00
H01685,OPP0426,Proposal Sent,171600.0,2025-09-05 14:00:00
H01686,OPP0426,Negotiation,171600.0,2025-09-13 18:00:00
H01687,OPP0426,Closed Lost,156800.0,2025-09-22 11:00:00
H01688,OPP0427,Prospecting,151000.0,2026-07-08 13:00:00
H01689,OPP0427,RFP Received,151000.0,2026-07-26 12:00:00
H01690,OPP0427,Closed Lost,152400.0,2026-08-13 12:00:00
H01691,OPP0428,Prospecting,55500.0,2025-05-21 15:00:00
H01692,OPP0428,Closed Lost,55400.0,2025-07-08 12:00:00
H01693,OPP0429,Prospecting,146000.0,2026-08-28 16:00:00
H01694,OPP0429,RFP Received,146000.0,2026-09-20 18:00:00
H01695,OPP0430,Prospecting,494700.0,2026-03-02 09:00:00
H01696,OPP0430,RFP Received,494700.0,2026-03-07 09:00:00
H01697,OPP0430,Proposal Sent,494700.0,2026-03-13 15:00:00
H01698,OPP0430,Negotiation,494700.0,2026-03-19 15:00:00
H01699,OPP0430,Closed Won,403800.0,2026-03-25 15:00:00
H01700,OPP0431,Prospecting,80900.0,2026-04-28 17:00:00
H01701,OPP0431,RFP Received,80900.0,2026-05-15 11:00:00
H01702,OPP0431,Proposal Sent,80900.0,2026-06-01 11:00:00
H01703,OPP0431,Negotiation,80900.0,2026-06-18 16:00:00
H01704,OPP0431,Closed Won,100600.0,2026-07-05 09:00:00
H01705,OPP0432,Prospecting,214600.0,2025-08-23 09:00:00
H01706,OPP0432,RFP Received,214600.0,2025-09-02 17:00:00
H01707,OPP0432,Proposal Sent,214600.0,2025-09-12 15:00:00
H01708,OPP0432,Negotiation,214600.0,2025-09-22 18:00:00
H01709,OPP0432,Closed Won,177200.0,2025-10-03 17:00:00
H01710,OPP0433,Prospecting,129500.0,2025-07-23 17:00:00
H01711,OPP0433,RFP Received,129500.0,2025-08-20 11:00:00
H01712,OPP0433,Closed Lost,151200.0,2025-09-18 11:00:00
H01713,OPP0434,Prospecting,212800.0,2025-04-08 17:00:00
H01714,OPP0434,RFP Received,212800.0,2025-04-15 17:00:00
H01715,OPP0434,Proposal Sent,212800.0,2025-04-23 18:00:00
H01716,OPP0434,Negotiation,212800.0,2025-04-30 13:00:00
H01717,OPP0434,Closed Lost,193300.0,2025-05-08 11:00:00
H01718,OPP0435,Prospecting,285800.0,2026-04-08 14:00:00
H01719,OPP0435,RFP Received,285800.0,2026-04-10 11:00:00
H01720,OPP0435,Proposal Sent,285800.0,2026-04-13 13:00:00
H01721,OPP0435,Negotiation,285800.0,2026-04-15 14:00:00
H01722,OPP0435,Closed Won,235100.0,2026-04-18 16:00:00
H01723,OPP0436,Prospecting,122200.0,2025-08-09 11:00:00
H01724,OPP0436,RFP Received,122200.0,2025-08-21 10:00:00
H01725,OPP0436,Proposal Sent,122200.0,2025-09-02 11:00:00
H01726,OPP0436,Negotiation,122200.0,2025-09-14 18:00:00
H01727,OPP0436,Closed Won,139600.0,2025-09-26 12:00:00
H01728,OPP0437,Prospecting,182800.0,2026-04-25 12:00:00
H01729,OPP0437,RFP Received,182800.0,2026-05-07 18:00:00
H01730,OPP0437,Proposal Sent,182800.0,2026-05-19 18:00:00
H01731,OPP0437,Negotiation,182800.0,2026-05-31 10:00:00
H01732,OPP0437,Closed Won,166100.0,2026-06-12 09:00:00
H01733,OPP0438,Prospecting,241800.0,2025-09-03 10:00:00
H01734,OPP0438,RFP Received,241800.0,2025-09-10 17:00:00
H01735,OPP0438,Proposal Sent,241800.0,2025-09-17 18:00:00
H01736,OPP0438,Negotiation,241800.0,2025-09-24 16:00:00
H01737,OPP0438,Closed Won,258800.0,2025-10-01 11:00:00
H01738,OPP0439,Prospecting,1046100.0,2025-09-04 17:00:00
H01739,OPP0439,RFP Received,1046100.0,2025-09-17 14:00:00
H01740,OPP0439,Proposal Sent,1046100.0,2025-09-30 15:00:00
H01741,OPP0439,Negotiation,1046100.0,2025-10-13 13:00:00
H01742,OPP0439,Closed Won,866600.0,2025-10-27 14:00:00
H01743,OPP0440,Prospecting,88100.0,2025-04-17 10:00:00
H01744,OPP0440,Closed Lost,82700.0,2025-06-11 18:00:00
H01745,OPP0441,Prospecting,70400.0,2026-09-10 17:00:00
H01746,OPP0442,Prospecting,83300.0,2026-08-20 15:00:00
H01747,OPP0442,RFP Received,83300.0,2026-09-04 09:00:00
H01748,OPP0442,Proposal Sent,83300.0,2026-09-20 16:00:00
H01749,OPP0443,Prospecting,272600.0,2026-07-10 16:00:00
H01750,OPP0443,RFP Received,272600.0,2026-07-19 14:00:00
H01751,OPP0443,Proposal Sent,272600.0,2026-07-28 14:00:00
H01752,OPP0443,Negotiation,272600.0,2026-08-06 16:00:00
H01753,OPP0443,Closed Won,306000.0,2026-08-16 14:00:00
H01754,OPP0444,Prospecting,191300.0,2026-09-05 11:00:00
H01755,OPP0444,RFP Received,191300.0,2026-09-20 14:00:00
H01756,OPP0445,Prospecting,67400.0,2026-08-23 12:00:00
H01757,OPP0445,RFP Received,67400.0,2026-09-06 12:00:00
H01758,OPP0445,Proposal Sent,67400.0,2026-09-20 12:00:00
H01759,OPP0446,Prospecting,103000.0,2026-09-10 13:00:00
H01760,OPP0447,Prospecting,230200.0,2026-09-10 17:00:00
H01761,OPP0448,Prospecting,90200.0,2026-08-31 11:00:00
H01762,OPP0448,RFP Received,90200.0,2026-09-03 09:00:00
H01763,OPP0448,Proposal Sent,90200.0,2026-09-07 17:00:00
H01764,OPP0448,Negotiation,90200.0,2026-09-10 16:00:00
H01765,OPP0448,Closed Lost,108800.0,2026-09-14 17:00:00
H01766,OPP0449,Prospecting,186300.0,2026-08-30 18:00:00
H01767,OPP0449,RFP Received,186300.0,2026-09-06 17:00:00
H01768,OPP0449,Proposal Sent,186300.0,2026-09-13 15:00:00
H01769,OPP0449,Negotiation,186300.0,2026-09-20 11:00:00
H01770,OPP0450,Prospecting,226700.0,2026-08-15 09:00:00
H01771,OPP0450,RFP Received,226700.0,2026-09-02 17:00:00
H01772,OPP0450,Proposal Sent,226700.0,2026-09-20 09:00:00
H01773,OPP0451,Prospecting,77700.0,2026-08-08 16:00:00
H01774,OPP0451,RFP Received,77700.0,2026-08-23 09:00:00
H01775,OPP0451,Closed Lost,66600.0,2026-09-07 18:00:00
H01776,OPP0452,Prospecting,214200.0,2026-09-10 10:00:00
H01777,OPP0453,Prospecting,117300.0,2026-08-18 12:00:00
H01778,OPP0453,RFP Received,117300.0,2026-08-27 16:00:00
H01779,OPP0453,Closed Lost,121600.0,2026-09-06 12:00:00
H01780,OPP0454,Prospecting,150800.0,2026-08-06 17:00:00
H01781,OPP0454,RFP Received,150800.0,2026-08-21 12:00:00
H01782,OPP0454,Proposal Sent,150800.0,2026-09-05 13:00:00
H01783,OPP0454,Negotiation,150800.0,2026-09-20 14:00:00
H01784,OPP0455,Prospecting,189700.0,2026-09-09 18:00:00
H01785,OPP0456,Prospecting,267800.0,2026-08-17 17:00:00
H01786,OPP0456,RFP Received,267800.0,2026-08-28 11:00:00
H01787,OPP0456,Proposal Sent,267800.0,2026-09-08 17:00:00
H01788,OPP0456,Negotiation,267800.0,2026-09-20 14:00:00
H01789,OPP0457,Prospecting,194200.0,2026-06-27 12:00:00
H01790,OPP0457,RFP Received,194200.0,2026-07-08 14:00:00
H01791,OPP0457,Proposal Sent,194200.0,2026-07-19 15:00:00
H01792,OPP0457,Negotiation,194200.0,2026-07-30 09:00:00
H01793,OPP0457,Closed Won,156100.0,2026-08-11 11:00:00
H01794,OPP0458,Prospecting,202800.0,2026-07-24 17:00:00
H01795,OPP0458,RFP Received,202800.0,2026-08-05 14:00:00
H01796,OPP0458,Proposal Sent,202800.0,2026-08-17 11:00:00
H01797,OPP0458,Negotiation,202800.0,2026-08-29 13:00:00
H01798,OPP0458,Closed Won,244300.0,2026-09-11 15:00:00
H01799,OPP0459,Prospecting,577700.0,2026-08-23 13:00:00
H01800,OPP0459,RFP Received,577700.0,2026-09-20 11:00:00
H01801,OPP0460,Prospecting,184300.0,2026-07-19 16:00:00
H01802,OPP0460,RFP Received,184300.0,2026-07-27 10:00:00
H01803,OPP0460,Proposal Sent,184300.0,2026-08-04 12:00:00
H01804,OPP0460,Negotiation,184300.0,2026-08-12 18:00:00
H01805,OPP0460,Closed Won,227100.0,2026-08-21 17:00:00
H01806,OPP0461,Prospecting,228500.0,2026-08-26 18:00:00
H01807,OPP0461,RFP Received,228500.0,2026-09-07 13:00:00
H01808,OPP0461,Proposal Sent,228500.0,2026-09-20 14:00:00
H01809,OPP0462,Prospecting,767400.0,2026-08-19 14:00:00
H01810,OPP0462,RFP Received,767400.0,2026-08-29 15:00:00
H01811,OPP0462,Proposal Sent,767400.0,2026-09-09 11:00:00
H01812,OPP0462,Negotiation,767400.0,2026-09-20 17:00:00
H01813,OPP0463,Prospecting,121100.0,2026-08-18 12:00:00
H01814,OPP0463,RFP Received,121100.0,2026-08-25 12:00:00
H01815,OPP0463,Proposal Sent,121100.0,2026-09-02 14:00:00
H01816,OPP0463,Negotiation,121100.0,2026-09-10 17:00:00
H01817,OPP0463,Closed Won,122900.0,2026-09-18 11:00:00
H01818,OPP0464,Prospecting,95900.0,2026-08-17 14:00:00
H01819,OPP0464,Closed Lost,99600.0,2026-09-15 18:00:00
H01820,OPP0465,Prospecting,279300.0,2026-07-09 13:00:00
H01821,OPP0465,RFP Received,279300.0,2026-07-19 12:00:00
H01822,OPP0465,Proposal Sent,279300.0,2026-07-30 10:00:00
H01823,OPP0465,Negotiation,279300.0,2026-08-09 11:00:00
H01824,OPP0465,Closed Lost,250500.0,2026-08-20 16:00:00
H01825,OPP0466,Prospecting,217100.0,2026-09-08 11:00:00
H01826,OPP0466,RFP Received,217100.0,2026-09-20 18:00:00
H01827,OPP0467,Prospecting,167900.0,2026-06-15 16:00:00
H01828,OPP0467,RFP Received,167900.0,2026-06-22 09:00:00
H01829,OPP0467,Proposal Sent,167900.0,2026-06-30 18:00:00
H01830,OPP0467,Negotiation,167900.0,2026-07-08 18:00:00
H01831,OPP0467,Closed Won,135100.0,2026-07-16 15:00:00
H01832,OPP0468,Prospecting,215600.0,2026-07-04 18:00:00
H01833,OPP0468,Closed Lost,251100.0,2026-08-20 09:00:00
H01834,OPP0469,Prospecting,831300.0,2026-08-28 14:00:00
H01835,OPP0469,RFP Received,831300.0,2026-09-20 11:00:00
H01836,OPP0470,Prospecting,116100.0,2026-08-28 11:00:00
H01837,OPP0470,RFP Received,116100.0,2026-09-06 18:00:00
H01838,OPP0470,Closed Lost,119900.0,2026-09-16 12:00:00
H01839,OPP0471,Prospecting,100300.0,2026-09-10 10:00:00
H01840,OPP0472,Prospecting,154800.0,2026-09-10 12:00:00
H01841,OPP0473,Prospecting,268000.0,2026-09-02 13:00:00
H01842,OPP0473,RFP Received,268000.0,2026-09-20 11:00:00
H01843,OPP0474,Prospecting,204700.0,2026-08-29 18:00:00
H01844,OPP0474,RFP Received,204700.0,2026-09-20 13:00:00
H01845,OPP0475,Prospecting,239500.0,2026-07-31 09:00:00
H01846,OPP0475,RFP Received,239500.0,2026-08-11 18:00:00
H01847,OPP0475,Proposal Sent,239500.0,2026-08-23 15:00:00
H01848,OPP0475,Negotiation,239500.0,2026-09-03 10:00:00
H01849,OPP0475,Closed Won,250800.0,2026-09-15 16:00:00
H01850,OPP0476,Prospecting,68300.0,2026-08-26 09:00:00
H01851,OPP0476,RFP Received,68300.0,2026-09-07 11:00:00
H01852,OPP0476,Proposal Sent,68300.0,2026-09-20 14:00:00
H01853,OPP0477,Prospecting,110100.0,2026-07-30 13:00:00
H01854,OPP0477,RFP Received,110100.0,2026-08-11 11:00:00
H01855,OPP0477,Proposal Sent,110100.0,2026-08-23 14:00:00
H01856,OPP0477,Negotiation,110100.0,2026-09-04 13:00:00
H01857,OPP0477,Closed Lost,107900.0,2026-09-16 18:00:00
H01858,OPP0478,Prospecting,161700.0,2026-08-13 09:00:00
H01859,OPP0478,RFP Received,161700.0,2026-09-01 14:00:00
H01860,OPP0478,Proposal Sent,161700.0,2026-09-20 17:00:00
H01861,OPP0479,Prospecting,312100.0,2026-08-10 18:00:00
H01862,OPP0479,RFP Received,312100.0,2026-08-23 17:00:00
H01863,OPP0479,Proposal Sent,312100.0,2026-09-06 12:00:00
H01864,OPP0479,Negotiation,312100.0,2026-09-20 12:00:00
H01865,OPP0480,Prospecting,297200.0,2026-08-06 15:00:00
H01866,OPP0480,RFP Received,297200.0,2026-08-21 14:00:00
H01867,OPP0480,Proposal Sent,297200.0,2026-09-05 15:00:00
H01868,OPP0480,Negotiation,297200.0,2026-09-20 11:00:00
H01869,OPP0481,Prospecting,189300.0,2026-08-16 17:00:00
H01870,OPP0481,RFP Received,189300.0,2026-09-02 15:00:00
H01871,OPP0481,Proposal Sent,189300.0,2026-09-20 15:00:00
H01872,OPP0482,Prospecting,123600.0,2026-08-14 09:00:00
H01873,OPP0482,RFP Received,123600.0,2026-08-26 12:00:00
H01874,OPP0482,Proposal Sent,123600.0,2026-09-07 18:00:00
H01875,OPP0482,Negotiation,123600.0,2026-09-20 09:00:00
H01876,OPP0483,Prospecting,194000.0,2026-09-02 13:00:00
H01877,OPP0483,RFP Received,194000.0,2026-09-11 15:00:00
H01878,OPP0483,Proposal Sent,194000.0,2026-09-20 10:00:00
H01879,OPP0484,Prospecting,211500.0,2026-09-03 12:00:00
H01880,OPP0484,RFP Received,211500.0,2026-09-20 18:00:00
H01881,OPP0485,Prospecting,106500.0,2026-08-14 11:00:00
H01882,OPP0485,RFP Received,106500.0,2026-09-01 16:00:00
H01883,OPP0485,Proposal Sent,106500.0,2026-09-20 16:00:00
