proposal_line_id,proposal_id,product,ip,platform,pricing_model,flight_start,flight_end,est_impressions,proposed_cpm,proposed_cost_usd
PL000001,PR00001,YouTube Contextual Pre-roll,Blippi,YouTube,CPM,2025-10-10,2025-11-07,562555,13.51,7600.13
PL000002,PR00001,YouTube Shorts Sponsorship,Blippi,YouTube,CPM,2025-10-10,2025-11-07,17739883,7.2,127727.16
PL000003,PR00001,Branded Content Integration,Blippi,YouTube,Flat Fee,2025-10-10,2025-11-07,2939633,,123972.72
PL000004,PR00002,CTV App Video,Blippi,CTV,CPM,2025-10-10,2025-11-07,6430867,28.76,184951.75
PL000005,PR00002,FAST Channel Video,Blippi,FAST,CPM,2025-10-10,2025-11-07,178142,26.35,4694.05
PL000006,PR00002,YouTube Contextual Pre-roll,Oddbods,YouTube,CPM,2025-10-10,2025-11-07,5041025,12.29,61954.2
PL000007,PR00003,FAST Channel Video,CoComelon,FAST,CPM,2025-06-09,2025-07-09,8626534,26.16,225670.13
PL000008,PR00003,YouTube Contextual Pre-roll,CoComelon,YouTube,CPM,2025-06-09,2025-07-09,4530985,11.13,50429.87
PL000009,PR00004,YouTube Contextual Pre-roll,Supa Strikas,YouTube,CPM,2025-10-17,2025-12-16,11843629,10.36,122700.0
PL000010,PR00005,YouTube Contextual Pre-roll,Supa Strikas,YouTube,CPM,2025-10-17,2025-12-16,2966802,10.07,29875.7
PL000011,PR00005,YouTube Shorts Sponsorship,Supa Strikas,YouTube,CPM,2025-10-17,2025-12-16,11669986,7.32,85424.3
PL000012,PR00006,YouTube Shorts Sponsorship,Little Baby Bum,YouTube,CPM,2025-10-17,2025-12-16,3178541,8.78,27907.59
PL000013,PR00006,YouTube Contextual Pre-roll,Oddbods,YouTube,CPM,2025-10-17,2025-12-16,7733248,10.9,84292.41
PL000014,PR00007,YouTube Contextual Pre-roll,Blippi,YouTube,CPM,2025-12-30,2026-02-13,18642384,10.9,203201.99
PL000015,PR00007,FAST Channel Video,Blippi,FAST,CPM,2025-12-30,2026-02-13,4803096,22.61,108598.01
PL000016,PR00008,YouTube Contextual Pre-roll,Blippi,YouTube,CPM,2025-12-30,2026-02-13,9470443,12.75,120748.15
PL000017,PR00008,Branded Content Integration,Blippi,YouTube,Flat Fee,2025-12-30,2026-02-13,3232014,,131237.73
PL000018,PR00008,YouTube Shorts Sponsorship,Blippi,YouTube,CPM,2025-12-30,2026-02-13,2270002,9.83,22314.12
PL000019,PR00009,Branded Content Integration,Blippi,YouTube,Flat Fee,2025-11-19,2025-12-17,803255,,41716.02
PL000020,PR00009,YouTube Contextual Pre-roll,Blippi,YouTube,CPM,2025-11-19,2025-12-17,10785689,12.58,135683.98
PL000021,PR00010,Branded Content Integration,CoComelon,YouTube,Flat Fee,2025-10-28,2026-01-26,2037743,,103700.0
PL000022,PR00011,YouTube Contextual Pre-roll,Morphle,YouTube,CPM,2025-10-28,2026-01-26,5275572,13.6,71747.78
PL000023,PR00011,FAST Channel Video,Morphle,FAST,CPM,2025-10-28,2026-01-26,1621088,23.72,38452.22
PL000024,PR00012,FAST Channel Video,Morphle,FAST,CPM,2025-10-28,2026-01-26,814736,23.61,19235.93
PL000025,PR00012,YouTube Contextual Pre-roll,Morphle,YouTube,CPM,2025-10-28,2026-01-26,4432057,11.85,52519.88
PL000026,PR00012,Branded Content Integration,Blippi,YouTube,Flat Fee,2025-10-28,2026-01-26,374684,,17744.19
PL000027,PR00013,YouTube Contextual Pre-roll,CoComelon,YouTube,CPM,2026-07-14,2026-08-11,6960616,11.68,81300.0
PL000028,PR00014,YouTube Contextual Pre-roll,Blippi,YouTube,CPM,2026-07-14,2026-08-11,2789414,10.41,29037.81
PL000029,PR00014,FAST Channel Video,CoComelon,FAST,CPM,2026-07-14,2026-08-11,1544191,21.55,33277.32
PL000030,PR00014,CTV App Video,CoComelon,CTV,CPM,2026-07-14,2026-08-11,722356,23.79,17184.87
PL000031,PR00015,YouTube Contextual Pre-roll,CoComelon,YouTube,CPM,2025-07-24,2025-08-21,16141479,9.33,150600.0
PL000032,PR00016,YouTube Contextual Pre-roll,Little Baby Bum,YouTube,CPM,2025-07-24,2025-08-21,3046486,11.81,35979.0
PL000033,PR00016,FAST Channel Video,Little Baby Bum,FAST,CPM,2025-07-24,2025-08-21,3911305,27.95,109321.0
PL000034,PR00017,CTV App Video,CoComelon,CTV,CPM,2025-05-31,2025-08-29,2448908,28.87,70700.0
PL000035,PR00018,CTV App Video,CoComelon,CTV,CPM,2025-05-31,2025-08-29,1087956,31.34,34096.56
PL000036,PR00018,FAST Channel Video,CoComelon,FAST,CPM,2025-05-31,2025-08-29,1777645,24.36,43303.44
PL000037,PR00019,FAST Channel Video,Gecko's Garage,FAST,CPM,2026-07-19,2026-10-17,558092,20.29,11323.7
PL000038,PR00019,YouTube Shorts Sponsorship,Gecko's Garage,YouTube,CPM,2026-07-19,2026-10-17,34761241,7.01,243676.3
PL000039,PR00020,Branded Content Integration,Gecko's Garage,YouTube,Flat Fee,2026-07-19,2026-10-17,3627959,,216600.0
PL000040,PR00021,YouTube Shorts Sponsorship,Little Angel,YouTube,CPM,2025-06-10,2025-09-08,2713210,7.83,21244.44
PL000041,PR00021,FAST Channel Video,Little Angel,FAST,CPM,2025-06-10,2025-09-08,2725630,21.52,58655.56
PL000042,PR00022,FAST Channel Video,Little Angel,FAST,CPM,2025-06-10,2025-09-08,765094,26.32,20137.29
PL000043,PR00022,Branded Content Integration,Little Angel,YouTube,Flat Fee,2025-06-10,2025-09-08,1095804,,52262.71
PL000044,PR00023,YouTube Contextual Pre-roll,Blippi,YouTube,CPM,2026-01-13,2026-03-14,9377173,12.32,115526.78
PL000045,PR00023,CTV App Video,Arpo,CTV,CPM,2026-01-13,2026-03-14,1995295,26.95,53773.22
PL000046,PR00024,YouTube Contextual Pre-roll,CoComelon,YouTube,CPM,2026-10-24,2026-11-21,323797,13.26,4293.56
PL000047,PR00024,CTV App Video,Morphle,CTV,CPM,2026-10-24,2026-11-21,5225055,25.8,134806.44
PL000048,PR00025,FAST Channel Video,CoComelon,FAST,CPM,2026-10-24,2026-11-21,2533614,24.33,61642.85
PL000049,PR00025,Branded Content Integration,Blippi,YouTube,Flat Fee,2026-10-24,2026-11-21,1018176,,53057.15
PL000050,PR00026,Branded Content Integration,CoComelon,YouTube,Flat Fee,2025-11-10,2025-12-08,3073599,,127091.61
PL000051,PR00026,FAST Channel Video,Oddbods,FAST,CPM,2025-11-10,2025-12-08,4262713,20.08,85595.28
PL000052,PR00026,YouTube Contextual Pre-roll,Gecko's Garage,YouTube,CPM,2025-11-10,2025-12-08,1760541,12.39,21813.11
PL000053,PR00027,CTV App Video,Gecko's Garage,CTV,CPM,2026-10-09,2026-11-20,4187950,29.76,124633.41
PL000054,PR00027,Branded Content Integration,Arpo,YouTube,Flat Fee,2026-10-09,2026-11-20,765077,,30966.59
PL000055,PR00028,FAST Channel Video,Arpo,FAST,CPM,2026-10-09,2026-11-20,6818361,25.27,172300.0
PL000056,PR00029,Branded Content Integration,Blippi,YouTube,Flat Fee,2025-05-19,2025-06-30,1862432,,99945.53
PL000057,PR00029,YouTube Contextual Pre-roll,CoComelon,YouTube,CPM,2025-05-19,2025-06-30,6926353,9.58,66354.47
PL000058,PR00030,YouTube Contextual Pre-roll,Gecko's Garage,YouTube,CPM,2025-05-19,2025-06-30,11846275,12.62,149500.0
PL000059,PR00031,YouTube Contextual Pre-roll,Blippi,YouTube,CPM,2025-06-01,2025-06-29,12253589,11.32,138710.63
PL000060,PR00031,FAST Channel Video,Blippi,FAST,CPM,2025-06-01,2025-06-29,1960673,25.19,49389.37
PL000061,PR00032,Branded Content Integration,Blippi,YouTube,Flat Fee,2025-06-01,2025-06-29,3793768,,142000.0
PL000062,PR00033,YouTube Contextual Pre-roll,Blippi,YouTube,CPM,2025-06-01,2025-06-29,9475152,13.73,130093.85
PL000063,PR00033,YouTube Shorts Sponsorship,Blippi,YouTube,CPM,2025-06-01,2025-06-29,948682,8.97,8509.68
PL000064,PR00033,FAST Channel Video,Blippi,FAST,CPM,2025-06-01,2025-06-29,488699,23.32,11396.48
PL000065,PR00034,YouTube Contextual Pre-roll,Morphle,YouTube,CPM,2026-10-07,2026-11-21,1868829,13.94,26051.49
PL000066,PR00034,FAST Channel Video,Morphle,FAST,CPM,2026-10-07,2026-11-21,1991161,21.64,43088.74
PL000067,PR00034,Branded Content Integration,Little Baby Bum,YouTube,Flat Fee,2026-10-07,2026-11-21,2457415,,135959.77
PL000068,PR00035,FAST Channel Video,Blippi,FAST,CPM,2025-10-04,2025-11-03,1006772,27.56,27746.66
PL000069,PR00035,YouTube Contextual Pre-roll,Blippi,YouTube,CPM,2025-10-04,2025-11-03,14942208,12.92,193053.34
PL000070,PR00036,FAST Channel Video,Blippi,FAST,CPM,2025-10-04,2025-11-03,3821986,23.21,88708.3
PL000071,PR00036,YouTube Shorts Sponsorship,Blippi,YouTube,CPM,2025-10-04,2025-11-03,3034806,7.96,24157.06
PL000072,PR00036,Branded Content Integration,Blippi,YouTube,Flat Fee,2025-10-04,2025-11-03,1552812,,77962.74
PL000073,PR00036,YouTube Contextual Pre-roll,Blippi,YouTube,CPM,2025-10-04,2025-11-03,1326772,10.38,13771.9
PL000074,PR00037,Branded Content Integration,Blippi,YouTube,Flat Fee,2025-07-25,2025-08-24,2004637,,85647.38
PL000075,PR00037,YouTube Contextual Pre-roll,Blippi,YouTube,CPM,2025-07-25,2025-08-24,9286004,9.03,83852.62
PL000076,PR00038,YouTube Contextual Pre-roll,CoComelon,YouTube,CPM,2026-04-06,2026-05-06,5772972,9.25,53400.0
PL000077,PR00039,YouTube Contextual Pre-roll,CoComelon,YouTube,CPM,2026-10-17,2026-11-28,36699801,10.06,369200.0
PL000078,PR00040,CTV App Video,CoComelon,CTV,CPM,2026-10-17,2026-11-28,1594084,26.97,42992.46
PL000079,PR00040,YouTube Contextual Pre-roll,CoComelon,YouTube,CPM,2026-10-17,2026-11-28,25119952,9.65,242407.54
PL000080,PR00041,YouTube Contextual Pre-roll,CoComelon,YouTube,CPM,2026-07-29,2026-10-27,482089,13.74,6623.91
PL000081,PR00041,YouTube Shorts Sponsorship,CoComelon,YouTube,CPM,2026-07-29,2026-10-27,1078964,8.76,9451.73
PL000082,PR00041,Branded Content Integration,CoComelon,YouTube,Flat Fee,2026-07-29,2026-10-27,157367,,5924.36
PL000083,PR00042,FAST Channel Video,CoComelon,FAST,CPM,2026-07-29,2026-10-27,782020,22.72,17767.51
PL000084,PR00042,YouTube Shorts Sponsorship,CoComelon,YouTube,CPM,2026-07-29,2026-10-27,124811,6.67,832.49
PL000085,PR00043,FAST Channel Video,Little Angel,FAST,CPM,2025-09-03,2025-10-18,161094,20.46,3296.0
PL000086,PR00043,YouTube Contextual Pre-roll,CoComelon,YouTube,CPM,2025-09-03,2025-10-18,4099399,13.32,54604.0
PL000087,PR00044,FAST Channel Video,Little Angel,FAST,CPM,2025-09-03,2025-10-18,2147679,23.7,50900.0
PL000088,PR00045,YouTube Shorts Sponsorship,CoComelon,YouTube,CPM,2026-06-29,2026-09-27,1701419,7.13,12131.12
PL000089,PR00045,FAST Channel Video,CoComelon,FAST,CPM,2026-06-29,2026-09-27,803778,22.71,18253.8
PL000090,PR00045,YouTube Contextual Pre-roll,CoComelon,YouTube,CPM,2026-06-29,2026-09-27,9908500,12.95,128315.08
PL000091,PR00046,CTV App Video,CoComelon,CTV,CPM,2026-01-12,2026-03-13,299956,25.28,7582.9
PL000092,PR00046,YouTube Contextual Pre-roll,CoComelon,YouTube,CPM,2026-01-12,2026-03-13,1025175,12.51,12824.95
PL000093,PR00046,FAST Channel Video,Arpo,FAST,CPM,2026-01-12,2026-03-13,1190188,27.3,32492.15
PL000094,PR00047,YouTube Contextual Pre-roll,CoComelon,YouTube,CPM,2026-10-10,2026-11-21,1055518,13.16,13890.63
PL000095,PR00047,CTV App Video,CoComelon,CTV,CPM,2026-10-10,2026-11-21,396641,30.09,11934.93
PL000096,PR00047,YouTube Shorts Sponsorship,CoComelon,YouTube,CPM,2026-10-10,2026-11-21,10796701,7.75,83674.44
PL000097,PR00048,Branded Content Integration,Blippi,YouTube,Flat Fee,2025-11-05,2025-12-20,1398207,,71349.8
PL000098,PR00048,CTV App Video,Little Baby Bum,CTV,CPM,2025-11-05,2025-12-20,1904046,23.03,43850.2
PL000099,PR00049,Branded Content Integration,Blippi,YouTube,Flat Fee,2025-11-05,2025-12-20,879883,,34037.15
PL000100,PR00049,YouTube Contextual Pre-roll,Blippi,YouTube,CPM,2025-11-05,2025-12-20,3075886,13.73,42231.92
PL000101,PR00049,CTV App Video,Blippi,CTV,CPM,2025-11-05,2025-12-20,1068688,26.51,28330.92
PL000102,PR00050,YouTube Contextual Pre-roll,Little Baby Bum,YouTube,CPM,2026-07-04,2026-08-18,15582112,12.97,202100.0
PL000103,PR00051,YouTube Contextual Pre-roll,Little Baby Bum,YouTube,CPM,2026-07-04,2026-08-18,5129221,12.16,62371.33
PL000104,PR00051,Branded Content Integration,Little Baby Bum,YouTube,Flat Fee,2026-07-04,2026-08-18,202097,,8545.06
PL000105,PR00051,FAST Channel Video,Little Baby Bum,FAST,CPM,2026-07-04,2026-08-18,5792445,22.82,132183.61
PL000106,PR00052,FAST Channel Video,Blippi,FAST,CPM,2025-10-20,2025-12-01,7361128,23.66,174164.29
PL000107,PR00052,CTV App Video,Blippi,CTV,CPM,2025-10-20,2025-12-01,4234561,22.44,95023.57
PL000108,PR00052,YouTube Contextual Pre-roll,Blippi,YouTube,CPM,2025-10-20,2025-12-01,2075152,9.21,19112.15
PL000109,PR00053,FAST Channel Video,Blippi,FAST,CPM,2025-10-20,2025-12-01,739570,22.03,16292.74
PL000110,PR00053,Branded Content Integration,Blippi,YouTube,Flat Fee,2025-10-20,2025-12-01,4708259,,206807.26
PL000111,PR00054,YouTube Shorts Sponsorship,Blippi,YouTube,CPM,2026-02-22,2026-03-22,1724241,6.41,11052.39
PL000112,PR00054,Branded Content Integration,Blippi,YouTube,Flat Fee,2026-02-22,2026-03-22,1114892,,51449.92
PL000113,PR00054,YouTube Contextual Pre-roll,Blippi,YouTube,CPM,2026-02-22,2026-03-22,2756631,9.83,27097.69
PL000114,PR00055,YouTube Shorts Sponsorship,Blippi,YouTube,CPM,2026-02-22,2026-03-22,2256100,9.99,22538.44
PL000115,PR00055,YouTube Contextual Pre-roll,Blippi,YouTube,CPM,2026-02-22,2026-03-22,66673,13.9,926.76
PL000116,PR00055,Branded Content Integration,CoComelon,YouTube,Flat Fee,2026-02-22,2026-03-22,1132750,,49934.81
PL000117,PR00056,Branded Content Integration,Little Angel,YouTube,Flat Fee,2025-08-05,2025-09-04,215570,,9690.06
PL000118,PR00056,YouTube Shorts Sponsorship,Little Angel,YouTube,CPM,2025-08-05,2025-09-04,8886472,7.0,62205.31
PL000119,PR00056,CTV App Video,Little Angel,CTV,CPM,2025-08-05,2025-09-04,3150702,29.36,92504.63
PL000120,PR00057,Branded Content Integration,Blippi,YouTube,Flat Fee,2025-08-05,2025-09-04,2190959,,110198.53
PL000121,PR00057,YouTube Contextual Pre-roll,Little Angel,YouTube,CPM,2025-08-05,2025-09-04,797239,13.99,11153.38
PL000122,PR00057,CTV App Video,Little Angel,CTV,CPM,2025-08-05,2025-09-04,2853086,23.36,66648.09
PL000123,PR00058,YouTube Shorts Sponsorship,Blippi,YouTube,CPM,2025-08-05,2025-09-04,26929133,6.35,171000.0
PL000124,PR00059,FAST Channel Video,Blippi,FAST,CPM,2026-03-08,2026-05-07,1648607,22.76,37522.31
PL000125,PR00059,YouTube Shorts Sponsorship,Oddbods,YouTube,CPM,2026-03-08,2026-05-07,6492720,8.56,55577.69
PL000126,PR00060,YouTube Shorts Sponsorship,Blippi,YouTube,CPM,2026-03-08,2026-05-07,7870943,6.5,51161.13
PL000127,PR00060,Branded Content Integration,Blippi,YouTube,Flat Fee,2026-03-08,2026-05-07,1075983,,46338.87
PL000128,PR00061,YouTube Contextual Pre-roll,Blippi,YouTube,CPM,2026-03-08,2026-05-07,4779763,9.98,47702.04
PL000129,PR00061,Branded Content Integration,CoComelon,YouTube,Flat Fee,2026-03-08,2026-05-07,23319,,1174.41
PL000130,PR00061,FAST Channel Video,Blippi,FAST,CPM,2026-03-08,2026-05-07,2042321,25.13,51323.55
PL000131,PR00062,YouTube Shorts Sponsorship,Little Baby Bum,YouTube,CPM,2026-04-25,2026-06-09,9297682,9.45,87863.1
PL000132,PR00062,FAST Channel Video,Little Baby Bum,FAST,CPM,2026-04-25,2026-06-09,506698,27.9,14136.9
PL000133,PR00063,CTV App Video,CoComelon,CTV,CPM,2025-06-27,2025-08-26,636383,23.9,15209.57
PL000134,PR00063,Branded Content Integration,CoComelon,YouTube,Flat Fee,2025-06-27,2025-08-26,3515943,,164090.43
PL000135,PR00064,YouTube Contextual Pre-roll,Go Buster,YouTube,CPM,2025-03-23,2025-05-07,18725940,9.23,172840.43
PL000136,PR00064,YouTube Shorts Sponsorship,Go Buster,YouTube,CPM,2025-03-23,2025-05-07,7279947,8.25,60059.57
PL000137,PR00065,Branded Content Integration,Blippi,YouTube,Flat Fee,2025-07-17,2025-09-15,538035,,30164.99
PL000138,PR00065,YouTube Contextual Pre-roll,Blippi,YouTube,CPM,2025-07-17,2025-09-15,1268198,11.54,14635.01
PL000139,PR00066,YouTube Contextual Pre-roll,Blippi,YouTube,CPM,2026-10-08,2026-11-22,1580797,10.9,17230.69
PL000140,PR00066,FAST Channel Video,CoComelon,FAST,CPM,2026-10-08,2026-11-22,79295,24.58,1949.09
PL000141,PR00066,CTV App Video,Blippi,CTV,CPM,2026-10-08,2026-11-22,276880,23.91,6620.22
PL000142,PR00067,YouTube Contextual Pre-roll,Blippi,YouTube,CPM,2026-10-08,2026-11-22,378054,13.6,5141.54
PL000143,PR00067,CTV App Video,Oddbods,CTV,CPM,2026-10-08,2026-11-22,758075,22.62,17147.66
PL000144,PR00067,YouTube Shorts Sponsorship,Blippi,YouTube,CPM,2026-10-08,2026-11-22,323689,6.83,2210.8
PL000145,PR00068,Branded Content Integration,Blippi,YouTube,Flat Fee,2026-10-08,2026-11-22,68851,,3201.01
PL000146,PR00068,FAST Channel Video,Blippi,FAST,CPM,2026-10-08,2026-11-22,804226,24.37,19598.99
PL000147,PR00069,YouTube Contextual Pre-roll,Little Baby Bum,YouTube,CPM,2025-11-25,2026-01-24,12974173,12.7,164772.0
PL000148,PR00069,FAST Channel Video,Little Baby Bum,FAST,CPM,2025-11-25,2026-01-24,790200,20.41,16128.0
PL000149,PR00070,YouTube Contextual Pre-roll,Little Baby Bum,YouTube,CPM,2025-11-25,2026-01-24,16153169,11.36,183500.0
PL000150,PR00071,Branded Content Integration,Little Angel,YouTube,Flat Fee,2025-03-14,2025-04-13,1284436,,50600.0
PL000151,PR00072,CTV App Video,CoComelon,CTV,CPM,2025-03-14,2025-04-13,2188930,22.37,48966.37
PL000152,PR00072,YouTube Contextual Pre-roll,Little Angel,YouTube,CPM,2025-03-14,2025-04-13,385814,12.01,4633.63
PL000153,PR00073,YouTube Contextual Pre-roll,Little Angel,YouTube,CPM,2025-03-14,2025-04-13,3023047,11.47,34674.35
PL000154,PR00073,Branded Content Integration,Morphle,YouTube,Flat Fee,2025-03-14,2025-04-13,191501,,7625.65
PL000155,PR00074,YouTube Contextual Pre-roll,CoComelon,YouTube,CPM,2026-10-10,2027-01-08,21793265,12.77,278300.0
PL000156,PR00075,YouTube Contextual Pre-roll,CoComelon,YouTube,CPM,2026-10-10,2027-01-08,15003365,12.27,184091.3
PL000157,PR00075,CTV App Video,CoComelon,CTV,CPM,2026-10-10,2027-01-08,1516741,22.62,34308.7
PL000158,PR00076,CTV App Video,Blippi,CTV,CPM,2026-10-08,2026-11-22,768113,22.78,17497.63
PL000159,PR00076,Branded Content Integration,Blippi,YouTube,Flat Fee,2026-10-08,2026-11-22,923437,,44963.31
PL000160,PR00076,YouTube Contextual Pre-roll,Blippi,YouTube,CPM,2026-10-08,2026-11-22,8635861,11.86,102421.32
PL000161,PR00076,YouTube Shorts Sponsorship,Blippi,YouTube,CPM,2026-10-08,2026-11-22,782179,7.31,5717.73
PL000162,PR00077,YouTube Contextual Pre-roll,Gecko's Garage,YouTube,CPM,2025-09-29,2025-11-13,12356115,11.12,137400.0
PL000163,PR00078,YouTube Contextual Pre-roll,CoComelon,YouTube,CPM,2025-09-29,2025-11-13,9555029,11.04,105487.53
PL000164,PR00078,Branded Content Integration,Gecko's Garage,YouTube,Flat Fee,2025-09-29,2025-11-13,168394,,10012.47
PL000165,PR00079,CTV App Video,Blippi,CTV,CPM,2026-04-05,2026-05-20,3960260,29.19,115600.0
PL000166,PR00080,CTV App Video,Oddbods,CTV,CPM,2026-10-13,2026-11-12,843261,26.14,22042.86
PL000167,PR00080,YouTube Contextual Pre-roll,Oddbods,YouTube,CPM,2026-10-13,2026-11-12,11328657,11.78,133451.59
PL000168,PR00080,Branded Content Integration,Oddbods,YouTube,Flat Fee,2026-10-13,2026-11-12,485179,,19105.56
PL000169,PR00081,FAST Channel Video,Oddbods,FAST,CPM,2026-10-13,2026-11-12,3847290,26.29,101145.26
PL000170,PR00081,Branded Content Integration,Oddbods,YouTube,Flat Fee,2026-10-13,2026-11-12,2025660,,78454.74
PL000171,PR00082,YouTube Contextual Pre-roll,Oddbods,YouTube,CPM,2026-10-13,2026-11-12,3862945,13.29,51338.55
PL000172,PR00082,FAST Channel Video,Oddbods,FAST,CPM,2026-10-13,2026-11-12,4302170,23.7,101961.45
PL000173,PR00083,FAST Channel Video,Blippi,FAST,CPM,2026-05-20,2026-07-19,2039059,25.79,52587.34
PL000174,PR00083,Branded Content Integration,Blippi,YouTube,Flat Fee,2026-05-20,2026-07-19,937162,,53171.65
PL000175,PR00083,YouTube Contextual Pre-roll,Blippi,YouTube,CPM,2026-05-20,2026-07-19,1025453,13.79,14141.01
PL000176,PR00084,YouTube Contextual Pre-roll,Blippi,YouTube,CPM,2026-05-20,2026-07-19,8977183,12.71,114100.0
PL000177,PR00085,YouTube Contextual Pre-roll,Oddbods,YouTube,CPM,2025-11-14,2025-12-29,8138766,9.08,73900.0
PL000178,PR00086,Branded Content Integration,Blippi,YouTube,Flat Fee,2025-11-14,2025-12-29,363796,,16187.48
PL000179,PR00086,FAST Channel Video,Blippi,FAST,CPM,2025-11-14,2025-12-29,425316,25.24,10734.98
PL000180,PR00086,YouTube Shorts Sponsorship,Little Baby Bum,YouTube,CPM,2025-11-14,2025-12-29,4477601,7.03,31477.54
PL000181,PR00087,YouTube Contextual Pre-roll,CoComelon,YouTube,CPM,2025-08-03,2025-08-31,14657534,11.68,171200.0
PL000182,PR00088,CTV App Video,CoComelon,CTV,CPM,2025-08-03,2025-08-31,4672654,22.96,107284.15
PL000183,PR00088,FAST Channel Video,CoComelon,FAST,CPM,2025-08-03,2025-08-31,2215220,21.54,47715.85
PL000184,PR00089,YouTube Contextual Pre-roll,CoComelon,YouTube,CPM,2025-08-03,2025-08-31,7320192,13.8,101018.65
PL000185,PR00089,YouTube Shorts Sponsorship,CoComelon,YouTube,CPM,2025-08-03,2025-08-31,1797781,6.97,12530.54
PL000186,PR00089,CTV App Video,CoComelon,CTV,CPM,2025-08-03,2025-08-31,1570032,25.0,39250.82
PL000187,PR00090,Branded Content Integration,Blippi,YouTube,Flat Fee,2025-04-10,2025-05-25,76542,,4447.41
PL000188,PR00090,CTV App Video,Blippi,CTV,CPM,2025-04-10,2025-05-25,2352927,24.8,58352.59
PL000189,PR00091,YouTube Contextual Pre-roll,CoComelon,YouTube,CPM,2025-09-14,2025-10-12,247503,11.19,2769.56
PL000190,PR00091,Branded Content Integration,Blippi,YouTube,Flat Fee,2025-09-14,2025-10-12,1198842,,70577.58
PL000191,PR00091,CTV App Video,Little Baby Bum,CTV,CPM,2025-09-14,2025-10-12,83614,29.74,2486.69
PL000192,PR00091,FAST Channel Video,Little Baby Bum,FAST,CPM,2025-09-14,2025-10-12,2008389,22.19,44566.17
PL000193,PR00092,FAST Channel Video,Little Baby Bum,FAST,CPM,2025-09-14,2025-10-12,153510,25.44,3905.3
PL000194,PR00092,YouTube Shorts Sponsorship,Little Baby Bum,YouTube,CPM,2025-09-14,2025-10-12,15445889,6.34,97926.94
PL000195,PR00092,Branded Content Integration,Little Baby Bum,YouTube,Flat Fee,2025-09-14,2025-10-12,236007,,12467.75
PL000196,PR00093,YouTube Shorts Sponsorship,CoComelon,YouTube,CPM,2026-04-04,2026-05-16,10850433,8.39,91035.14
PL000197,PR00093,YouTube Contextual Pre-roll,CoComelon,YouTube,CPM,2026-04-04,2026-05-16,17929081,10.93,195964.86
PL000198,PR00094,YouTube Shorts Sponsorship,CoComelon,YouTube,CPM,2026-04-04,2026-05-16,6595030,8.24,54343.05
PL000199,PR00094,CTV App Video,CoComelon,CTV,CPM,2026-04-04,2026-05-16,7396433,27.21,201256.95
PL000200,PR00095,YouTube Contextual Pre-roll,Blippi,YouTube,CPM,2025-07-12,2025-08-23,3386585,12.1,40977.69
PL000201,PR00095,Branded Content Integration,Blippi,YouTube,Flat Fee,2025-07-12,2025-08-23,1471870,,81522.31
PL000202,PR00096,YouTube Contextual Pre-roll,Blippi,YouTube,CPM,2025-07-12,2025-08-23,6972514,10.57,73699.48
PL000203,PR00096,Branded Content Integration,Blippi,YouTube,Flat Fee,2025-07-12,2025-08-23,1128433,,59100.52
PL000204,PR00097,Branded Content Integration,Blippi,YouTube,Flat Fee,2025-07-12,2025-08-23,951732,,41995.57
PL000205,PR00097,CTV App Video,CoComelon,CTV,CPM,2025-07-12,2025-08-23,1432040,31.97,45782.33
PL000206,PR00097,YouTube Contextual Pre-roll,Blippi,YouTube,CPM,2025-07-12,2025-08-23,1481472,12.84,19022.11
PL000207,PR00098,FAST Channel Video,Little Angel,FAST,CPM,2026-05-20,2026-07-04,673856,24.35,16408.4
PL000208,PR00098,YouTube Shorts Sponsorship,Morphle,YouTube,CPM,2026-05-20,2026-07-04,10428978,7.44,77591.6
PL000209,PR00099,FAST Channel Video,Morphle,FAST,CPM,2026-05-20,2026-07-04,470567,25.32,11914.77
PL000210,PR00099,Branded Content Integration,Morphle,YouTube,Flat Fee,2026-05-20,2026-07-04,1628121,,79909.03
PL000211,PR00099,YouTube Contextual Pre-roll,Morphle,YouTube,CPM,2026-05-20,2026-07-04,758479,12.23,9276.2
PL000212,PR00100,CTV App Video,CoComelon,CTV,CPM,2026-02-24,2026-04-10,2765048,29.11,80490.57
PL000213,PR00100,YouTube Shorts Sponsorship,CoComelon,YouTube,CPM,2026-02-24,2026-04-10,2160435,7.37,15922.41
PL000214,PR00100,YouTube Contextual Pre-roll,CoComelon,YouTube,CPM,2026-02-24,2026-04-10,1168232,13.0,15187.02
PL000215,PR00101,YouTube Contextual Pre-roll,CoComelon,YouTube,CPM,2026-02-24,2026-04-10,7079181,11.03,78083.37
PL000216,PR00101,FAST Channel Video,CoComelon,FAST,CPM,2026-02-24,2026-04-10,964037,25.12,24216.63
PL000217,PR00102,YouTube Contextual Pre-roll,Blippi,YouTube,CPM,2026-10-20,2026-11-19,20860655,12.2,254500.0
PL000218,PR00103,YouTube Shorts Sponsorship,Oddbods,YouTube,CPM,2026-10-20,2026-11-19,21431808,7.83,167811.06
PL000219,PR00103,YouTube Contextual Pre-roll,Oddbods,YouTube,CPM,2026-10-20,2026-11-19,7452622,12.37,92188.94
PL000220,PR00104,YouTube Shorts Sponsorship,CoComelon,YouTube,CPM,2026-10-10,2027-01-08,6620418,8.58,56803.19
PL000221,PR00104,YouTube Contextual Pre-roll,Little Baby Bum,YouTube,CPM,2026-10-10,2027-01-08,1112655,11.45,12739.9
PL000222,PR00104,FAST Channel Video,CoComelon,FAST,CPM,2026-10-10,2027-01-08,770733,22.52,17356.91
PL000223,PR00105,FAST Channel Video,CoComelon,FAST,CPM,2026-10-10,2027-01-08,2099823,21.56,45272.2
PL000224,PR00105,Branded Content Integration,CoComelon,YouTube,Flat Fee,2026-10-10,2027-01-08,604515,,31027.8
PL000225,PR00106,CTV App Video,CoComelon,CTV,CPM,2026-10-24,2026-11-21,92965,30.17,2804.77
PL000226,PR00106,YouTube Contextual Pre-roll,CoComelon,YouTube,CPM,2026-10-24,2026-11-21,1245654,13.97,17401.8
PL000227,PR00106,Branded Content Integration,Blippi,YouTube,Flat Fee,2026-10-24,2026-11-21,694929,,38407.04
PL000228,PR00106,YouTube Shorts Sponsorship,CoComelon,YouTube,CPM,2026-10-24,2026-11-21,25187,7.4,186.39
PL000229,PR00107,FAST Channel Video,Morphle,FAST,CPM,2026-10-24,2026-11-21,334828,24.56,8223.38
PL000230,PR00107,YouTube Shorts Sponsorship,CoComelon,YouTube,CPM,2026-10-24,2026-11-21,2407964,8.39,20202.82
PL000231,PR00107,CTV App Video,CoComelon,CTV,CPM,2026-10-24,2026-11-21,1071840,31.79,34073.8
PL000232,PR00108,YouTube Shorts Sponsorship,CoComelon,YouTube,CPM,2025-11-13,2026-02-11,1067307,6.3,6724.04
PL000233,PR00108,YouTube Contextual Pre-roll,CoComelon,YouTube,CPM,2025-11-13,2026-02-11,2532625,12.84,32518.91
PL000234,PR00108,FAST Channel Video,CoComelon,FAST,CPM,2025-11-13,2026-02-11,2963732,26.0,77057.05
PL000235,PR00109,YouTube Contextual Pre-roll,Gecko's Garage,YouTube,CPM,2026-05-28,2026-07-09,1836472,11.83,21725.47
PL000236,PR00109,Branded Content Integration,Blippi,YouTube,Flat Fee,2026-05-28,2026-07-09,180058,,9374.53
PL000237,PR00110,YouTube Contextual Pre-roll,Gecko's Garage,YouTube,CPM,2026-05-28,2026-07-09,1919575,13.18,25300.0
PL000238,PR00111,YouTube Contextual Pre-roll,CoComelon,YouTube,CPM,2026-06-17,2026-07-15,292353,12.28,3590.1
PL000239,PR00111,YouTube Shorts Sponsorship,CoComelon,YouTube,CPM,2026-06-17,2026-07-15,27097210,6.0,162583.26
PL000240,PR00111,CTV App Video,CoComelon,CTV,CPM,2026-06-17,2026-07-15,429774,23.33,10026.64
PL000241,PR00112,FAST Channel Video,CoComelon,FAST,CPM,2026-06-17,2026-07-15,2351019,22.75,53485.69
PL000242,PR00112,YouTube Shorts Sponsorship,CoComelon,YouTube,CPM,2026-06-17,2026-07-15,10340498,9.44,97614.31
PL000243,PR00113,FAST Channel Video,Oddbods,FAST,CPM,2025-05-14,2025-06-28,4213975,21.21,89378.41
PL000244,PR00113,YouTube Shorts Sponsorship,Oddbods,YouTube,CPM,2025-05-14,2025-06-28,5725675,8.75,50099.66
PL000245,PR00113,CTV App Video,CoComelon,CTV,CPM,2025-05-14,2025-06-28,79214,23.0,1821.93
PL000246,PR00114,CTV App Video,CoComelon,CTV,CPM,2025-11-17,2026-01-01,6378307,22.86,145808.12
PL000247,PR00114,YouTube Contextual Pre-roll,CoComelon,YouTube,CPM,2025-11-17,2026-01-01,14426963,11.27,162591.88
PL000248,PR00115,YouTube Contextual Pre-roll,CoComelon,YouTube,CPM,2025-11-17,2026-01-01,17330305,9.06,157012.57
PL000249,PR00115,FAST Channel Video,CoComelon,FAST,CPM,2025-11-17,2026-01-01,5713660,20.09,114787.43
PL000250,PR00116,FAST Channel Video,Morphle,FAST,CPM,2026-10-09,2026-11-06,15200523,22.94,348700.0
PL000251,PR00117,CTV App Video,Morphle,CTV,CPM,2026-10-09,2026-11-06,11226406,23.15,259891.32
PL000252,PR00117,Branded Content Integration,Blippi,YouTube,Flat Fee,2026-10-09,2026-11-06,990108,,55908.68
PL000253,PR00118,FAST Channel Video,CoComelon,FAST,CPM,2026-06-13,2026-07-28,3913218,20.37,79712.27
PL000254,PR00118,YouTube Contextual Pre-roll,CoComelon,YouTube,CPM,2026-06-13,2026-07-28,776362,13.38,10387.73
PL000255,PR00119,YouTube Contextual Pre-roll,CoComelon,YouTube,CPM,2026-06-13,2026-07-28,7641864,10.0,76418.64
PL000256,PR00119,FAST Channel Video,CoComelon,FAST,CPM,2026-06-13,2026-07-28,1367871,22.43,30681.36
PL000257,PR00120,YouTube Contextual Pre-roll,Oddbods,YouTube,CPM,2026-06-13,2026-07-28,400329,12.66,5068.17
PL000258,PR00120,YouTube Shorts Sponsorship,CoComelon,YouTube,CPM,2026-06-13,2026-07-28,8063520,9.18,74023.12
PL000259,PR00120,Branded Content Integration,CoComelon,YouTube,Flat Fee,2026-06-13,2026-07-28,191267,,6808.71
PL000260,PR00121,Branded Content Integration,Blippi,YouTube,Flat Fee,2026-02-07,2026-05-08,494219,,21900.0
PL000261,PR00122,CTV App Video,Little Angel,CTV,CPM,2026-10-03,2026-12-02,1785797,22.75,40626.9
PL000262,PR00122,YouTube Contextual Pre-roll,Little Angel,YouTube,CPM,2026-10-03,2026-12-02,4021170,12.9,51873.1
PL000263,PR00123,YouTube Contextual Pre-roll,Little Angel,YouTube,CPM,2026-10-03,2026-12-02,1600975,9.6,15369.36
PL000264,PR00123,YouTube Shorts Sponsorship,Little Angel,YouTube,CPM,2026-10-03,2026-12-02,6523198,9.08,59230.64
PL000265,PR00124,Branded Content Integration,Little Baby Bum,YouTube,Flat Fee,2025-09-05,2025-10-20,1377588,,68270.66
PL000266,PR00124,YouTube Shorts Sponsorship,Little Baby Bum,YouTube,CPM,2025-09-05,2025-10-20,673442,9.25,6229.34
PL000267,PR00125,YouTube Shorts Sponsorship,Gecko's Garage,YouTube,CPM,2025-09-26,2025-10-26,834596,6.59,5499.99
PL000268,PR00125,Branded Content Integration,Gecko's Garage,YouTube,Flat Fee,2025-09-26,2025-10-26,3841454,,196613.15
PL000269,PR00125,YouTube Contextual Pre-roll,Gecko's Garage,YouTube,CPM,2025-09-26,2025-10-26,2497155,13.41,33486.85
PL000270,PR00126,YouTube Contextual Pre-roll,Gecko's Garage,YouTube,CPM,2025-09-26,2025-10-26,19254843,13.42,258400.0
PL000271,PR00127,YouTube Contextual Pre-roll,Blippi,YouTube,CPM,2025-05-08,2025-08-06,340451,12.83,4367.99
PL000272,PR00127,Branded Content Integration,Blippi,YouTube,Flat Fee,2025-05-08,2025-08-06,1111050,,57132.01
PL000273,PR00128,YouTube Contextual Pre-roll,Blippi,YouTube,CPM,2025-05-08,2025-08-06,1534046,10.77,16521.68
PL000274,PR00128,Branded Content Integration,Blippi,YouTube,Flat Fee,2025-05-08,2025-08-06,927033,,46178.32
PL000275,PR00129,CTV App Video,Little Baby Bum,CTV,CPM,2025-05-08,2025-08-06,1134078,27.63,31334.59
PL000276,PR00129,Branded Content Integration,Blippi,YouTube,Flat Fee,2025-05-08,2025-08-06,281281,,16044.5
PL000277,PR00129,YouTube Contextual Pre-roll,Blippi,YouTube,CPM,2025-05-08,2025-08-06,1414304,10.55,14920.91
PL000278,PR00130,FAST Channel Video,Blippi,FAST,CPM,2025-05-02,2025-07-31,2227040,25.87,57613.54
PL000279,PR00130,CTV App Video,Blippi,CTV,CPM,2025-05-02,2025-07-31,2337529,23.78,55586.46
PL000280,PR00131,Branded Content Integration,Blippi,YouTube,Flat Fee,2025-05-02,2025-07-31,207998,,12069.3
PL000281,PR00131,YouTube Shorts Sponsorship,CoComelon,YouTube,CPM,2025-05-02,2025-07-31,8696210,8.26,71830.7
PL000282,PR00132,YouTube Contextual Pre-roll,CoComelon,YouTube,CPM,2025-05-02,2025-07-31,263251,13.43,3535.47
PL000283,PR00132,CTV App Video,Blippi,CTV,CPM,2025-05-02,2025-07-31,3082314,29.09,89664.53
PL000284,PR00133,YouTube Shorts Sponsorship,CoComelon,YouTube,CPM,2026-05-21,2026-07-02,352761,8.31,2931.45
PL000285,PR00133,Branded Content Integration,Blippi,YouTube,Flat Fee,2026-05-21,2026-07-02,2300421,,106468.55
PL000286,PR00134,YouTube Contextual Pre-roll,CoComelon,YouTube,CPM,2026-05-21,2026-07-02,7245639,13.76,99700.0
PL000287,PR00135,YouTube Contextual Pre-roll,Blippi,YouTube,CPM,2026-03-05,2026-06-03,11495327,11.77,135300.0
PL000288,PR00136,FAST Channel Video,Little Baby Bum,FAST,CPM,2026-03-05,2026-06-03,1795056,24.4,43799.38
PL000289,PR00136,YouTube Contextual Pre-roll,Little Baby Bum,YouTube,CPM,2026-03-05,2026-06-03,10431566,9.27,96700.62
PL000290,PR00137,YouTube Shorts Sponsorship,CoComelon,YouTube,CPM,2026-01-10,2026-02-09,29207119,6.18,180500.0
PL000291,PR00138,FAST Channel Video,CoComelon,FAST,CPM,2026-01-10,2026-02-09,1089418,26.02,28346.67
PL000292,PR00138,YouTube Contextual Pre-roll,CoComelon,YouTube,CPM,2026-01-10,2026-02-09,17428773,9.43,164353.33
PL000293,PR00139,Branded Content Integration,Morphle,YouTube,Flat Fee,2026-10-19,2026-12-18,1985088,,100260.5
PL000294,PR00139,CTV App Video,Morphle,CTV,CPM,2026-10-19,2026-12-18,1040383,29.57,30764.13
PL000295,PR00139,FAST Channel Video,Morphle,FAST,CPM,2026-10-19,2026-12-18,110347,27.87,3075.38
PL000296,PR00140,CTV App Video,Morphle,CTV,CPM,2026-10-19,2026-12-18,3886554,31.88,123903.35
PL000297,PR00140,YouTube Contextual Pre-roll,Morphle,YouTube,CPM,2026-10-19,2026-12-18,543005,13.99,7596.65
PL000298,PR00141,YouTube Contextual Pre-roll,CoComelon,YouTube,CPM,2025-11-19,2026-02-17,4593139,9.53,43772.62
PL000299,PR00141,FAST Channel Video,CoComelon,FAST,CPM,2025-11-19,2026-02-17,2728314,26.29,71727.38
PL000300,PR00142,CTV App Video,Gecko's Garage,CTV,CPM,2026-04-01,2026-05-16,5288288,22.2,117400.0
PL000301,PR00143,YouTube Contextual Pre-roll,Little Angel,YouTube,CPM,2026-04-01,2026-05-16,6160765,13.86,85388.21
PL000302,PR00143,Branded Content Integration,Blippi,YouTube,Flat Fee,2026-04-01,2026-05-16,268911,,14411.79
PL000303,PR00144,YouTube Contextual Pre-roll,CoComelon,YouTube,CPM,2025-12-19,2026-02-17,3412570,9.96,33989.2
PL000304,PR00144,Branded Content Integration,Blippi,YouTube,Flat Fee,2025-12-19,2026-02-17,1329652,,61710.8
PL000305,PR00145,CTV App Video,Blippi,CTV,CPM,2025-12-19,2026-02-17,2358930,28.35,66875.67
PL000306,PR00145,YouTube Contextual Pre-roll,CoComelon,YouTube,CPM,2025-12-19,2026-02-17,1521784,9.15,13924.33
PL000307,PR00146,YouTube Contextual Pre-roll,Go Buster,YouTube,CPM,2025-08-31,2025-10-30,2636483,12.41,32718.76
PL000308,PR00146,FAST Channel Video,Blippi,FAST,CPM,2025-08-31,2025-10-30,2672423,21.06,56281.24
PL000309,PR00147,CTV App Video,Little Baby Bum,CTV,CPM,2025-12-21,2026-03-21,4543865,28.61,130000.0
PL000310,PR00148,Branded Content Integration,Blippi,YouTube,Flat Fee,2026-08-06,2026-09-17,5887649,,224900.0
PL000311,PR00149,CTV App Video,Blippi,CTV,CPM,2026-08-06,2026-09-17,3817218,22.89,87376.13
PL000312,PR00149,YouTube Contextual Pre-roll,Blippi,YouTube,CPM,2026-08-06,2026-09-17,4066205,12.72,51722.14
PL000313,PR00149,FAST Channel Video,Blippi,FAST,CPM,2026-08-06,2026-09-17,3125541,26.3,82201.73
PL000314,PR00150,YouTube Shorts Sponsorship,Blippi,YouTube,CPM,2026-08-06,2026-09-17,24060129,6.47,155669.04
PL000315,PR00150,FAST Channel Video,Blippi,FAST,CPM,2026-08-06,2026-09-17,2584966,25.08,64830.96
PL000316,PR00151,CTV App Video,CoComelon,CTV,CPM,2026-09-27,2026-11-11,420275,22.04,9262.87
PL000317,PR00151,FAST Channel Video,CoComelon,FAST,CPM,2026-09-27,2026-11-11,5081940,21.81,110837.13
PL000318,PR00152,YouTube Contextual Pre-roll,CoComelon,YouTube,CPM,2026-09-27,2026-11-11,8907882,10.53,93800.0
PL000319,PR00153,Branded Content Integration,Blippi,YouTube,Flat Fee,2025-12-29,2026-02-12,2988068,,163755.67
PL000320,PR00153,YouTube Contextual Pre-roll,Blippi,YouTube,CPM,2025-12-29,2026-02-12,1966443,12.2,23990.61
PL000321,PR00153,FAST Channel Video,Blippi,FAST,CPM,2025-12-29,2026-02-12,3019356,24.99,75453.72
PL000322,PR00154,FAST Channel Video,Blippi,FAST,CPM,2025-06-08,2025-07-06,873874,24.94,21794.43
PL000323,PR00154,CTV App Video,CoComelon,CTV,CPM,2025-06-08,2025-07-06,1270281,29.85,37917.9
PL000324,PR00154,YouTube Shorts Sponsorship,CoComelon,YouTube,CPM,2025-06-08,2025-07-06,1076738,8.44,9087.67
PL000325,PR00155,CTV App Video,CoComelon,CTV,CPM,2025-09-29,2025-12-28,2260601,29.24,66100.0
PL000326,PR00156,FAST Channel Video,CoComelon,FAST,CPM,2025-09-29,2025-12-28,1417652,20.4,28920.12
PL000327,PR00156,YouTube Shorts Sponsorship,Gecko's Garage,YouTube,CPM,2025-09-29,2025-12-28,4248658,9.41,39979.88
PL000328,PR00157,YouTube Shorts Sponsorship,CoComelon,YouTube,CPM,2026-05-02,2026-05-30,8486074,7.91,67124.85
PL000329,PR00157,Branded Content Integration,CoComelon,YouTube,Flat Fee,2026-05-02,2026-05-30,4597334,,180075.15
PL000330,PR00158,YouTube Shorts Sponsorship,Go Buster,YouTube,CPM,2026-08-17,2026-11-15,248954,8.57,2133.54
PL000331,PR00158,Branded Content Integration,Go Buster,YouTube,Flat Fee,2026-08-17,2026-11-15,221152,,12450.18
PL000332,PR00158,FAST Channel Video,CoComelon,FAST,CPM,2026-08-17,2026-11-15,1601181,23.93,38316.28
PL000333,PR00159,YouTube Contextual Pre-roll,Go Buster,YouTube,CPM,2026-08-17,2026-11-15,3863829,11.75,45400.0
PL000334,PR00160,YouTube Contextual Pre-roll,CoComelon,YouTube,CPM,2026-06-02,2026-06-30,2156495,13.12,28293.22
PL000335,PR00160,Branded Content Integration,Blippi,YouTube,Flat Fee,2026-06-02,2026-06-30,893897,,48206.78
PL000336,PR00161,Branded Content Integration,Little Baby Bum,YouTube,Flat Fee,2026-06-02,2026-06-30,1753035,,81100.0
PL000337,PR00162,CTV App Video,Little Baby Bum,CTV,CPM,2026-10-05,2026-11-04,10089831,27.83,280800.0
PL000338,PR00163,YouTube Shorts Sponsorship,Morphle,YouTube,CPM,2026-10-05,2026-11-04,4886867,8.09,39534.76
PL000339,PR00163,CTV App Video,Little Baby Bum,CTV,CPM,2026-10-05,2026-11-04,3170014,23.45,74336.85
PL000340,PR00163,Branded Content Integration,Blippi,YouTube,Flat Fee,2026-10-05,2026-11-04,3159228,,169823.17
PL000341,PR00163,YouTube Contextual Pre-roll,Little Baby Bum,YouTube,CPM,2026-10-05,2026-11-04,1994747,10.43,20805.22
PL000342,PR00164,YouTube Contextual Pre-roll,Little Baby Bum,YouTube,CPM,2026-10-05,2026-11-04,23792415,10.02,238400.0
PL000343,PR00165,YouTube Contextual Pre-roll,CoComelon,YouTube,CPM,2026-08-19,2026-09-16,3881876,10.4,40371.52
PL000344,PR00165,Branded Content Integration,Blippi,YouTube,Flat Fee,2026-08-19,2026-09-16,192239,,10794.3
PL000345,PR00165,CTV App Video,CoComelon,CTV,CPM,2026-08-19,2026-09-16,3444642,26.66,91834.18
PL000346,PR00166,YouTube Contextual Pre-roll,CoComelon,YouTube,CPM,2026-08-19,2026-09-16,3623644,12.87,46636.3
PL000347,PR00166,Branded Content Integration,CoComelon,YouTube,Flat Fee,2026-08-19,2026-09-16,2018950,,85863.7
PL000348,PR00167,YouTube Contextual Pre-roll,Blippi,YouTube,CPM,2026-02-02,2026-05-03,3460221,13.98,48373.9
PL000349,PR00167,CTV App Video,Arpo,CTV,CPM,2026-02-02,2026-05-03,580629,22.09,12826.1
PL000350,PR00168,YouTube Shorts Sponsorship,Blippi,YouTube,CPM,2026-02-02,2026-05-03,3008175,6.16,18530.36
PL000351,PR00168,YouTube Contextual Pre-roll,Blippi,YouTube,CPM,2026-02-02,2026-05-03,2091757,12.98,27151.01
PL000352,PR00168,FAST Channel Video,Blippi,FAST,CPM,2026-02-02,2026-05-03,471719,22.05,10401.41
PL000353,PR00168,Branded Content Integration,Blippi,YouTube,Flat Fee,2026-02-02,2026-05-03,67134,,3217.22
PL000354,PR00169,FAST Channel Video,CoComelon,FAST,CPM,2026-08-02,2026-09-16,2470155,26.63,65780.24
PL000355,PR00169,YouTube Contextual Pre-roll,Oddbods,YouTube,CPM,2026-08-02,2026-09-16,2917974,11.18,32622.95
PL000356,PR00169,CTV App Video,CoComelon,CTV,CPM,2026-08-02,2026-09-16,2642103,28.86,76251.12
PL000357,PR00169,Branded Content Integration,CoComelon,YouTube,Flat Fee,2026-08-02,2026-09-16,1870681,,67245.69
PL000358,PR00170,FAST Channel Video,Gecko's Garage,FAST,CPM,2025-12-04,2026-01-01,156277,26.3,4110.1
PL000359,PR00170,CTV App Video,Gecko's Garage,CTV,CPM,2025-12-04,2026-01-01,94097,22.87,2152.02
PL000360,PR00170,YouTube Contextual Pre-roll,Gecko's Garage,YouTube,CPM,2025-12-04,2026-01-01,2859715,11.19,32000.22
PL000361,PR00170,Branded Content Integration,Gecko's Garage,YouTube,Flat Fee,2025-12-04,2026-01-01,365800,,17137.66
PL000362,PR00171,CTV App Video,Little Baby Bum,CTV,CPM,2026-02-16,2026-04-02,32517,25.59,832.13
PL000363,PR00171,FAST Channel Video,Little Baby Bum,FAST,CPM,2026-02-16,2026-04-02,3080259,22.65,69767.87
PL000364,PR00172,CTV App Video,Gecko's Garage,CTV,CPM,2026-10-11,2026-12-10,1652143,25.97,42906.16
PL000365,PR00172,YouTube Contextual Pre-roll,Gecko's Garage,YouTube,CPM,2026-10-11,2026-12-10,241697,12.31,2975.3
PL000366,PR00172,FAST Channel Video,Morphle,FAST,CPM,2026-10-11,2026-12-10,1008371,24.91,25118.54
PL000367,PR00173,CTV App Video,Gecko's Garage,CTV,CPM,2026-10-11,2026-12-10,314805,27.66,8707.52
PL000368,PR00173,YouTube Contextual Pre-roll,Gecko's Garage,YouTube,CPM,2026-10-11,2026-12-10,4722491,13.36,63092.48
PL000369,PR00174,FAST Channel Video,Blippi,FAST,CPM,2026-10-02,2026-12-01,1021228,23.01,23498.46
PL000370,PR00174,YouTube Shorts Sponsorship,Blippi,YouTube,CPM,2026-10-02,2026-12-01,6262016,7.41,46401.54
PL000371,PR00175,CTV App Video,Blippi,CTV,CPM,2026-10-02,2026-12-01,1794459,24.3,43605.36
PL000372,PR00175,Branded Content Integration,Blippi,YouTube,Flat Fee,2026-10-02,2026-12-01,858098,,33256.49
PL000373,PR00175,YouTube Contextual Pre-roll,Blippi,YouTube,CPM,2026-10-02,2026-12-01,36482,12.01,438.15
PL000374,PR00176,FAST Channel Video,Blippi,FAST,CPM,2026-10-02,2026-12-01,2738515,22.64,62000.0
PL000375,PR00177,CTV App Video,Blippi,CTV,CPM,2025-05-04,2025-06-01,431169,23.32,10054.88
PL000376,PR00177,Branded Content Integration,Blippi,YouTube,Flat Fee,2025-05-04,2025-06-01,37393,,2158.86
PL000377,PR00177,FAST Channel Video,Blippi,FAST,CPM,2025-05-04,2025-06-01,656746,26.61,17476.02
PL000378,PR00177,YouTube Contextual Pre-roll,Blippi,YouTube,CPM,2025-05-04,2025-06-01,3671409,9.89,36310.24
PL000379,PR00178,CTV App Video,Blippi,CTV,CPM,2026-11-09,2026-12-07,7007648,31.38,219900.0
PL000380,PR00179,CTV App Video,Blippi,CTV,CPM,2026-11-09,2026-12-07,2176532,29.62,64468.88
PL000381,PR00179,YouTube Shorts Sponsorship,Blippi,YouTube,CPM,2026-11-09,2026-12-07,12357395,6.39,78963.76
PL000382,PR00179,FAST Channel Video,Blippi,FAST,CPM,2026-11-09,2026-12-07,2786203,23.82,66367.36
PL000383,PR00180,FAST Channel Video,Blippi,FAST,CPM,2026-10-01,2026-11-30,1089789,22.93,24988.87
PL000384,PR00180,YouTube Contextual Pre-roll,Blippi,YouTube,CPM,2026-10-01,2026-11-30,12969520,12.4,160822.06
PL000385,PR00180,Branded Content Integration,Blippi,YouTube,Flat Fee,2026-10-01,2026-11-30,527323,,28789.07
PL000386,PR00181,FAST Channel Video,Oddbods,FAST,CPM,2026-09-25,2026-11-24,475959,25.09,11941.83
PL000387,PR00181,CTV App Video,Morphle,CTV,CPM,2026-09-25,2026-11-24,1236402,26.72,33036.67
PL000388,PR00181,YouTube Contextual Pre-roll,Oddbods,YouTube,CPM,2026-09-25,2026-11-24,2841260,9.44,26821.5
PL000389,PR00182,YouTube Contextual Pre-roll,Oddbods,YouTube,CPM,2026-09-25,2026-11-24,5412087,10.92,59100.0
PL000390,PR00183,YouTube Contextual Pre-roll,Blippi,YouTube,CPM,2025-09-01,2025-10-13,1973968,13.82,27280.25
PL000391,PR00183,Branded Content Integration,Little Angel,YouTube,Flat Fee,2025-09-01,2025-10-13,339154,,13519.75
PL000392,PR00184,YouTube Contextual Pre-roll,Little Angel,YouTube,CPM,2025-09-01,2025-10-13,3049194,11.52,35126.72
PL000393,PR00184,FAST Channel Video,Little Angel,FAST,CPM,2025-09-01,2025-10-13,1054120,20.94,22073.28
PL000394,PR00185,Branded Content Integration,Little Angel,YouTube,Flat Fee,2025-09-01,2025-10-13,255759,,15128.53
PL000395,PR00185,CTV App Video,Little Angel,CTV,CPM,2025-09-01,2025-10-13,1005773,29.7,29871.47
PL000396,PR00186,CTV App Video,Supa Strikas,CTV,CPM,2026-06-30,2026-07-28,970661,24.19,23480.3
PL000397,PR00186,YouTube Shorts Sponsorship,Supa Strikas,YouTube,CPM,2026-06-30,2026-07-28,8121307,6.73,54656.4
PL000398,PR00186,FAST Channel Video,Supa Strikas,FAST,CPM,2026-06-30,2026-07-28,4392151,27.44,120520.64
PL000399,PR00186,YouTube Contextual Pre-roll,Supa Strikas,YouTube,CPM,2026-06-30,2026-07-28,3510059,12.69,44542.66
PL000400,PR00187,CTV App Video,Supa Strikas,CTV,CPM,2026-06-30,2026-07-28,6792692,24.03,163228.41
PL000401,PR00187,Branded Content Integration,Supa Strikas,YouTube,Flat Fee,2026-06-30,2026-07-28,2474855,,96271.59
PL000402,PR00188,FAST Channel Video,Little Baby Bum,FAST,CPM,2026-07-16,2026-08-30,5148982,27.52,141700.0
PL000403,PR00189,YouTube Contextual Pre-roll,CoComelon,YouTube,CPM,2025-09-11,2025-10-23,2185891,10.35,22623.98
PL000404,PR00189,FAST Channel Video,CoComelon,FAST,CPM,2025-09-11,2025-10-23,2313555,23.46,54276.02
PL000405,PR00190,YouTube Contextual Pre-roll,CoComelon,YouTube,CPM,2025-09-11,2025-10-23,22203,9.05,200.94
PL000406,PR00190,CTV App Video,CoComelon,CTV,CPM,2025-09-11,2025-10-23,3041947,23.34,70999.06
PL000407,PR00191,CTV App Video,Oddbods,CTV,CPM,2026-08-11,2026-11-09,75890,30.1,2284.31
PL000408,PR00191,YouTube Contextual Pre-roll,Oddbods,YouTube,CPM,2026-08-11,2026-11-09,1302420,11.06,14404.77
PL000409,PR00191,YouTube Shorts Sponsorship,Oddbods,YouTube,CPM,2026-08-11,2026-11-09,1927857,8.72,16810.92
PL000410,PR00192,Branded Content Integration,Blippi,YouTube,Flat Fee,2026-11-05,2026-12-05,1148926,,51838.77
PL000411,PR00192,FAST Channel Video,CoComelon,FAST,CPM,2026-11-05,2026-12-05,1229065,22.75,27961.23
PL000412,PR00193,YouTube Contextual Pre-roll,Blippi,YouTube,CPM,2026-11-05,2026-12-05,407871,13.31,5428.77
PL000413,PR00193,FAST Channel Video,Blippi,FAST,CPM,2026-11-05,2026-12-05,3047418,24.7,75271.23
PL000414,PR00194,YouTube Shorts Sponsorship,Blippi,YouTube,CPM,2026-11-05,2026-12-05,7558054,8.65,65377.17
PL000415,PR00194,YouTube Contextual Pre-roll,Little Angel,YouTube,CPM,2026-11-05,2026-12-05,1417322,9.4,13322.83
PL000416,PR00195,FAST Channel Video,Blippi,FAST,CPM,2025-11-12,2025-12-27,7375382,22.93,169117.51
PL000417,PR00195,YouTube Contextual Pre-roll,Go Buster,YouTube,CPM,2025-11-12,2025-12-27,23352,10.52,245.67
PL000418,PR00195,YouTube Shorts Sponsorship,Go Buster,YouTube,CPM,2025-11-12,2025-12-27,7293393,9.26,67536.82
PL000419,PR00196,YouTube Contextual Pre-roll,Go Buster,YouTube,CPM,2025-11-12,2025-12-27,16726856,11.46,191689.78
PL000420,PR00196,FAST Channel Video,Go Buster,FAST,CPM,2025-11-12,2025-12-27,3647777,22.4,81710.22
PL000421,PR00197,CTV App Video,Go Buster,CTV,CPM,2025-11-12,2025-12-27,2823464,23.89,67452.56
PL000422,PR00197,FAST Channel Video,Blippi,FAST,CPM,2025-11-12,2025-12-27,6961247,22.0,153147.44
PL000423,PR00198,YouTube Shorts Sponsorship,Supa Strikas,YouTube,CPM,2026-03-09,2026-04-20,491012,6.61,3245.59
PL000424,PR00198,CTV App Video,CoComelon,CTV,CPM,2026-03-09,2026-04-20,426212,31.72,13519.46
PL000425,PR00198,FAST Channel Video,Supa Strikas,FAST,CPM,2026-03-09,2026-04-20,2363568,21.0,49634.94
PL000426,PR00199,CTV App Video,Oddbods,CTV,CPM,2025-10-16,2025-11-30,9913142,29.68,294222.07
PL000427,PR00199,Branded Content Integration,Oddbods,YouTube,Flat Fee,2025-10-16,2025-11-30,887222,,40877.93
PL000428,PR00200,YouTube Contextual Pre-roll,CoComelon,YouTube,CPM,2025-11-21,2025-12-21,14384553,12.43,178800.0
PL000429,PR00201,YouTube Contextual Pre-roll,CoComelon,YouTube,CPM,2025-11-21,2025-12-21,4954511,11.44,56679.61
PL000430,PR00201,YouTube Shorts Sponsorship,CoComelon,YouTube,CPM,2025-11-21,2025-12-21,16183037,8.23,133186.4
PL000431,PR00201,FAST Channel Video,CoComelon,FAST,CPM,2025-11-21,2025-12-21,115627,22.78,2633.99
PL000432,PR00202,CTV App Video,CoComelon,CTV,CPM,2025-11-21,2025-12-21,1558205,24.51,38191.62
PL000433,PR00202,YouTube Contextual Pre-roll,CoComelon,YouTube,CPM,2025-11-21,2025-12-21,4673849,12.53,58563.34
PL000434,PR00202,YouTube Shorts Sponsorship,CoComelon,YouTube,CPM,2025-11-21,2025-12-21,10911266,8.17,89145.05
PL000435,PR00203,Branded Content Integration,CoComelon,YouTube,Flat Fee,2025-08-13,2025-09-24,1086934,,52687.95
PL000436,PR00203,CTV App Video,CoComelon,CTV,CPM,2025-08-13,2025-09-24,2552994,27.24,69543.57
PL000437,PR00203,YouTube Contextual Pre-roll,CoComelon,YouTube,CPM,2025-08-13,2025-09-24,11732013,11.76,137968.48
PL000438,PR00204,YouTube Contextual Pre-roll,CoComelon,YouTube,CPM,2025-10-18,2025-12-02,7533603,13.96,105169.1
PL000439,PR00204,Branded Content Integration,CoComelon,YouTube,Flat Fee,2025-10-18,2025-12-02,708346,,38324.82
PL000440,PR00204,YouTube Shorts Sponsorship,CoComelon,YouTube,CPM,2025-10-18,2025-12-02,2787200,8.9,24806.08
PL000441,PR00205,YouTube Contextual Pre-roll,CoComelon,YouTube,CPM,2025-10-18,2025-12-02,4734915,12.72,60228.12
PL000442,PR00205,FAST Channel Video,CoComelon,FAST,CPM,2025-10-18,2025-12-02,760455,23.62,17961.97
PL000443,PR00205,YouTube Shorts Sponsorship,CoComelon,YouTube,CPM,2025-10-18,2025-12-02,12135164,6.14,74509.91
PL000444,PR00206,FAST Channel Video,Oddbods,FAST,CPM,2025-05-09,2025-06-23,3024087,22.61,68374.61
PL000445,PR00206,YouTube Contextual Pre-roll,Oddbods,YouTube,CPM,2025-05-09,2025-06-23,412015,9.77,4025.39
PL000446,PR00207,YouTube Shorts Sponsorship,CoComelon,YouTube,CPM,2026-06-03,2026-08-02,3106749,6.79,21094.83
PL000447,PR00207,CTV App Video,CoComelon,CTV,CPM,2026-06-03,2026-08-02,739991,27.71,20505.17
PL000448,PR00208,FAST Channel Video,CoComelon,FAST,CPM,2026-06-03,2026-08-02,149958,26.21,3930.4
PL000449,PR00208,CTV App Video,CoComelon,CTV,CPM,2026-06-03,2026-08-02,937514,31.24,29287.95
PL000450,PR00208,YouTube Contextual Pre-roll,CoComelon,YouTube,CPM,2026-06-03,2026-08-02,912754,12.36,11281.65
PL000451,PR00209,YouTube Contextual Pre-roll,Little Baby Bum,YouTube,CPM,2025-10-10,2025-12-09,16274901,11.25,183092.64
PL000452,PR00209,CTV App Video,Little Baby Bum,CTV,CPM,2025-10-10,2025-12-09,1245635,24.09,30007.36
PL000453,PR00210,FAST Channel Video,Little Baby Bum,FAST,CPM,2025-10-10,2025-12-09,573096,24.98,14315.96
PL000454,PR00210,CTV App Video,Little Angel,CTV,CPM,2025-10-10,2025-12-09,6021061,28.68,172684.04
PL000455,PR00211,FAST Channel Video,Little Baby Bum,FAST,CPM,2025-10-10,2025-12-09,1089660,22.27,24266.75
PL000456,PR00211,YouTube Contextual Pre-roll,Little Baby Bum,YouTube,CPM,2025-10-10,2025-12-09,11863792,12.09,143433.25
PL000457,PR00212,FAST Channel Video,Little Angel,FAST,CPM,2025-04-04,2025-05-19,10602130,21.59,228900.0
PL000458,PR00213,YouTube Contextual Pre-roll,Supa Strikas,YouTube,CPM,2025-04-13,2025-06-12,6646885,10.13,67332.95
PL000459,PR00213,YouTube Shorts Sponsorship,CoComelon,YouTube,CPM,2025-04-13,2025-06-12,3311919,7.57,25071.23
PL000460,PR00213,Branded Content Integration,CoComelon,YouTube,Flat Fee,2025-04-13,2025-06-12,210250,,10095.82
PL000461,PR00214,YouTube Contextual Pre-roll,Blippi,YouTube,CPM,2026-07-24,2026-08-23,5070306,12.09,61300.0
PL000462,PR00215,YouTube Contextual Pre-roll,Blippi,YouTube,CPM,2025-11-21,2026-01-20,6011477,12.23,73520.37
PL000463,PR00215,Branded Content Integration,Arpo,YouTube,Flat Fee,2025-11-21,2026-01-20,1949927,,77010.99
PL000464,PR00215,CTV App Video,Arpo,CTV,CPM,2025-11-21,2026-01-20,3008035,30.94,93068.63
PL000465,PR00216,Branded Content Integration,CoComelon,YouTube,Flat Fee,2026-10-02,2026-11-13,3710502,,131000.0
PL000466,PR00217,Branded Content Integration,CoComelon,YouTube,Flat Fee,2025-09-27,2025-10-27,1171628,,57769.54
PL000467,PR00217,YouTube Contextual Pre-roll,CoComelon,YouTube,CPM,2025-09-27,2025-10-27,1036186,13.83,14330.46
PL000468,PR00218,YouTube Contextual Pre-roll,Blippi,YouTube,CPM,2025-03-16,2025-04-27,80904,9.44,763.74
PL000469,PR00218,FAST Channel Video,Blippi,FAST,CPM,2025-03-16,2025-04-27,2105110,24.84,52290.95
PL000470,PR00218,Branded Content Integration,Blippi,YouTube,Flat Fee,2025-03-16,2025-04-27,143297,,6545.31
PL000471,PR00219,YouTube Contextual Pre-roll,Blippi,YouTube,CPM,2025-03-16,2025-04-27,534066,13.64,7284.67
PL000472,PR00219,FAST Channel Video,Blippi,FAST,CPM,2025-03-16,2025-04-27,1936392,23.97,46415.33
PL000473,PR00220,YouTube Contextual Pre-roll,Little Angel,YouTube,CPM,2026-06-20,2026-08-19,149882,10.5,1573.77
PL000474,PR00220,FAST Channel Video,Little Angel,FAST,CPM,2026-06-20,2026-08-19,940013,26.14,24571.96
PL000475,PR00220,CTV App Video,Little Angel,CTV,CPM,2026-06-20,2026-08-19,1885285,25.33,47754.27
PL000476,PR00221,CTV App Video,Little Angel,CTV,CPM,2026-06-20,2026-08-19,779949,25.31,19740.53
PL000477,PR00221,FAST Channel Video,Little Angel,FAST,CPM,2026-06-20,2026-08-19,1654842,25.38,41999.89
PL000478,PR00221,YouTube Contextual Pre-roll,Oddbods,YouTube,CPM,2026-06-20,2026-08-19,765296,12.23,9359.58
PL000479,PR00222,YouTube Contextual Pre-roll,Little Baby Bum,YouTube,CPM,2026-06-13,2026-07-28,8538985,13.21,112800.0
PL000480,PR00223,FAST Channel Video,Supa Strikas,FAST,CPM,2026-06-13,2026-07-28,3601841,22.47,80933.37
PL000481,PR00223,YouTube Contextual Pre-roll,Little Angel,YouTube,CPM,2026-06-13,2026-07-28,3935002,10.36,40766.63
PL000482,PR00224,Branded Content Integration,Oddbods,YouTube,Flat Fee,2026-10-06,2026-11-17,331839,,15896.35
PL000483,PR00224,YouTube Contextual Pre-roll,CoComelon,YouTube,CPM,2026-10-06,2026-11-17,60925295,9.18,559294.21
PL000484,PR00224,CTV App Video,Oddbods,CTV,CPM,2026-10-06,2026-11-17,1713195,30.65,52509.44
PL000485,PR00225,YouTube Contextual Pre-roll,Little Angel,YouTube,CPM,2026-10-06,2026-11-17,41311612,11.97,494500.0
PL000486,PR00226,Branded Content Integration,Blippi,YouTube,Flat Fee,2026-09-04,2026-12-03,3984497,,193500.0
PL000487,PR00227,YouTube Contextual Pre-roll,Morphle,YouTube,CPM,2025-11-15,2025-12-27,20647435,10.82,223405.25
PL000488,PR00227,Branded Content Integration,Morphle,YouTube,Flat Fee,2025-11-15,2025-12-27,2551995,,110394.75
PL000489,PR00228,YouTube Shorts Sponsorship,Morphle,YouTube,CPM,2025-11-15,2025-12-27,23541730,7.41,174444.22
PL000490,PR00228,YouTube Contextual Pre-roll,Morphle,YouTube,CPM,2025-11-15,2025-12-27,13426982,9.85,132255.78
PL000491,PR00229,FAST Channel Video,Blippi,FAST,CPM,2026-10-10,2026-12-09,6044874,22.73,137400.0
PL000492,PR00230,FAST Channel Video,Blippi,FAST,CPM,2026-10-10,2026-12-09,505650,21.89,11068.68
PL000493,PR00230,CTV App Video,Blippi,CTV,CPM,2026-10-10,2026-12-09,3861784,22.78,87971.45
PL000494,PR00230,YouTube Shorts Sponsorship,Little Baby Bum,YouTube,CPM,2026-10-10,2026-12-09,2749667,7.95,21859.86
PL000495,PR00231,CTV App Video,Little Angel,CTV,CPM,2026-01-24,2026-02-21,1166139,22.0,25655.07
PL000496,PR00231,Branded Content Integration,Blippi,YouTube,Flat Fee,2026-01-24,2026-02-21,671996,,32444.93
PL000497,PR00232,YouTube Contextual Pre-roll,CoComelon,YouTube,CPM,2025-09-14,2025-12-13,2224822,11.8,26252.91
PL000498,PR00232,Branded Content Integration,Blippi,YouTube,Flat Fee,2025-09-14,2025-12-13,2743100,,98147.09
PL000499,PR00233,CTV App Video,CoComelon,CTV,CPM,2025-09-14,2025-12-13,2854481,25.82,73702.71
PL000500,PR00233,YouTube Shorts Sponsorship,CoComelon,YouTube,CPM,2025-09-14,2025-12-13,55820,8.65,482.85
PL000501,PR00233,YouTube Contextual Pre-roll,CoComelon,YouTube,CPM,2025-09-14,2025-12-13,2637266,9.94,26214.43
PL000502,PR00234,YouTube Contextual Pre-roll,CoComelon,YouTube,CPM,2026-04-26,2026-06-07,10331963,10.78,111378.57
PL000503,PR00234,FAST Channel Video,CoComelon,FAST,CPM,2026-04-26,2026-06-07,6651426,24.84,165221.43
PL000504,PR00235,YouTube Contextual Pre-roll,CoComelon,YouTube,CPM,2026-04-26,2026-06-07,5119944,13.89,71116.03
PL000505,PR00235,FAST Channel Video,CoComelon,FAST,CPM,2026-04-26,2026-06-07,1866574,25.64,47858.97
PL000506,PR00235,YouTube Shorts Sponsorship,CoComelon,YouTube,CPM,2026-04-26,2026-06-07,16005674,7.93,126925.0
PL000507,PR00236,YouTube Contextual Pre-roll,CoComelon,YouTube,CPM,2026-04-26,2026-06-07,13904096,10.4,144602.6
PL000508,PR00236,CTV App Video,CoComelon,CTV,CPM,2026-04-26,2026-06-07,505614,27.23,13767.87
PL000509,PR00236,FAST Channel Video,CoComelon,FAST,CPM,2026-04-26,2026-06-07,2357349,21.96,51767.39
PL000510,PR00236,Branded Content Integration,CoComelon,YouTube,Flat Fee,2026-04-26,2026-06-07,140418,,7262.14
PL000511,PR00237,YouTube Contextual Pre-roll,Oddbods,YouTube,CPM,2026-10-20,2026-12-19,15098970,12.63,190700.0
PL000512,PR00238,YouTube Contextual Pre-roll,Gecko's Garage,YouTube,CPM,2026-10-20,2026-12-19,1575890,12.28,19351.93
PL000513,PR00238,FAST Channel Video,Gecko's Garage,FAST,CPM,2026-10-20,2026-12-19,6144713,25.9,159148.07
PL000514,PR00239,YouTube Shorts Sponsorship,Morphle,YouTube,CPM,2025-05-13,2025-07-12,3687814,9.2,33927.89
PL000515,PR00239,CTV App Video,Blippi,CTV,CPM,2025-05-13,2025-07-12,3032591,22.84,69264.39
PL000516,PR00239,YouTube Contextual Pre-roll,Morphle,YouTube,CPM,2025-05-13,2025-07-12,1456307,13.67,19907.72
PL000517,PR00240,CTV App Video,Morphle,CTV,CPM,2025-05-13,2025-07-12,1364534,29.26,39926.28
PL000518,PR00240,YouTube Shorts Sponsorship,Morphle,YouTube,CPM,2025-05-13,2025-07-12,7120784,8.31,59173.72
PL000519,PR00241,YouTube Contextual Pre-roll,CoComelon,YouTube,CPM,2025-05-13,2025-07-12,9098939,11.32,103000.0
PL000520,PR00242,YouTube Contextual Pre-roll,Little Angel,YouTube,CPM,2026-10-01,2026-11-15,5738284,11.31,64900.0
PL000521,PR00243,CTV App Video,Little Angel,CTV,CPM,2026-10-01,2026-11-15,651182,28.9,18819.18
PL000522,PR00243,FAST Channel Video,Little Angel,FAST,CPM,2026-10-01,2026-11-15,1635944,24.38,39884.32
PL000523,PR00243,YouTube Contextual Pre-roll,Little Angel,YouTube,CPM,2026-10-01,2026-11-15,440463,13.16,5796.5
PL000524,PR00244,Branded Content Integration,Blippi,YouTube,Flat Fee,2026-08-11,2026-11-09,5244250,,288853.32
PL000525,PR00244,YouTube Contextual Pre-roll,Blippi,YouTube,CPM,2026-08-11,2026-11-09,2187525,9.55,20890.87
PL000526,PR00244,FAST Channel Video,Blippi,FAST,CPM,2026-08-11,2026-11-09,908646,22.36,20317.34
PL000527,PR00244,YouTube Shorts Sponsorship,Blippi,YouTube,CPM,2026-08-11,2026-11-09,16625155,6.3,104738.48
PL000528,PR00245,FAST Channel Video,CoComelon,FAST,CPM,2026-10-09,2026-11-23,863831,27.3,23582.6
PL000529,PR00245,YouTube Contextual Pre-roll,CoComelon,YouTube,CPM,2026-10-09,2026-11-23,962369,9.52,9161.76
PL000530,PR00245,CTV App Video,CoComelon,CTV,CPM,2026-10-09,2026-11-23,2881834,27.71,79855.63
PL000531,PR00246,YouTube Contextual Pre-roll,CoComelon,YouTube,CPM,2026-10-09,2026-11-23,6344631,9.19,58307.16
PL000532,PR00246,FAST Channel Video,CoComelon,FAST,CPM,2026-10-09,2026-11-23,2272175,21.21,48192.84
PL000533,PR00247,Branded Content Integration,CoComelon,YouTube,Flat Fee,2026-10-09,2026-11-23,833407,,39392.67
PL000534,PR00247,FAST Channel Video,CoComelon,FAST,CPM,2026-10-09,2026-11-23,2508685,26.75,67107.33
PL000535,PR00248,YouTube Contextual Pre-roll,Supa Strikas,YouTube,CPM,2026-08-31,2026-09-28,3766203,12.24,46098.33
PL000536,PR00248,YouTube Shorts Sponsorship,Supa Strikas,YouTube,CPM,2026-08-31,2026-09-28,5990530,6.16,36901.67
PL000537,PR00249,FAST Channel Video,Supa Strikas,FAST,CPM,2026-08-31,2026-09-28,1631196,25.51,41611.81
PL000538,PR00249,YouTube Contextual Pre-roll,Supa Strikas,YouTube,CPM,2026-08-31,2026-09-28,1043689,13.43,14016.75
PL000539,PR00249,YouTube Shorts Sponsorship,Supa Strikas,YouTube,CPM,2026-08-31,2026-09-28,2791633,6.76,18871.44
PL000540,PR00250,FAST Channel Video,CoComelon,FAST,CPM,2026-07-05,2026-08-02,979938,24.0,23518.53
PL000541,PR00250,YouTube Contextual Pre-roll,Little Baby Bum,YouTube,CPM,2026-07-05,2026-08-02,13701120,12.91,176881.47
PL000542,PR00251,YouTube Shorts Sponsorship,CoComelon,YouTube,CPM,2026-07-05,2026-08-02,10287602,9.95,102361.64
PL000543,PR00251,FAST Channel Video,Little Baby Bum,FAST,CPM,2026-07-05,2026-08-02,3678005,26.9,98938.36
PL000544,PR00252,Branded Content Integration,CoComelon,YouTube,Flat Fee,2026-08-20,2026-10-19,2989711,,119585.15
PL000545,PR00252,YouTube Contextual Pre-roll,CoComelon,YouTube,CPM,2026-08-20,2026-10-19,7754807,11.93,92514.85
PL000546,PR00253,Branded Content Integration,CoComelon,YouTube,Flat Fee,2026-08-20,2026-10-19,4668486,,216500.0
PL000547,PR00254,YouTube Contextual Pre-roll,Go Buster,YouTube,CPM,2026-06-06,2026-09-04,8542791,12.97,110800.0
PL000548,PR00255,YouTube Contextual Pre-roll,Blippi,YouTube,CPM,2026-11-10,2026-12-10,4959919,13.64,67653.3
PL000549,PR00255,YouTube Shorts Sponsorship,Gecko's Garage,YouTube,CPM,2026-11-10,2026-12-10,2486621,9.59,23846.7
PL000550,PR00256,Branded Content Integration,Blippi,YouTube,Flat Fee,2026-11-10,2026-12-10,610159,,29457.32
PL000551,PR00256,YouTube Contextual Pre-roll,Blippi,YouTube,CPM,2026-11-10,2026-12-10,1160138,12.99,15070.2
PL000552,PR00256,FAST Channel Video,Blippi,FAST,CPM,2026-11-10,2026-12-10,1463160,21.92,32072.48
PL000553,PR00257,Branded Content Integration,CoComelon,YouTube,Flat Fee,2026-04-13,2026-05-13,1751,,81.63
PL000554,PR00257,YouTube Shorts Sponsorship,CoComelon,YouTube,CPM,2026-04-13,2026-05-13,6484996,9.44,61218.37
PL000555,PR00258,YouTube Shorts Sponsorship,CoComelon,YouTube,CPM,2026-04-13,2026-05-13,6958128,8.12,56500.0
PL000556,PR00259,YouTube Shorts Sponsorship,Gecko's Garage,YouTube,CPM,2026-09-12,2026-10-10,6488706,8.24,53466.94
PL000557,PR00259,FAST Channel Video,Gecko's Garage,FAST,CPM,2026-09-12,2026-10-10,6159784,21.11,130033.06
PL000558,PR00260,FAST Channel Video,Oddbods,FAST,CPM,2026-07-06,2026-10-04,1463248,24.26,35498.42
PL000559,PR00260,YouTube Contextual Pre-roll,Oddbods,YouTube,CPM,2026-07-06,2026-10-04,18140090,12.1,219495.1
PL000560,PR00260,CTV App Video,Oddbods,CTV,CPM,2026-07-06,2026-10-04,2025642,31.45,63706.47
PL000561,PR00261,YouTube Contextual Pre-roll,CoComelon,YouTube,CPM,2026-07-06,2026-10-04,26922374,10.95,294800.0
PL000562,PR00262,FAST Channel Video,Go Buster,FAST,CPM,2025-10-17,2025-11-28,7638020,22.61,172695.64
PL000563,PR00262,YouTube Shorts Sponsorship,Go Buster,YouTube,CPM,2025-10-17,2025-11-28,6496514,8.79,57104.36
PL000564,PR00263,Branded Content Integration,Morphle,YouTube,Flat Fee,2026-06-17,2026-08-16,3306337,,170801.75
PL000565,PR00263,CTV App Video,Gecko's Garage,CTV,CPM,2026-06-17,2026-08-16,243242,24.38,5930.26
PL000566,PR00263,YouTube Contextual Pre-roll,Gecko's Garage,YouTube,CPM,2026-06-17,2026-08-16,5091492,10.58,53867.99
PL000567,PR00264,YouTube Shorts Sponsorship,Gecko's Garage,YouTube,CPM,2026-06-17,2026-08-16,20362400,8.83,179800.0
PL000568,PR00265,YouTube Contextual Pre-roll,Little Angel,YouTube,CPM,2025-07-29,2025-09-12,587698,13.0,7640.08
PL000569,PR00265,Branded Content Integration,Blippi,YouTube,Flat Fee,2025-07-29,2025-09-12,620160,,26956.58
PL000570,PR00265,CTV App Video,Blippi,CTV,CPM,2025-07-29,2025-09-12,1366306,26.79,36603.34
PL000571,PR00266,FAST Channel Video,Blippi,FAST,CPM,2025-07-29,2025-09-12,1065105,20.74,22090.29
PL000572,PR00266,YouTube Contextual Pre-roll,Blippi,YouTube,CPM,2025-07-29,2025-09-12,1134144,12.21,13847.91
PL000573,PR00266,YouTube Shorts Sponsorship,Blippi,YouTube,CPM,2025-07-29,2025-09-12,3597968,6.89,24790.0
PL000574,PR00266,Branded Content Integration,Blippi,YouTube,Flat Fee,2025-07-29,2025-09-12,51006,,2471.8
PL000575,PR00267,FAST Channel Video,Blippi,FAST,CPM,2025-07-29,2025-09-12,1135186,23.92,27153.66
PL000576,PR00267,Branded Content Integration,Blippi,YouTube,Flat Fee,2025-07-29,2025-09-12,1149587,,41846.34
PL000577,PR00268,Branded Content Integration,Blippi,YouTube,Flat Fee,2025-08-16,2025-09-27,708310,,28470.24
PL000578,PR00268,YouTube Shorts Sponsorship,Blippi,YouTube,CPM,2025-08-16,2025-09-27,4186841,9.47,39649.39
PL000579,PR00268,YouTube Contextual Pre-roll,CoComelon,YouTube,CPM,2025-08-16,2025-09-27,1157997,13.8,15980.36
PL000580,PR00269,YouTube Contextual Pre-roll,Blippi,YouTube,CPM,2025-08-16,2025-09-27,3006646,11.78,35418.3
PL000581,PR00269,YouTube Shorts Sponsorship,Blippi,YouTube,CPM,2025-08-16,2025-09-27,2862844,9.02,25822.86
PL000582,PR00269,Branded Content Integration,Blippi,YouTube,Flat Fee,2025-08-16,2025-09-27,580520,,25858.85
PL000583,PR00270,Branded Content Integration,Little Baby Bum,YouTube,Flat Fee,2026-01-18,2026-03-01,126967,,7524.81
PL000584,PR00270,FAST Channel Video,Little Baby Bum,FAST,CPM,2026-01-18,2026-03-01,2451308,22.89,56110.46
PL000585,PR00270,YouTube Contextual Pre-roll,Little Baby Bum,YouTube,CPM,2026-01-18,2026-03-01,2438706,11.18,27264.74
PL000586,PR00271,FAST Channel Video,Blippi,FAST,CPM,2025-10-11,2026-01-09,3206377,22.58,72400.0
PL000587,PR00272,FAST Channel Video,Little Baby Bum,FAST,CPM,2025-11-16,2025-12-14,5579463,24.47,136529.46
PL000588,PR00272,Branded Content Integration,Little Baby Bum,YouTube,Flat Fee,2025-11-16,2025-12-14,1417062,,79570.54
PL000589,PR00273,YouTube Contextual Pre-roll,CoComelon,YouTube,CPM,2026-05-17,2026-06-14,7591312,10.13,76900.0
PL000590,PR00274,YouTube Contextual Pre-roll,Morphle,YouTube,CPM,2026-05-17,2026-06-14,3060638,12.82,39237.38
PL000591,PR00274,Branded Content Integration,Blippi,YouTube,Flat Fee,2026-05-17,2026-06-14,958736,,45162.62
PL000592,PR00275,YouTube Contextual Pre-roll,CoComelon,YouTube,CPM,2025-09-27,2025-10-25,11819056,10.39,122800.0
PL000593,PR00276,YouTube Contextual Pre-roll,CoComelon,YouTube,CPM,2025-08-31,2025-11-29,1440579,11.95,17214.92
PL000594,PR00276,FAST Channel Video,CoComelon,FAST,CPM,2025-08-31,2025-11-29,646516,27.66,17882.66
PL000595,PR00276,CTV App Video,CoComelon,CTV,CPM,2025-08-31,2025-11-29,735906,25.55,18802.42
PL000596,PR00277,FAST Channel Video,CoComelon,FAST,CPM,2025-08-31,2025-11-29,2572677,22.51,57910.96
PL000597,PR00277,YouTube Shorts Sponsorship,CoComelon,YouTube,CPM,2025-08-31,2025-11-29,617455,8.08,4989.04
PL000598,PR00278,CTV App Video,CoComelon,CTV,CPM,2025-08-31,2025-11-29,352727,25.28,8916.96
PL000599,PR00278,FAST Channel Video,CoComelon,FAST,CPM,2025-08-31,2025-11-29,2284824,22.27,50883.04
PL000600,PR00279,YouTube Shorts Sponsorship,CoComelon,YouTube,CPM,2026-06-11,2026-08-10,5617053,7.6,42689.61
PL000601,PR00279,FAST Channel Video,CoComelon,FAST,CPM,2026-06-11,2026-08-10,586301,20.81,12200.93
PL000602,PR00279,YouTube Contextual Pre-roll,Go Buster,YouTube,CPM,2026-06-11,2026-08-10,1213460,9.32,11309.45
PL000603,PR00280,CTV App Video,Morphle,CTV,CPM,2025-10-10,2025-11-07,2144683,26.97,57842.12
PL000604,PR00280,YouTube Contextual Pre-roll,Morphle,YouTube,CPM,2025-10-10,2025-11-07,10791921,9.67,104357.88
PL000605,PR00281,CTV App Video,Blippi,CTV,CPM,2025-10-10,2025-11-07,6591827,22.27,146800.0
PL000606,PR00282,FAST Channel Video,Blippi,FAST,CPM,2026-03-22,2026-05-03,6839950,24.43,167100.0
PL000607,PR00283,FAST Channel Video,Blippi,FAST,CPM,2026-03-22,2026-05-03,2917080,23.13,67472.08
PL000608,PR00283,Branded Content Integration,Blippi,YouTube,Flat Fee,2026-03-22,2026-05-03,1688259,,85127.92
PL000609,PR00284,FAST Channel Video,CoComelon,FAST,CPM,2026-02-01,2026-03-01,4166004,25.18,104900.0
PL000610,PR00285,YouTube Contextual Pre-roll,CoComelon,YouTube,CPM,2026-02-01,2026-03-01,5163483,9.85,50860.31
PL000611,PR00285,CTV App Video,CoComelon,CTV,CPM,2026-02-01,2026-03-01,1073043,22.37,24003.99
PL000612,PR00285,Branded Content Integration,CoComelon,YouTube,Flat Fee,2026-02-01,2026-03-01,493758,,23635.7
PL000613,PR00286,Branded Content Integration,Blippi,YouTube,Flat Fee,2026-10-11,2026-11-08,137329,,8226.81
PL000614,PR00286,CTV App Video,CoComelon,CTV,CPM,2026-10-11,2026-11-08,4029504,24.26,97755.79
PL000615,PR00286,FAST Channel Video,CoComelon,FAST,CPM,2026-10-11,2026-11-08,1403925,20.74,29117.41
PL000616,PR00287,YouTube Contextual Pre-roll,Blippi,YouTube,CPM,2026-10-11,2026-11-08,13711442,10.05,137800.0
PL000617,PR00288,FAST Channel Video,CoComelon,FAST,CPM,2026-01-12,2026-02-23,1536785,25.1,38573.32
PL000618,PR00288,Branded Content Integration,Morphle,YouTube,Flat Fee,2026-01-12,2026-02-23,478475,,27926.68
PL000619,PR00289,CTV App Video,Supa Strikas,CTV,CPM,2026-08-14,2026-09-25,1164110,23.5,27356.6
PL000620,PR00289,YouTube Contextual Pre-roll,Supa Strikas,YouTube,CPM,2026-08-14,2026-09-25,2728514,12.99,35443.4
PL000621,PR00290,FAST Channel Video,Blippi,FAST,CPM,2026-09-04,2026-10-19,3539731,22.91,81095.24
PL000622,PR00290,Branded Content Integration,Blippi,YouTube,Flat Fee,2026-09-04,2026-10-19,785344,,46004.76
PL000623,PR00291,CTV App Video,Supa Strikas,CTV,CPM,2025-11-30,2026-01-29,1986824,24.75,49173.91
PL000624,PR00291,Branded Content Integration,Supa Strikas,YouTube,Flat Fee,2025-11-30,2026-01-29,51110,,1860.31
PL000625,PR00291,YouTube Contextual Pre-roll,Supa Strikas,YouTube,CPM,2025-11-30,2026-01-29,765262,12.5,9565.78
PL000626,PR00292,YouTube Shorts Sponsorship,Supa Strikas,YouTube,CPM,2025-11-30,2026-01-29,1924148,7.45,14334.91
PL000627,PR00292,CTV App Video,Supa Strikas,CTV,CPM,2025-11-30,2026-01-29,239216,30.21,7226.72
PL000628,PR00292,Branded Content Integration,Supa Strikas,YouTube,Flat Fee,2025-11-30,2026-01-29,525240,,26338.37
PL000629,PR00293,FAST Channel Video,Supa Strikas,FAST,CPM,2025-11-30,2026-01-29,360138,24.42,8794.57
PL000630,PR00293,Branded Content Integration,Supa Strikas,YouTube,Flat Fee,2025-11-30,2026-01-29,67801,,2988.12
PL000631,PR00293,CTV App Video,CoComelon,CTV,CPM,2025-11-30,2026-01-29,1268904,30.67,38917.31
PL000632,PR00294,FAST Channel Video,CoComelon,FAST,CPM,2025-03-22,2025-05-03,752262,27.01,20318.6
PL000633,PR00294,YouTube Shorts Sponsorship,Morphle,YouTube,CPM,2025-03-22,2025-05-03,5104973,8.79,44872.72
PL000634,PR00294,Branded Content Integration,CoComelon,YouTube,Flat Fee,2025-03-22,2025-05-03,1264835,,63308.69
PL000635,PR00295,CTV App Video,CoComelon,CTV,CPM,2025-03-22,2025-05-03,903700,28.42,25683.17
PL000636,PR00295,YouTube Shorts Sponsorship,CoComelon,YouTube,CPM,2025-03-22,2025-05-03,8244887,9.16,75523.17
PL000637,PR00295,YouTube Contextual Pre-roll,CoComelon,YouTube,CPM,2025-03-22,2025-05-03,172150,11.0,1893.66
PL000638,PR00296,YouTube Contextual Pre-roll,CoComelon,YouTube,CPM,2026-10-12,2026-11-09,4569307,10.41,47566.49
PL000639,PR00296,FAST Channel Video,CoComelon,FAST,CPM,2026-10-12,2026-11-09,4626569,22.94,106133.51
PL000640,PR00297,YouTube Contextual Pre-roll,CoComelon,YouTube,CPM,2025-11-26,2025-12-24,901734,13.28,11975.04
PL000641,PR00297,FAST Channel Video,CoComelon,FAST,CPM,2025-11-26,2025-12-24,1331364,27.96,37224.96
PL000642,PR00298,FAST Channel Video,Supa Strikas,FAST,CPM,2025-04-15,2025-05-27,9259632,23.76,220008.88
PL000643,PR00298,YouTube Shorts Sponsorship,Supa Strikas,YouTube,CPM,2025-04-15,2025-05-27,972233,7.87,7651.48
PL000644,PR00298,YouTube Contextual Pre-roll,Supa Strikas,YouTube,CPM,2025-04-15,2025-05-27,640922,13.48,8639.64
PL000645,PR00299,YouTube Shorts Sponsorship,Supa Strikas,YouTube,CPM,2025-04-15,2025-05-27,16964149,9.38,159123.72
PL000646,PR00299,CTV App Video,CoComelon,CTV,CPM,2025-04-15,2025-05-27,2028285,22.94,46528.88
PL000647,PR00299,FAST Channel Video,CoComelon,FAST,CPM,2025-04-15,2025-05-27,161470,21.35,3447.39
PL000648,PR00300,Branded Content Integration,Supa Strikas,YouTube,Flat Fee,2025-04-15,2025-05-27,1155,,40.56
PL000649,PR00300,FAST Channel Video,Supa Strikas,FAST,CPM,2025-04-15,2025-05-27,8878705,21.44,190359.44
PL000650,PR00301,FAST Channel Video,CoComelon,FAST,CPM,2026-09-10,2026-10-22,4942994,20.35,100589.94
PL000651,PR00301,YouTube Contextual Pre-roll,CoComelon,YouTube,CPM,2026-09-10,2026-10-22,16771078,11.27,189010.06
PL000652,PR00302,Branded Content Integration,Blippi,YouTube,Flat Fee,2026-09-10,2026-10-22,165549,,9097.53
PL000653,PR00302,CTV App Video,CoComelon,CTV,CPM,2026-09-10,2026-10-22,519267,27.47,14264.28
PL000654,PR00302,YouTube Contextual Pre-roll,CoComelon,YouTube,CPM,2026-09-10,2026-10-22,22371901,9.46,211638.19
PL000655,PR00303,YouTube Shorts Sponsorship,Oddbods,YouTube,CPM,2025-09-07,2025-10-19,25577957,6.36,162675.81
PL000656,PR00303,YouTube Contextual Pre-roll,Oddbods,YouTube,CPM,2025-09-07,2025-10-19,878615,10.84,9524.19
PL000657,PR00304,YouTube Shorts Sponsorship,Oddbods,YouTube,CPM,2025-09-07,2025-10-19,21139755,7.37,155800.0
PL000658,PR00305,Branded Content Integration,CoComelon,YouTube,Flat Fee,2025-11-03,2025-12-18,3146132,,142600.0
PL000659,PR00306,FAST Channel Video,CoComelon,FAST,CPM,2025-11-03,2025-12-18,2916018,20.91,60973.95
PL000660,PR00306,YouTube Contextual Pre-roll,CoComelon,YouTube,CPM,2025-11-03,2025-12-18,10861217,9.9,107526.05
PL000661,PR00307,Branded Content Integration,CoComelon,YouTube,Flat Fee,2025-11-03,2025-12-18,1504526,,64466.93
PL000662,PR00307,YouTube Contextual Pre-roll,CoComelon,YouTube,CPM,2025-11-03,2025-12-18,7094063,12.79,90733.07
PL000663,PR00308,Branded Content Integration,Blippi,YouTube,Flat Fee,2025-11-09,2025-12-24,1574663,,87235.11
PL000664,PR00308,FAST Channel Video,CoComelon,FAST,CPM,2025-11-09,2025-12-24,604835,21.51,13010.01
PL000665,PR00308,CTV App Video,CoComelon,CTV,CPM,2025-11-09,2025-12-24,21696,26.81,581.68
PL000666,PR00308,YouTube Contextual Pre-roll,CoComelon,YouTube,CPM,2025-11-09,2025-12-24,1505699,10.21,15373.19
PL000667,PR00309,YouTube Contextual Pre-roll,CoComelon,YouTube,CPM,2025-11-09,2025-12-24,7530514,9.11,68602.99
PL000668,PR00309,FAST Channel Video,CoComelon,FAST,CPM,2025-11-09,2025-12-24,3256221,21.22,69097.01
PL000669,PR00310,YouTube Shorts Sponsorship,CoComelon,YouTube,CPM,2025-11-09,2025-12-24,6382621,7.18,45827.22
PL000670,PR00310,FAST Channel Video,Blippi,FAST,CPM,2025-11-09,2025-12-24,1823102,22.67,41329.74
PL000671,PR00310,YouTube Contextual Pre-roll,CoComelon,YouTube,CPM,2025-11-09,2025-12-24,1823491,13.24,24143.03
PL000672,PR00311,YouTube Contextual Pre-roll,Blippi,YouTube,CPM,2025-11-26,2026-01-10,29245944,13.21,386338.93
PL000673,PR00311,Branded Content Integration,Blippi,YouTube,Flat Fee,2025-11-26,2026-01-10,2025779,,85761.07
PL000674,PR00312,FAST Channel Video,Gecko's Garage,FAST,CPM,2026-09-03,2026-10-01,3280858,27.95,91700.0
PL000675,PR00313,YouTube Contextual Pre-roll,Little Angel,YouTube,CPM,2026-09-11,2026-10-11,42372881,10.03,425000.0
PL000676,PR00314,YouTube Contextual Pre-roll,Little Angel,YouTube,CPM,2026-09-11,2026-10-11,2317853,12.24,28370.53
PL000677,PR00314,YouTube Shorts Sponsorship,Little Angel,YouTube,CPM,2026-09-11,2026-10-11,12399424,6.55,81216.23
PL000678,PR00314,FAST Channel Video,Blippi,FAST,CPM,2026-09-11,2026-10-11,8235361,23.33,192130.98
PL000679,PR00314,CTV App Video,Little Angel,CTV,CPM,2026-09-11,2026-10-11,7467577,24.45,182582.26
PL000680,PR00315,YouTube Shorts Sponsorship,Little Angel,YouTube,CPM,2026-09-11,2026-10-11,5429292,9.02,48972.22
PL000681,PR00315,FAST Channel Video,Little Angel,FAST,CPM,2026-09-11,2026-10-11,10906899,25.32,276162.69
PL000682,PR00315,YouTube Contextual Pre-roll,Little Angel,YouTube,CPM,2026-09-11,2026-10-11,10842998,12.77,138465.09
PL000683,PR00316,Branded Content Integration,Arpo,YouTube,Flat Fee,2025-04-11,2025-05-09,1439522,,78754.16
PL000684,PR00316,CTV App Video,Arpo,CTV,CPM,2025-04-11,2025-05-09,738912,28.97,21406.29
PL000685,PR00316,YouTube Shorts Sponsorship,Oddbods,YouTube,CPM,2025-04-11,2025-05-09,17196791,7.62,131039.55
PL000686,PR00317,Branded Content Integration,Arpo,YouTube,Flat Fee,2025-04-11,2025-05-09,3395466,,179864.68
PL000687,PR00317,YouTube Contextual Pre-roll,Blippi,YouTube,CPM,2025-04-11,2025-05-09,310711,11.7,3635.32
PL000688,PR00318,FAST Channel Video,Little Angel,FAST,CPM,2026-03-08,2026-04-05,6152917,23.99,147608.5
PL000689,PR00318,YouTube Shorts Sponsorship,Little Angel,YouTube,CPM,2026-03-08,2026-04-05,10295296,7.76,79891.5
PL000690,PR00319,CTV App Video,Little Angel,CTV,CPM,2026-03-08,2026-04-05,6860709,26.85,184210.06
PL000691,PR00319,YouTube Shorts Sponsorship,Little Angel,YouTube,CPM,2026-03-08,2026-04-05,364588,9.87,3598.49
PL000692,PR00319,YouTube Contextual Pre-roll,Little Angel,YouTube,CPM,2026-03-08,2026-04-05,557205,11.65,6491.44
PL000693,PR00320,FAST Channel Video,CoComelon,FAST,CPM,2025-06-24,2025-08-05,15559921,20.36,316800.0
PL000694,PR00321,YouTube Contextual Pre-roll,Oddbods,YouTube,CPM,2026-09-19,2026-11-03,2631286,10.39,27339.07
PL000695,PR00321,FAST Channel Video,Oddbods,FAST,CPM,2026-09-19,2026-11-03,4064771,21.32,86660.93
PL000696,PR00322,FAST Channel Video,Oddbods,FAST,CPM,2026-09-19,2026-11-03,4473889,25.66,114800.0
PL000697,PR00323,Branded Content Integration,Blippi,YouTube,Flat Fee,2026-09-17,2026-10-17,1019888,,49300.0
PL000698,PR00324,YouTube Shorts Sponsorship,CoComelon,YouTube,CPM,2026-09-17,2026-10-17,2376931,7.75,18421.22
PL000699,PR00324,YouTube Contextual Pre-roll,Little Baby Bum,YouTube,CPM,2026-09-17,2026-10-17,1667577,13.3,22178.78
PL000700,PR00325,CTV App Video,CoComelon,CTV,CPM,2025-05-28,2025-06-25,6981296,22.99,160500.0
PL000701,PR00326,FAST Channel Video,Supa Strikas,FAST,CPM,2025-11-19,2026-01-03,259877,22.44,5831.66
PL000702,PR00326,YouTube Contextual Pre-roll,Supa Strikas,YouTube,CPM,2025-11-19,2026-01-03,4370312,9.42,41168.34
PL000703,PR00327,FAST Channel Video,Supa Strikas,FAST,CPM,2025-11-19,2026-01-03,925353,21.96,20320.77
PL000704,PR00327,CTV App Video,Go Buster,CTV,CPM,2025-11-19,2026-01-03,39919,27.55,1099.79
PL000705,PR00327,YouTube Contextual Pre-roll,Supa Strikas,YouTube,CPM,2025-11-19,2026-01-03,1568104,13.06,20479.44
PL000706,PR00328,Branded Content Integration,Arpo,YouTube,Flat Fee,2025-10-13,2026-01-11,591165,,30244.68
PL000707,PR00328,YouTube Shorts Sponsorship,Arpo,YouTube,CPM,2025-10-13,2026-01-11,18529998,7.91,146572.29
PL000708,PR00328,FAST Channel Video,Little Angel,FAST,CPM,2025-10-13,2026-01-11,4289276,23.31,99983.03
PL000709,PR00329,Branded Content Integration,Oddbods,YouTube,Flat Fee,2026-07-11,2026-09-09,904906,,48829.21
PL000710,PR00329,YouTube Contextual Pre-roll,Oddbods,YouTube,CPM,2026-07-11,2026-09-09,3427015,12.55,43009.04
PL000711,PR00329,YouTube Shorts Sponsorship,Oddbods,YouTube,CPM,2026-07-11,2026-09-09,8658225,9.27,80261.75
PL000712,PR00330,YouTube Contextual Pre-roll,Oddbods,YouTube,CPM,2026-07-11,2026-09-09,875321,10.4,9103.34
PL000713,PR00330,CTV App Video,Little Angel,CTV,CPM,2026-07-11,2026-09-09,4652526,24.09,112079.37
PL000714,PR00330,FAST Channel Video,Oddbods,FAST,CPM,2026-07-11,2026-09-09,1581380,26.57,42017.29
PL000715,PR00331,FAST Channel Video,Little Angel,FAST,CPM,2025-11-01,2025-12-31,5565741,20.38,113429.82
PL000716,PR00331,YouTube Contextual Pre-roll,Blippi,YouTube,CPM,2025-11-01,2025-12-31,6547275,10.58,69270.18
PL000717,PR00332,FAST Channel Video,Go Buster,FAST,CPM,2025-06-09,2025-07-07,20061755,22.67,454800.0
PL000718,PR00333,YouTube Contextual Pre-roll,Morphle,YouTube,CPM,2025-06-09,2025-07-07,21626238,13.11,283519.99
PL000719,PR00333,FAST Channel Video,Go Buster,FAST,CPM,2025-06-09,2025-07-07,6412974,21.89,140380.01
PL000720,PR00334,YouTube Contextual Pre-roll,Little Baby Bum,YouTube,CPM,2026-06-09,2026-09-07,5149631,10.91,56182.48
PL000721,PR00334,FAST Channel Video,Little Baby Bum,FAST,CPM,2026-06-09,2026-09-07,4232033,26.02,110117.52
PL000722,PR00335,Branded Content Integration,Little Baby Bum,YouTube,Flat Fee,2026-06-09,2026-09-07,2027804,,94506.3
PL000723,PR00335,CTV App Video,Little Baby Bum,CTV,CPM,2026-06-09,2026-09-07,1801195,28.2,50793.7
PL000724,PR00336,CTV App Video,Gecko's Garage,CTV,CPM,2026-10-01,2026-11-30,5416036,26.36,142766.71
PL000725,PR00336,YouTube Contextual Pre-roll,Oddbods,YouTube,CPM,2026-10-01,2026-11-30,24728531,10.56,261133.29
PL000726,PR00337,CTV App Video,Gecko's Garage,CTV,CPM,2026-10-01,2026-11-30,10792033,25.69,277247.33
PL000727,PR00337,YouTube Contextual Pre-roll,Gecko's Garage,YouTube,CPM,2026-10-01,2026-11-30,11504834,11.93,137252.67
PL000728,PR00338,Branded Content Integration,Blippi,YouTube,Flat Fee,2025-11-18,2026-01-17,319605,,17491.93
PL000729,PR00338,FAST Channel Video,Blippi,FAST,CPM,2025-11-18,2026-01-17,965321,21.76,21005.39
PL000730,PR00338,YouTube Shorts Sponsorship,Blippi,YouTube,CPM,2025-11-18,2026-01-17,10276150,6.89,70802.68
PL000731,PR00339,FAST Channel Video,Blippi,FAST,CPM,2025-11-18,2026-01-17,1697559,26.15,44391.18
PL000732,PR00339,YouTube Contextual Pre-roll,Morphle,YouTube,CPM,2025-11-18,2026-01-17,4017354,10.88,43708.82
PL000733,PR00340,YouTube Contextual Pre-roll,CoComelon,YouTube,CPM,2025-10-10,2025-11-09,4674854,12.39,57921.45
PL000734,PR00340,Branded Content Integration,CoComelon,YouTube,Flat Fee,2025-10-10,2025-11-09,2331710,,88078.55
PL000735,PR00341,YouTube Contextual Pre-roll,Morphle,YouTube,CPM,2026-09-25,2026-11-24,24736829,12.76,315641.94
PL000736,PR00341,FAST Channel Video,Morphle,FAST,CPM,2026-09-25,2026-11-24,4302370,24.07,103558.06
PL000737,PR00342,YouTube Shorts Sponsorship,CoComelon,YouTube,CPM,2026-10-13,2026-11-12,4658529,6.1,28417.03
PL000738,PR00342,FAST Channel Video,CoComelon,FAST,CPM,2026-10-13,2026-11-12,4976626,22.12,110082.97
PL000739,PR00343,YouTube Shorts Sponsorship,CoComelon,YouTube,CPM,2026-10-13,2026-11-12,13810032,9.37,129400.0
PL000740,PR00344,CTV App Video,Oddbods,CTV,CPM,2026-01-07,2026-02-04,168174,26.04,4379.27
PL000741,PR00344,Branded Content Integration,CoComelon,YouTube,Flat Fee,2026-01-07,2026-02-04,265716,,13653.25
PL000742,PR00344,YouTube Contextual Pre-roll,CoComelon,YouTube,CPM,2026-01-07,2026-02-04,14487,11.56,167.48
PL000743,PR00345,YouTube Shorts Sponsorship,Oddbods,YouTube,CPM,2026-04-15,2026-05-15,2749895,6.51,17901.82
PL000744,PR00345,FAST Channel Video,CoComelon,FAST,CPM,2026-04-15,2026-05-15,1510505,26.48,39998.18
PL000745,PR00346,FAST Channel Video,Supa Strikas,FAST,CPM,2026-10-03,2026-11-17,1832203,20.56,37670.1
PL000746,PR00346,YouTube Contextual Pre-roll,CoComelon,YouTube,CPM,2026-10-03,2026-11-17,2488342,10.17,25306.44
PL000747,PR00346,CTV App Video,Supa Strikas,CTV,CPM,2026-10-03,2026-11-17,3608962,22.7,81923.46
PL000748,PR00347,FAST Channel Video,Blippi,FAST,CPM,2025-02-19,2025-04-02,1255925,25.73,32314.96
PL000749,PR00347,YouTube Contextual Pre-roll,Blippi,YouTube,CPM,2025-02-19,2025-04-02,7201302,10.01,72085.04
PL000750,PR00348,YouTube Shorts Sponsorship,Blippi,YouTube,CPM,2025-02-19,2025-04-02,6008969,6.99,42002.7
PL000751,PR00348,Branded Content Integration,Blippi,YouTube,Flat Fee,2025-02-19,2025-04-02,1169719,,55297.3
PL000752,PR00349,YouTube Shorts Sponsorship,Little Angel,YouTube,CPM,2025-11-09,2025-12-21,2683407,6.18,16583.46
PL000753,PR00349,YouTube Contextual Pre-roll,Little Angel,YouTube,CPM,2025-11-09,2025-12-21,6400044,12.19,78016.54
PL000754,PR00350,YouTube Shorts Sponsorship,Little Angel,YouTube,CPM,2025-11-09,2025-12-21,4759377,6.04,28746.64
PL000755,PR00350,CTV App Video,Little Angel,CTV,CPM,2025-11-09,2025-12-21,436067,31.17,13592.21
PL000756,PR00350,Branded Content Integration,Little Angel,YouTube,Flat Fee,2025-11-09,2025-12-21,1047585,,49361.15
PL000757,PR00351,YouTube Contextual Pre-roll,Little Angel,YouTube,CPM,2025-11-09,2025-12-21,6237072,12.57,78400.0
PL000758,PR00352,YouTube Shorts Sponsorship,Little Angel,YouTube,CPM,2025-04-24,2025-05-24,4687570,7.69,36047.42
PL000759,PR00352,YouTube Contextual Pre-roll,CoComelon,YouTube,CPM,2025-04-24,2025-05-24,15236202,9.96,151752.58
PL000760,PR00353,CTV App Video,CoComelon,CTV,CPM,2025-08-23,2025-09-20,7363869,31.22,229900.0
PL000761,PR00354,YouTube Contextual Pre-roll,Little Angel,YouTube,CPM,2025-08-23,2025-09-20,1352320,12.39,16755.25
PL000762,PR00354,Branded Content Integration,Blippi,YouTube,Flat Fee,2025-08-23,2025-09-20,1330107,,67680.96
PL000763,PR00354,FAST Channel Video,CoComelon,FAST,CPM,2025-08-23,2025-09-20,3482424,26.81,93363.79
PL000764,PR00355,YouTube Shorts Sponsorship,CoComelon,YouTube,CPM,2025-11-08,2026-01-07,8103261,8.9,72119.03
PL000765,PR00355,FAST Channel Video,Blippi,FAST,CPM,2025-11-08,2026-01-07,2612175,27.02,70580.97
PL000766,PR00356,YouTube Contextual Pre-roll,CoComelon,YouTube,CPM,2025-11-08,2026-01-07,556659,11.6,6457.25
PL000767,PR00356,FAST Channel Video,Little Angel,FAST,CPM,2025-11-08,2026-01-07,5990262,22.31,133642.75
PL000768,PR00357,YouTube Contextual Pre-roll,Supa Strikas,YouTube,CPM,2025-05-18,2025-06-15,4788952,13.84,66279.1
PL000769,PR00357,YouTube Shorts Sponsorship,Supa Strikas,YouTube,CPM,2025-05-18,2025-06-15,4171102,9.45,39416.92
PL000770,PR00357,FAST Channel Video,Supa Strikas,FAST,CPM,2025-05-18,2025-06-15,4813617,27.61,132903.98
PL000771,PR00358,YouTube Shorts Sponsorship,Supa Strikas,YouTube,CPM,2025-05-18,2025-06-15,17533498,8.02,140618.66
PL000772,PR00358,YouTube Contextual Pre-roll,Supa Strikas,YouTube,CPM,2025-05-18,2025-06-15,7209479,12.8,92281.34
PL000773,PR00359,YouTube Shorts Sponsorship,Oddbods,YouTube,CPM,2025-10-01,2025-11-30,94572271,6.78,641200.0
PL000774,PR00360,FAST Channel Video,CoComelon,FAST,CPM,2026-10-02,2026-11-16,11391523,20.74,236260.2
PL000775,PR00360,YouTube Contextual Pre-roll,CoComelon,YouTube,CPM,2026-10-02,2026-11-16,1093388,10.92,11939.8
PL000776,PR00361,CTV App Video,Supa Strikas,CTV,CPM,2026-08-19,2026-10-03,1013523,25.08,25419.16
PL000777,PR00361,Branded Content Integration,Blippi,YouTube,Flat Fee,2026-08-19,2026-10-03,244402,,8980.84
PL000778,PR00362,CTV App Video,Blippi,CTV,CPM,2026-08-02,2026-10-31,2046944,28.58,58501.67
PL000779,PR00362,YouTube Shorts Sponsorship,CoComelon,YouTube,CPM,2026-08-02,2026-10-31,2225468,6.4,14243.0
PL000780,PR00362,Branded Content Integration,CoComelon,YouTube,Flat Fee,2026-08-02,2026-10-31,3809864,,201155.33
PL000781,PR00363,Branded Content Integration,CoComelon,YouTube,Flat Fee,2026-08-02,2026-10-31,731305,,27187.94
PL000782,PR00363,CTV App Video,Arpo,CTV,CPM,2026-08-02,2026-10-31,7254849,31.87,231212.06
PL000783,PR00364,YouTube Contextual Pre-roll,Oddbods,YouTube,CPM,2025-10-06,2025-11-03,8467143,12.0,101605.72
PL000784,PR00364,CTV App Video,Arpo,CTV,CPM,2025-10-06,2025-11-03,898110,25.77,23144.31
PL000785,PR00364,Branded Content Integration,Arpo,YouTube,Flat Fee,2025-10-06,2025-11-03,2053151,,91449.97
PL000786,PR00365,Branded Content Integration,Blippi,YouTube,Flat Fee,2025-10-06,2025-11-03,2471934,,93400.95
PL000787,PR00365,YouTube Shorts Sponsorship,Arpo,YouTube,CPM,2025-10-06,2025-11-03,3499487,8.37,29290.71
PL000788,PR00365,YouTube Contextual Pre-roll,Arpo,YouTube,CPM,2025-10-06,2025-11-03,6864211,13.71,94108.34
PL000789,PR00366,YouTube Shorts Sponsorship,Arpo,YouTube,CPM,2025-10-06,2025-11-03,24216855,6.01,145543.3
PL000790,PR00366,Branded Content Integration,Arpo,YouTube,Flat Fee,2025-10-06,2025-11-03,745073,,41856.7
PL000791,PR00367,YouTube Contextual Pre-roll,CoComelon,YouTube,CPM,2026-01-30,2026-03-31,4226184,10.6,44797.56
PL000792,PR00367,CTV App Video,Little Baby Bum,CTV,CPM,2026-01-30,2026-03-31,468488,28.89,13534.62
PL000793,PR00367,Branded Content Integration,Little Baby Bum,YouTube,Flat Fee,2026-01-30,2026-03-31,520125,,25667.83
PL000794,PR00368,Branded Content Integration,CoComelon,YouTube,Flat Fee,2026-08-07,2026-11-05,277476,,12127.87
PL000795,PR00368,YouTube Contextual Pre-roll,CoComelon,YouTube,CPM,2026-08-07,2026-11-05,1837665,9.36,17200.55
PL000796,PR00368,YouTube Shorts Sponsorship,CoComelon,YouTube,CPM,2026-08-07,2026-11-05,4862772,7.13,34671.57
PL000797,PR00369,CTV App Video,CoComelon,CTV,CPM,2026-08-07,2026-11-05,1882211,25.23,47488.2
PL000798,PR00369,FAST Channel Video,CoComelon,FAST,CPM,2026-08-07,2026-11-05,74704,26.93,2011.8
PL000799,PR00370,FAST Channel Video,Oddbods,FAST,CPM,2025-11-20,2026-02-18,8550664,24.08,205900.0
PL000800,PR00371,YouTube Contextual Pre-roll,CoComelon,YouTube,CPM,2026-01-29,2026-04-29,681225,12.0,8174.71
PL000801,PR00371,CTV App Video,CoComelon,CTV,CPM,2026-01-29,2026-04-29,671754,27.55,18506.84
PL000802,PR00371,Branded Content Integration,Blippi,YouTube,Flat Fee,2026-01-29,2026-04-29,687783,,27618.46
PL000803,PR00372,YouTube Contextual Pre-roll,CoComelon,YouTube,CPM,2026-01-29,2026-04-29,1029464,10.49,10799.08
PL000804,PR00372,CTV App Video,CoComelon,CTV,CPM,2026-01-29,2026-04-29,1051335,31.77,33400.92
PL000805,PR00373,YouTube Contextual Pre-roll,CoComelon,YouTube,CPM,2026-01-29,2026-04-29,672043,12.3,8266.13
PL000806,PR00373,Branded Content Integration,CoComelon,YouTube,Flat Fee,2026-01-29,2026-04-29,500900,,26235.94
PL000807,PR00373,FAST Channel Video,CoComelon,FAST,CPM,2026-01-29,2026-04-29,405089,27.89,11297.94
PL000808,PR00374,Branded Content Integration,CoComelon,YouTube,Flat Fee,2025-10-14,2025-12-13,633912,,23415.55
PL000809,PR00374,YouTube Shorts Sponsorship,CoComelon,YouTube,CPM,2025-10-14,2025-12-13,10944790,6.44,70484.45
PL000810,PR00375,YouTube Contextual Pre-roll,Little Baby Bum,YouTube,CPM,2025-09-02,2025-12-01,2148122,13.03,27990.03
PL000811,PR00375,CTV App Video,Little Baby Bum,CTV,CPM,2025-09-02,2025-12-01,2044495,29.89,61109.97
PL000812,PR00376,YouTube Contextual Pre-roll,CoComelon,YouTube,CPM,2026-07-25,2026-08-24,1934430,10.38,20079.39
PL000813,PR00376,Branded Content Integration,CoComelon,YouTube,Flat Fee,2026-07-25,2026-08-24,24445,,1394.22
PL000814,PR00376,CTV App Video,CoComelon,CTV,CPM,2026-07-25,2026-08-24,563322,30.58,17226.39
PL000815,PR00377,CTV App Video,CoComelon,CTV,CPM,2026-07-25,2026-08-24,44675,24.4,1090.07
PL000816,PR00377,Branded Content Integration,CoComelon,YouTube,Flat Fee,2026-07-25,2026-08-24,1167435,,43328.92
PL000817,PR00377,FAST Channel Video,CoComelon,FAST,CPM,2026-07-25,2026-08-24,72194,27.44,1981.01
PL000818,PR00378,Branded Content Integration,CoComelon,YouTube,Flat Fee,2026-07-25,2026-08-24,681435,,36300.0
PL000819,PR00379,YouTube Contextual Pre-roll,Blippi,YouTube,CPM,2025-07-16,2025-08-15,16640075,10.09,167898.36
PL000820,PR00379,CTV App Video,Blippi,CTV,CPM,2025-07-16,2025-08-15,1761941,31.33,55201.64
PL000821,PR00380,FAST Channel Video,CoComelon,FAST,CPM,2025-07-16,2025-08-15,8654319,20.05,173519.1
PL000822,PR00380,Branded Content Integration,Blippi,YouTube,Flat Fee,2025-07-16,2025-08-15,811614,,30580.9
PL000823,PR00381,YouTube Contextual Pre-roll,CoComelon,YouTube,CPM,2025-10-24,2025-12-08,7379487,13.5,99623.08
PL000824,PR00381,YouTube Shorts Sponsorship,CoComelon,YouTube,CPM,2025-10-24,2025-12-08,4026017,6.8,27376.92
PL000825,PR00382,Branded Content Integration,CoComelon,YouTube,Flat Fee,2025-10-24,2025-12-08,1919038,,99873.33
PL000826,PR00382,YouTube Contextual Pre-roll,CoComelon,YouTube,CPM,2025-10-24,2025-12-08,3207419,12.76,40926.67
PL000827,PR00383,FAST Channel Video,Supa Strikas,FAST,CPM,2026-07-27,2026-08-26,643184,24.94,16041.01
PL000828,PR00383,YouTube Contextual Pre-roll,Supa Strikas,YouTube,CPM,2026-07-27,2026-08-26,14376534,9.93,142758.99
PL000829,PR00384,YouTube Contextual Pre-roll,Blippi,YouTube,CPM,2025-12-07,2026-01-21,8276514,12.08,99980.3
PL000830,PR00384,Branded Content Integration,Blippi,YouTube,Flat Fee,2025-12-07,2026-01-21,1527578,,69019.7
PL000831,PR00385,YouTube Contextual Pre-roll,CoComelon,YouTube,CPM,2025-10-25,2025-12-09,25407554,10.06,255600.0
PL000832,PR00386,YouTube Contextual Pre-roll,CoComelon,YouTube,CPM,2026-10-04,2027-01-02,3410734,12.01,40962.92
PL000833,PR00386,FAST Channel Video,CoComelon,FAST,CPM,2026-10-04,2027-01-02,1904038,27.75,52837.08
PL000834,PR00387,FAST Channel Video,Gecko's Garage,FAST,CPM,2025-09-21,2025-10-19,1149579,27.8,31958.31
PL000835,PR00387,YouTube Contextual Pre-roll,Blippi,YouTube,CPM,2025-09-21,2025-10-19,195960,12.59,2467.14
PL000836,PR00387,Branded Content Integration,CoComelon,YouTube,Flat Fee,2025-09-21,2025-10-19,423355,,24674.55
PL000837,PR00388,CTV App Video,CoComelon,CTV,CPM,2025-08-30,2025-11-28,1374390,24.71,33961.2
PL000838,PR00388,YouTube Shorts Sponsorship,CoComelon,YouTube,CPM,2025-08-30,2025-11-28,11662469,6.64,77438.8
PL000839,PR00389,FAST Channel Video,CoComelon,FAST,CPM,2026-10-10,2026-12-09,7732230,26.59,205600.0
PL000840,PR00390,YouTube Contextual Pre-roll,CoComelon,YouTube,CPM,2026-10-10,2026-12-09,10407943,13.73,142901.07
PL000841,PR00390,FAST Channel Video,CoComelon,FAST,CPM,2026-10-10,2026-12-09,1029849,21.07,21698.93
PL000842,PR00391,CTV App Video,Supa Strikas,CTV,CPM,2025-12-06,2026-01-05,1427311,31.43,44860.39
PL000843,PR00391,YouTube Contextual Pre-roll,Supa Strikas,YouTube,CPM,2025-12-06,2026-01-05,2664707,10.41,27739.61
PL000844,PR00392,YouTube Contextual Pre-roll,Supa Strikas,YouTube,CPM,2025-12-06,2026-01-05,6196013,12.04,74600.0
PL000845,PR00393,YouTube Contextual Pre-roll,CoComelon,YouTube,CPM,2025-04-15,2025-05-15,8575865,11.72,100509.14
PL000846,PR00393,FAST Channel Video,CoComelon,FAST,CPM,2025-04-15,2025-05-15,2705990,24.35,65890.86
PL000847,PR00394,YouTube Contextual Pre-roll,CoComelon,YouTube,CPM,2025-04-15,2025-05-15,10406574,11.56,120300.0
PL000848,PR00395,YouTube Contextual Pre-roll,CoComelon,YouTube,CPM,2025-04-15,2025-05-15,10927424,9.74,106433.11
PL000849,PR00395,Branded Content Integration,Blippi,YouTube,Flat Fee,2025-04-15,2025-05-15,455761,,25966.89
PL000850,PR00396,FAST Channel Video,CoComelon,FAST,CPM,2026-06-23,2026-07-21,9897395,25.34,250800.0
PL000851,PR00397,FAST Channel Video,Supa Strikas,FAST,CPM,2025-04-18,2025-06-17,6565704,23.07,151470.81
PL000852,PR00397,YouTube Contextual Pre-roll,Supa Strikas,YouTube,CPM,2025-04-18,2025-06-17,2038425,11.69,23829.19
PL000853,PR00398,FAST Channel Video,Supa Strikas,FAST,CPM,2025-04-18,2025-06-17,1576228,23.37,36836.45
PL000854,PR00398,Branded Content Integration,Supa Strikas,YouTube,Flat Fee,2025-04-18,2025-06-17,563659,,30272.49
PL000855,PR00398,YouTube Shorts Sponsorship,Supa Strikas,YouTube,CPM,2025-04-18,2025-06-17,11785456,6.94,81791.07
PL000856,PR00399,CTV App Video,Supa Strikas,CTV,CPM,2026-03-21,2026-05-05,14502762,28.96,420000.0
PL000857,PR00400,YouTube Shorts Sponsorship,CoComelon,YouTube,CPM,2025-11-06,2025-12-06,30554869,6.45,197078.91
PL000858,PR00400,FAST Channel Video,CoComelon,FAST,CPM,2025-11-06,2025-12-06,2463050,25.14,61921.09
PL000859,PR00401,CTV App Video,Little Angel,CTV,CPM,2025-11-06,2025-12-06,1108120,30.76,34085.79
PL000860,PR00401,FAST Channel Video,CoComelon,FAST,CPM,2025-11-06,2025-12-06,5286466,26.64,140831.47
PL000861,PR00401,YouTube Contextual Pre-roll,Blippi,YouTube,CPM,2025-11-06,2025-12-06,5448823,12.55,68382.74
PL000862,PR00402,FAST Channel Video,Little Angel,FAST,CPM,2026-02-20,2026-03-20,2743787,24.41,66975.85
PL000863,PR00402,CTV App Video,Little Angel,CTV,CPM,2026-02-20,2026-03-20,1416852,22.32,31624.15
PL000864,PR00403,FAST Channel Video,Little Angel,FAST,CPM,2026-02-20,2026-03-20,3505912,22.52,78953.15
PL000865,PR00403,CTV App Video,CoComelon,CTV,CPM,2026-02-20,2026-03-20,1034292,25.57,26446.85
PL000866,PR00404,Branded Content Integration,Little Angel,YouTube,Flat Fee,2026-02-20,2026-03-20,1824380,,80082.9
PL000867,PR00404,FAST Channel Video,Little Angel,FAST,CPM,2026-02-20,2026-03-20,965240,25.4,24517.1
PL000868,PR00405,YouTube Contextual Pre-roll,Arpo,YouTube,CPM,2025-10-12,2026-01-10,4050377,13.99,56664.78
PL000869,PR00405,CTV App Video,Arpo,CTV,CPM,2025-10-12,2026-01-10,3544497,31.58,111935.22
PL000870,PR00406,YouTube Contextual Pre-roll,Arpo,YouTube,CPM,2025-10-12,2026-01-10,10844257,13.34,144662.4
PL000871,PR00406,CTV App Video,Arpo,CTV,CPM,2025-10-12,2026-01-10,266158,30.95,8237.6
PL000872,PR00407,YouTube Contextual Pre-roll,Arpo,YouTube,CPM,2025-10-12,2026-01-10,4736864,10.4,49263.39
PL000873,PR00407,Branded Content Integration,Blippi,YouTube,Flat Fee,2025-10-12,2026-01-10,2189396,,86436.61
PL000874,PR00408,Branded Content Integration,Blippi,YouTube,Flat Fee,2026-06-06,2026-07-21,699584,,39798.26
PL000875,PR00408,YouTube Shorts Sponsorship,Supa Strikas,YouTube,CPM,2026-06-06,2026-07-21,2481064,8.48,21039.43
PL000876,PR00408,CTV App Video,Supa Strikas,CTV,CPM,2026-06-06,2026-07-21,491748,29.41,14462.31
PL000877,PR00409,CTV App Video,Supa Strikas,CTV,CPM,2026-06-06,2026-07-21,2387862,23.05,55040.23
PL000878,PR00409,FAST Channel Video,Supa Strikas,FAST,CPM,2026-06-06,2026-07-21,686472,24.56,16859.77
PL000879,PR00410,YouTube Contextual Pre-roll,Blippi,YouTube,CPM,2026-03-25,2026-04-22,753206,13.04,9821.81
PL000880,PR00410,FAST Channel Video,Blippi,FAST,CPM,2026-03-25,2026-04-22,1562390,27.83,43481.33
PL000881,PR00410,Branded Content Integration,Blippi,YouTube,Flat Fee,2026-03-25,2026-04-22,454349,,16162.82
PL000882,PR00410,CTV App Video,Blippi,CTV,CPM,2026-03-25,2026-04-22,291042,26.23,7634.05
PL000883,PR00411,Branded Content Integration,Blippi,YouTube,Flat Fee,2025-07-21,2025-09-01,887839,,41254.78
PL000884,PR00411,CTV App Video,Blippi,CTV,CPM,2025-07-21,2025-09-01,3297820,30.64,101045.22
PL000885,PR00412,YouTube Shorts Sponsorship,CoComelon,YouTube,CPM,2025-07-21,2025-09-01,4322129,7.8,33712.61
PL000886,PR00412,FAST Channel Video,CoComelon,FAST,CPM,2025-07-21,2025-09-01,1773332,21.75,38569.98
PL000887,PR00412,YouTube Contextual Pre-roll,Blippi,YouTube,CPM,2025-07-21,2025-09-01,5815635,11.73,68217.41
PL000888,PR00413,FAST Channel Video,Blippi,FAST,CPM,2025-07-21,2025-09-01,1338755,21.53,28823.41
PL000889,PR00413,YouTube Contextual Pre-roll,Blippi,YouTube,CPM,2025-07-21,2025-09-01,8692060,13.78,119776.59
PL000890,PR00414,YouTube Shorts Sponsorship,Little Angel,YouTube,CPM,2025-02-24,2025-04-07,1976666,7.53,14884.3
PL000891,PR00414,YouTube Contextual Pre-roll,Little Angel,YouTube,CPM,2025-02-24,2025-04-07,7363558,11.19,82398.22
PL000892,PR00414,FAST Channel Video,Little Angel,FAST,CPM,2025-02-24,2025-04-07,1118488,24.96,27917.48
PL000893,PR00415,YouTube Contextual Pre-roll,CoComelon,YouTube,CPM,2025-08-15,2025-09-12,12650727,9.62,121700.0
PL000894,PR00416,YouTube Shorts Sponsorship,CoComelon,YouTube,CPM,2025-08-15,2025-09-12,3341799,6.03,20151.05
PL000895,PR00416,Branded Content Integration,Blippi,YouTube,Flat Fee,2025-08-15,2025-09-12,842410,,35457.16
PL000896,PR00416,CTV App Video,CoComelon,CTV,CPM,2025-08-15,2025-09-12,1744298,30.38,52991.79
PL000897,PR00417,YouTube Contextual Pre-roll,Little Baby Bum,YouTube,CPM,2025-10-07,2025-11-21,22900,9.64,220.76
PL000898,PR00417,FAST Channel Video,CoComelon,FAST,CPM,2025-10-07,2025-11-21,1183753,27.82,32932.03
PL000899,PR00417,Branded Content Integration,CoComelon,YouTube,Flat Fee,2025-10-07,2025-11-21,553852,,26547.21
PL000900,PR00418,YouTube Contextual Pre-roll,CoComelon,YouTube,CPM,2025-10-07,2025-11-21,581678,11.88,6910.34
PL000901,PR00418,CTV App Video,CoComelon,CTV,CPM,2025-10-07,2025-11-21,1788982,29.62,52989.66
PL000902,PR00419,YouTube Shorts Sponsorship,CoComelon,YouTube,CPM,2025-09-06,2025-12-05,7947122,6.43,51100.0
PL000903,PR00420,YouTube Contextual Pre-roll,CoComelon,YouTube,CPM,2025-09-06,2025-12-05,895183,13.19,11807.47
PL000904,PR00420,FAST Channel Video,CoComelon,FAST,CPM,2025-09-06,2025-12-05,1240807,23.93,29692.53
PL000905,PR00421,YouTube Shorts Sponsorship,CoComelon,YouTube,CPM,2025-09-06,2025-12-05,4823529,8.5,41000.0
PL000906,PR00422,YouTube Contextual Pre-roll,Supa Strikas,YouTube,CPM,2025-08-16,2025-11-14,6947040,9.63,66900.0
PL000907,PR00423,Branded Content Integration,Blippi,YouTube,Flat Fee,2026-10-07,2026-11-06,1425913,,78991.74
PL000908,PR00423,FAST Channel Video,Little Angel,FAST,CPM,2026-10-07,2026-11-06,5458900,24.86,135708.26
PL000909,PR00424,YouTube Contextual Pre-roll,Little Baby Bum,YouTube,CPM,2025-11-13,2026-01-12,30904419,9.73,300700.0
PL000910,PR00425,FAST Channel Video,CoComelon,FAST,CPM,2025-12-31,2026-03-31,16075444,27.57,443200.0
PL000911,PR00426,Branded Content Integration,Blippi,YouTube,Flat Fee,2025-06-21,2025-08-05,1457201,,80237.62
PL000912,PR00426,YouTube Contextual Pre-roll,Little Baby Bum,YouTube,CPM,2025-06-21,2025-08-05,2404351,10.37,24933.13
PL000913,PR00426,FAST Channel Video,Little Baby Bum,FAST,CPM,2025-06-21,2025-08-05,87467,23.2,2029.24
PL000914,PR00427,CTV App Video,Little Baby Bum,CTV,CPM,2025-06-21,2025-08-05,2662272,31.84,84766.75
PL000915,PR00427,FAST Channel Video,Little Baby Bum,FAST,CPM,2025-06-21,2025-08-05,558040,25.13,14023.56
PL000916,PR00427,YouTube Contextual Pre-roll,Morphle,YouTube,CPM,2025-06-21,2025-08-05,1344755,13.69,18409.7
PL000917,PR00428,CTV App Video,CoComelon,CTV,CPM,2025-10-14,2025-11-13,6898930,28.99,200000.0
PL000918,PR00429,FAST Channel Video,CoComelon,FAST,CPM,2025-10-14,2025-11-13,693705,21.18,14692.69
PL000919,PR00429,YouTube Contextual Pre-roll,CoComelon,YouTube,CPM,2025-10-14,2025-11-13,15125080,13.25,200407.31
PL000920,PR00430,FAST Channel Video,CoComelon,FAST,CPM,2026-06-07,2026-08-06,2379040,21.7,51625.18
PL000921,PR00430,Branded Content Integration,CoComelon,YouTube,Flat Fee,2026-06-07,2026-08-06,155423,,6936.02
PL000922,PR00430,CTV App Video,CoComelon,CTV,CPM,2026-06-07,2026-08-06,360990,25.4,9169.17
PL000923,PR00430,YouTube Contextual Pre-roll,Oddbods,YouTube,CPM,2026-06-07,2026-08-06,13947245,11.57,161369.63
PL000924,PR00431,YouTube Contextual Pre-roll,Oddbods,YouTube,CPM,2026-05-13,2026-07-12,10233069,10.2,104377.31
PL000925,PR00431,Branded Content Integration,Blippi,YouTube,Flat Fee,2026-05-13,2026-07-12,65622,,3382.64
PL000926,PR00431,FAST Channel Video,Gecko's Garage,FAST,CPM,2026-05-13,2026-07-12,1556964,22.12,34440.05
PL000927,PR00432,YouTube Contextual Pre-roll,Gecko's Garage,YouTube,CPM,2026-05-13,2026-07-12,4397544,11.54,50747.66
PL000928,PR00432,YouTube Shorts Sponsorship,Gecko's Garage,YouTube,CPM,2026-05-13,2026-07-12,11601176,7.09,82252.34
PL000929,PR00433,YouTube Contextual Pre-roll,CoComelon,YouTube,CPM,2025-11-20,2026-01-19,3936691,10.96,43146.14
PL000930,PR00433,FAST Channel Video,CoComelon,FAST,CPM,2025-11-20,2026-01-19,5320984,25.87,137653.86
PL000931,PR00434,YouTube Shorts Sponsorship,Blippi,YouTube,CPM,2025-11-06,2025-12-18,1013491,6.18,6263.38
PL000932,PR00434,FAST Channel Video,CoComelon,FAST,CPM,2025-11-06,2025-12-18,1384227,25.44,35214.74
PL000933,PR00434,YouTube Contextual Pre-roll,CoComelon,YouTube,CPM,2025-11-06,2025-12-18,1116556,10.14,11321.88
PL000934,PR00435,FAST Channel Video,Blippi,FAST,CPM,2025-06-08,2025-07-20,2218855,21.18,46995.36
PL000935,PR00435,YouTube Contextual Pre-roll,Blippi,YouTube,CPM,2025-06-08,2025-07-20,257885,10.1,2604.64
PL000936,PR00436,FAST Channel Video,Blippi,FAST,CPM,2025-06-08,2025-07-20,870909,27.79,24202.57
PL000937,PR00436,YouTube Contextual Pre-roll,Blippi,YouTube,CPM,2025-06-08,2025-07-20,2279672,12.72,28997.43
PL000938,PR00437,Branded Content Integration,Blippi,YouTube,Flat Fee,2025-06-08,2025-07-20,550806,,27910.62
PL000939,PR00437,YouTube Shorts Sponsorship,Blippi,YouTube,CPM,2025-06-08,2025-07-20,1356412,9.65,13089.38
PL000940,PR00438,YouTube Contextual Pre-roll,Little Baby Bum,YouTube,CPM,2025-12-06,2026-01-17,1112667,12.43,13830.46
PL000941,PR00438,Branded Content Integration,Blippi,YouTube,Flat Fee,2025-12-06,2026-01-17,489625,,28969.54
PL000942,PR00439,FAST Channel Video,Little Baby Bum,FAST,CPM,2025-12-06,2026-01-17,986671,22.36,22061.97
PL000943,PR00439,YouTube Contextual Pre-roll,Little Baby Bum,YouTube,CPM,2025-12-06,2026-01-17,1579586,10.09,15938.03
PL000944,PR00440,YouTube Contextual Pre-roll,Blippi,YouTube,CPM,2025-04-30,2025-06-11,25536911,10.77,275032.54
PL000945,PR00440,FAST Channel Video,Little Angel,FAST,CPM,2025-04-30,2025-06-11,1440011,23.38,33667.46
PL000946,PR00441,Branded Content Integration,Blippi,YouTube,Flat Fee,2025-04-30,2025-06-11,7029025,,322600.0
PL000947,PR00442,FAST Channel Video,Blippi,FAST,CPM,2025-07-20,2025-08-31,4607426,25.48,117397.22
PL000948,PR00442,CTV App Video,Blippi,CTV,CPM,2025-07-20,2025-08-31,888910,25.54,22702.78
PL000949,PR00443,CTV App Video,Oddbods,CTV,CPM,2025-09-27,2025-11-26,1543342,22.55,34802.37
PL000950,PR00443,Branded Content Integration,Blippi,YouTube,Flat Fee,2025-09-27,2025-11-26,3531518,,132202.31
PL000951,PR00443,FAST Channel Video,Oddbods,FAST,CPM,2025-09-27,2025-11-26,913849,23.85,21795.31
PL000952,PR00444,Branded Content Integration,Oddbods,YouTube,Flat Fee,2025-09-27,2025-11-26,237796,,12585.09
PL000953,PR00444,YouTube Contextual Pre-roll,Oddbods,YouTube,CPM,2025-09-27,2025-11-26,12868299,11.58,149014.91
PL000954,PR00445,FAST Channel Video,Little Angel,FAST,CPM,2025-05-18,2025-06-17,1374865,21.37,29380.88
PL000955,PR00445,YouTube Shorts Sponsorship,Blippi,YouTube,CPM,2025-05-18,2025-06-17,4976893,8.19,40760.76
PL000956,PR00445,YouTube Contextual Pre-roll,Blippi,YouTube,CPM,2025-05-18,2025-06-17,952953,10.45,9958.36
PL000957,PR00446,FAST Channel Video,Blippi,FAST,CPM,2025-05-18,2025-06-17,887446,20.86,18512.13
PL000958,PR00446,YouTube Shorts Sponsorship,Blippi,YouTube,CPM,2025-05-18,2025-06-17,7946476,7.7,61187.87
PL000959,PR00447,YouTube Contextual Pre-roll,Blippi,YouTube,CPM,2025-05-18,2025-06-17,6237442,10.95,68300.0
PL000960,PR00448,YouTube Contextual Pre-roll,CoComelon,YouTube,CPM,2026-05-31,2026-07-12,864439,12.92,11168.56
PL000961,PR00448,FAST Channel Video,Blippi,FAST,CPM,2026-05-31,2026-07-12,2039511,27.39,55862.21
PL000962,PR00448,YouTube Shorts Sponsorship,Blippi,YouTube,CPM,2026-05-31,2026-07-12,2421925,9.36,22669.22
PL000963,PR00449,FAST Channel Video,Blippi,FAST,CPM,2026-05-31,2026-07-12,839512,25.27,21214.49
PL000964,PR00449,YouTube Contextual Pre-roll,Blippi,YouTube,CPM,2026-05-31,2026-07-12,4060004,12.49,50709.46
PL000965,PR00449,CTV App Video,Blippi,CTV,CPM,2026-05-31,2026-07-12,1228911,27.81,34176.04
PL000966,PR00450,FAST Channel Video,CoComelon,FAST,CPM,2026-05-31,2026-07-12,513244,20.77,10660.08
PL000967,PR00450,YouTube Shorts Sponsorship,Blippi,YouTube,CPM,2026-05-31,2026-07-12,444507,9.74,4329.5
PL000968,PR00450,YouTube Contextual Pre-roll,Blippi,YouTube,CPM,2026-05-31,2026-07-12,6407064,12.8,82010.43
PL000969,PR00451,YouTube Contextual Pre-roll,Oddbods,YouTube,CPM,2025-07-16,2025-10-14,3199,13.94,44.6
PL000970,PR00451,CTV App Video,Oddbods,CTV,CPM,2025-07-16,2025-10-14,1602308,24.0,38455.4
PL000971,PR00452,Branded Content Integration,Blippi,YouTube,Flat Fee,2026-01-12,2026-04-12,255869,,12145.55
PL000972,PR00452,FAST Channel Video,Supa Strikas,FAST,CPM,2026-01-12,2026-04-12,1419526,24.32,34522.88
PL000973,PR00452,YouTube Contextual Pre-roll,Supa Strikas,YouTube,CPM,2026-01-12,2026-04-12,2016138,13.11,26431.57
PL000974,PR00453,Branded Content Integration,Blippi,YouTube,Flat Fee,2026-01-12,2026-04-12,130142,,7390.39
PL000975,PR00453,YouTube Contextual Pre-roll,CoComelon,YouTube,CPM,2026-01-12,2026-04-12,5127071,11.88,60909.61
PL000976,PR00454,Branded Content Integration,Blippi,YouTube,Flat Fee,2025-03-21,2025-05-05,466567,,25107.97
PL000977,PR00454,YouTube Contextual Pre-roll,Blippi,YouTube,CPM,2025-03-21,2025-05-05,4408670,9.23,40692.03
PL000978,PR00455,Branded Content Integration,Blippi,YouTube,Flat Fee,2025-03-21,2025-05-05,1848070,,67300.0
PL000979,PR00456,FAST Channel Video,Supa Strikas,FAST,CPM,2025-10-04,2025-11-01,4002941,24.97,99953.46
PL000980,PR00456,YouTube Contextual Pre-roll,Supa Strikas,YouTube,CPM,2025-10-04,2025-11-01,444244,10.02,4451.33
PL000981,PR00456,Branded Content Integration,Supa Strikas,YouTube,Flat Fee,2025-10-04,2025-11-01,66118,,2695.21
PL000982,PR00457,FAST Channel Video,Supa Strikas,FAST,CPM,2025-10-04,2025-11-01,2310152,21.88,50546.13
PL000983,PR00457,YouTube Contextual Pre-roll,Supa Strikas,YouTube,CPM,2025-10-04,2025-11-01,1571308,12.82,20144.17
PL000984,PR00457,CTV App Video,CoComelon,CTV,CPM,2025-10-04,2025-11-01,1103744,30.36,33509.69
PL000985,PR00458,CTV App Video,CoComelon,CTV,CPM,2025-09-01,2025-10-16,4368763,25.36,110791.84
PL000986,PR00458,Branded Content Integration,CoComelon,YouTube,Flat Fee,2025-09-01,2025-10-16,1494748,,60408.16
PL000987,PR00459,YouTube Contextual Pre-roll,Morphle,YouTube,CPM,2026-05-08,2026-08-06,9185454,13.75,126300.0
PL000988,PR00460,Branded Content Integration,Blippi,YouTube,Flat Fee,2026-05-08,2026-08-06,2138926,,105400.0
PL000989,PR00461,Branded Content Integration,Oddbods,YouTube,Flat Fee,2026-03-09,2026-06-07,1992777,,80600.0
PL000990,PR00462,FAST Channel Video,Oddbods,FAST,CPM,2026-03-09,2026-06-07,3281824,27.18,89200.0
PL000991,PR00463,FAST Channel Video,CoComelon,FAST,CPM,2026-06-27,2026-08-08,281784,27.61,7780.06
PL000992,PR00463,YouTube Shorts Sponsorship,Go Buster,YouTube,CPM,2026-06-27,2026-08-08,3361282,6.06,20369.37
PL000993,PR00463,YouTube Contextual Pre-roll,Morphle,YouTube,CPM,2026-06-27,2026-08-08,4371844,11.7,51150.58
PL000994,PR00464,FAST Channel Video,Gecko's Garage,FAST,CPM,2026-02-14,2026-03-14,6081387,23.0,139871.92
PL000995,PR00464,YouTube Shorts Sponsorship,CoComelon,YouTube,CPM,2026-02-14,2026-03-14,4334653,6.12,26528.08
PL000996,PR00465,YouTube Contextual Pre-roll,Little Baby Bum,YouTube,CPM,2025-07-24,2025-08-21,8146460,11.87,96698.49
PL000997,PR00465,Branded Content Integration,Little Baby Bum,YouTube,Flat Fee,2025-07-24,2025-08-21,1562113,,83301.51
PL000998,PR00466,CTV App Video,Little Baby Bum,CTV,CPM,2025-07-24,2025-08-21,2250746,25.17,56651.28
PL000999,PR00466,FAST Channel Video,Little Baby Bum,FAST,CPM,2025-07-24,2025-08-21,3770273,24.6,92748.72
PL001000,PR00467,CTV App Video,Supa Strikas,CTV,CPM,2026-03-01,2026-03-31,24744059,24.45,604992.26
PL001001,PR00467,YouTube Contextual Pre-roll,Little Angel,YouTube,CPM,2026-03-01,2026-03-31,13281731,12.33,163763.75
PL001002,PR00467,Branded Content Integration,CoComelon,YouTube,Flat Fee,2026-03-01,2026-03-31,6082872,,264843.99
PL001003,PR00468,YouTube Contextual Pre-roll,CoComelon,YouTube,CPM,2026-03-01,2026-03-31,65014367,13.92,905000.0
PL001004,PR00469,YouTube Contextual Pre-roll,Gecko's Garage,YouTube,CPM,2025-04-30,2025-06-29,2518598,11.25,28334.23
PL001005,PR00469,CTV App Video,CoComelon,CTV,CPM,2025-04-30,2025-06-29,1008626,26.77,27000.93
PL001006,PR00469,YouTube Shorts Sponsorship,Gecko's Garage,YouTube,CPM,2025-04-30,2025-06-29,10990317,6.73,73964.84
PL001007,PR00470,FAST Channel Video,CoComelon,FAST,CPM,2025-06-28,2025-07-26,4204594,23.07,97000.0
PL001008,PR00471,Branded Content Integration,Gecko's Garage,YouTube,Flat Fee,2025-06-28,2025-07-26,1110792,,50833.69
PL001009,PR00471,YouTube Contextual Pre-roll,Little Angel,YouTube,CPM,2025-06-28,2025-07-26,3191515,13.4,42766.31
PL001010,PR00472,YouTube Contextual Pre-roll,Blippi,YouTube,CPM,2026-10-18,2026-11-17,13506752,11.16,150735.36
PL001011,PR00472,CTV App Video,Blippi,CTV,CPM,2026-10-18,2026-11-17,1675844,30.65,51364.64
PL001012,PR00473,YouTube Contextual Pre-roll,Blippi,YouTube,CPM,2025-11-19,2025-12-17,14801016,11.81,174800.0
PL001013,PR00474,YouTube Contextual Pre-roll,Blippi,YouTube,CPM,2026-04-20,2026-06-04,24296949,10.65,258762.51
PL001014,PR00474,FAST Channel Video,Blippi,FAST,CPM,2026-04-20,2026-06-04,2066423,20.16,41659.09
PL001015,PR00474,Branded Content Integration,Blippi,YouTube,Flat Fee,2026-04-20,2026-06-04,128257,,4778.39
PL001016,PR00475,CTV App Video,Blippi,CTV,CPM,2026-04-20,2026-06-04,6683816,27.19,181732.97
PL001017,PR00475,FAST Channel Video,Blippi,FAST,CPM,2026-04-20,2026-06-04,4945207,21.59,106767.03
PL001018,PR00476,Branded Content Integration,Blippi,YouTube,Flat Fee,2026-04-20,2026-06-04,4823809,,188297.92
PL001019,PR00476,YouTube Shorts Sponsorship,Blippi,YouTube,CPM,2026-04-20,2026-06-04,7294389,7.65,55802.08
PL001020,PR00477,CTV App Video,CoComelon,CTV,CPM,2025-03-17,2025-04-14,1704360,27.05,46102.95
PL001021,PR00477,Branded Content Integration,Blippi,YouTube,Flat Fee,2025-03-17,2025-04-14,1205419,,42797.05
PL001022,PR00478,Branded Content Integration,Blippi,YouTube,Flat Fee,2025-03-17,2025-04-14,921493,,46205.77
PL001023,PR00478,FAST Channel Video,Blippi,FAST,CPM,2025-03-17,2025-04-14,342404,22.59,7734.92
PL001024,PR00478,YouTube Contextual Pre-roll,Blippi,YouTube,CPM,2025-03-17,2025-04-14,981020,9.12,8946.91
PL001025,PR00478,CTV App Video,Blippi,CTV,CPM,2025-03-17,2025-04-14,566474,24.03,13612.39
PL001026,PR00479,YouTube Contextual Pre-roll,Go Buster,YouTube,CPM,2025-05-30,2025-06-29,1375145,9.71,13352.66
PL001027,PR00479,Branded Content Integration,Go Buster,YouTube,Flat Fee,2025-05-30,2025-06-29,417427,,22155.29
PL001028,PR00479,FAST Channel Video,Go Buster,FAST,CPM,2025-05-30,2025-06-29,228364,21.86,4992.05
PL001029,PR00480,YouTube Contextual Pre-roll,CoComelon,YouTube,CPM,2026-08-09,2026-11-07,6323985,13.43,84931.12
PL001030,PR00480,Branded Content Integration,CoComelon,YouTube,Flat Fee,2026-08-09,2026-11-07,1489541,,71668.88
PL001031,PR00481,CTV App Video,CoComelon,CTV,CPM,2026-08-23,2026-10-07,1754182,26.59,46643.7
PL001032,PR00481,YouTube Contextual Pre-roll,CoComelon,YouTube,CPM,2026-08-23,2026-10-07,1234018,12.12,14956.3
PL001033,PR00482,YouTube Contextual Pre-roll,Little Baby Bum,YouTube,CPM,2026-04-08,2026-05-08,650172,11.82,7685.04
PL001034,PR00482,FAST Channel Video,Little Baby Bum,FAST,CPM,2026-04-08,2026-05-08,1394332,24.18,33714.96
PL001035,PR00483,YouTube Contextual Pre-roll,Little Baby Bum,YouTube,CPM,2026-04-08,2026-05-08,587888,13.04,7666.07
PL001036,PR00483,CTV App Video,Little Angel,CTV,CPM,2026-04-08,2026-05-08,319339,26.73,8535.94
PL001037,PR00483,FAST Channel Video,Little Baby Bum,FAST,CPM,2026-04-08,2026-05-08,1020098,26.27,26797.99
PL001038,PR00484,YouTube Contextual Pre-roll,Little Baby Bum,YouTube,CPM,2026-04-08,2026-05-08,1859879,9.82,18264.02
PL001039,PR00484,CTV App Video,CoComelon,CTV,CPM,2026-04-08,2026-05-08,608397,30.96,18835.98
PL001040,PR00485,Branded Content Integration,Little Angel,YouTube,Flat Fee,2026-06-08,2026-09-06,2754419,,135000.0
PL001041,PR00486,CTV App Video,Little Angel,CTV,CPM,2026-06-08,2026-09-06,1805312,23.78,42930.32
PL001042,PR00486,YouTube Contextual Pre-roll,Morphle,YouTube,CPM,2026-06-08,2026-09-06,6106589,12.85,78469.68
PL001043,PR00487,Branded Content Integration,Blippi,YouTube,Flat Fee,2025-10-05,2025-11-04,5587961,,285994.38
PL001044,PR00487,FAST Channel Video,Blippi,FAST,CPM,2025-10-05,2025-11-04,2350393,23.19,54505.62
PL001045,PR00488,YouTube Contextual Pre-roll,Gecko's Garage,YouTube,CPM,2026-02-15,2026-05-16,3006933,12.18,36624.45
PL001046,PR00488,FAST Channel Video,Supa Strikas,FAST,CPM,2026-02-15,2026-05-16,521467,22.49,11727.8
PL001047,PR00488,CTV App Video,Gecko's Garage,CTV,CPM,2026-02-15,2026-05-16,459350,23.18,10647.75
PL001048,PR00489,FAST Channel Video,Gecko's Garage,FAST,CPM,2026-02-15,2026-05-16,210026,20.93,4395.85
PL001049,PR00489,CTV App Video,Gecko's Garage,CTV,CPM,2026-02-15,2026-05-16,2006967,29.3,58804.15
PL001050,PR00490,YouTube Shorts Sponsorship,Blippi,YouTube,CPM,2025-10-09,2025-11-20,4269201,9.87,42137.02
PL001051,PR00490,FAST Channel Video,Blippi,FAST,CPM,2025-10-09,2025-11-20,1399396,25.95,36314.35
PL001052,PR00490,CTV App Video,Blippi,CTV,CPM,2025-10-09,2025-11-20,47353,27.13,1284.69
PL001053,PR00490,YouTube Contextual Pre-roll,Blippi,YouTube,CPM,2025-10-09,2025-11-20,1423581,10.09,14363.94
PL001054,PR00491,FAST Channel Video,Blippi,FAST,CPM,2025-10-09,2025-11-20,3525210,23.8,83900.0
PL001055,PR00492,FAST Channel Video,Blippi,FAST,CPM,2025-10-09,2025-11-20,218876,20.27,4436.62
PL001056,PR00492,YouTube Shorts Sponsorship,Blippi,YouTube,CPM,2025-10-09,2025-11-20,9279739,8.52,79063.38
PL001057,PR00493,CTV App Video,CoComelon,CTV,CPM,2025-08-25,2025-10-09,1987996,29.23,58109.13
PL001058,PR00493,FAST Channel Video,CoComelon,FAST,CPM,2025-08-25,2025-10-09,2007161,23.86,47890.87
PL001059,PR00494,Branded Content Integration,Oddbods,YouTube,Flat Fee,2025-08-25,2025-10-09,2177286,,103800.0
PL001060,PR00495,YouTube Shorts Sponsorship,CoComelon,YouTube,CPM,2025-08-25,2025-10-09,2849552,6.66,18978.02
PL001061,PR00495,YouTube Contextual Pre-roll,CoComelon,YouTube,CPM,2025-08-25,2025-10-09,1816003,10.5,19068.04
PL001062,PR00495,FAST Channel Video,CoComelon,FAST,CPM,2025-08-25,2025-10-09,2339872,25.58,59853.94
PL001063,PR00496,Branded Content Integration,Blippi,YouTube,Flat Fee,2025-06-27,2025-09-25,1572022,,63011.44
PL001064,PR00496,YouTube Contextual Pre-roll,Oddbods,YouTube,CPM,2025-06-27,2025-09-25,2601620,10.22,26588.56
PL001065,PR00497,CTV App Video,CoComelon,CTV,CPM,2025-02-20,2025-03-22,1306404,26.25,34293.13
PL001066,PR00497,Branded Content Integration,Blippi,YouTube,Flat Fee,2025-02-20,2025-03-22,2114205,,99806.87
PL001067,PR00498,CTV App Video,Blippi,CTV,CPM,2026-02-08,2026-05-09,103797,26.04,2702.88
PL001068,PR00498,YouTube Shorts Sponsorship,CoComelon,YouTube,CPM,2026-02-08,2026-05-09,17557161,6.51,114297.12
PL001069,PR00499,FAST Channel Video,Blippi,FAST,CPM,2025-04-07,2025-07-06,1935121,22.7,43927.26
PL001070,PR00499,YouTube Shorts Sponsorship,Little Baby Bum,YouTube,CPM,2025-04-07,2025-07-06,9053422,6.79,61472.74
PL001071,PR00500,YouTube Shorts Sponsorship,CoComelon,YouTube,CPM,2026-05-16,2026-06-13,16384364,6.14,100600.0
PL001072,PR00501,YouTube Shorts Sponsorship,CoComelon,YouTube,CPM,2026-05-16,2026-06-13,11575418,8.95,103600.0
PL001073,PR00502,FAST Channel Video,Gecko's Garage,FAST,CPM,2025-10-12,2026-01-10,2264119,22.42,50761.56
PL001074,PR00502,CTV App Video,Gecko's Garage,CTV,CPM,2025-10-12,2026-01-10,3617652,23.84,86244.83
PL001075,PR00502,YouTube Contextual Pre-roll,Gecko's Garage,YouTube,CPM,2025-10-12,2026-01-10,277049,12.61,3493.6
PL001076,PR00503,YouTube Contextual Pre-roll,Little Baby Bum,YouTube,CPM,2025-12-13,2026-01-24,7385057,10.44,77100.0
PL001077,PR00504,FAST Channel Video,Little Baby Bum,FAST,CPM,2025-12-13,2026-01-24,2176335,27.44,59718.64
PL001078,PR00504,YouTube Contextual Pre-roll,Little Baby Bum,YouTube,CPM,2025-12-13,2026-01-24,1437510,10.7,15381.36
PL001079,PR00505,Branded Content Integration,Blippi,YouTube,Flat Fee,2025-12-13,2026-01-24,702423,,27570.34
PL001080,PR00505,YouTube Contextual Pre-roll,Little Baby Bum,YouTube,CPM,2025-12-13,2026-01-24,3254283,11.01,35829.66
PL001081,PR00506,FAST Channel Video,CoComelon,FAST,CPM,2025-06-03,2025-08-02,3662051,26.01,95249.97
PL001082,PR00506,YouTube Shorts Sponsorship,CoComelon,YouTube,CPM,2025-06-03,2025-08-02,2511139,8.98,22550.03
PL001083,PR00507,Branded Content Integration,Blippi,YouTube,Flat Fee,2025-06-03,2025-08-02,2221953,,132880.11
PL001084,PR00507,YouTube Contextual Pre-roll,CoComelon,YouTube,CPM,2025-06-03,2025-08-02,1820068,9.89,18000.48
PL001085,PR00507,FAST Channel Video,CoComelon,FAST,CPM,2025-06-03,2025-08-02,271525,26.22,7119.41
PL001086,PR00508,Branded Content Integration,CoComelon,YouTube,Flat Fee,2025-06-03,2025-08-02,166162,,8433.91
PL001087,PR00508,FAST Channel Video,CoComelon,FAST,CPM,2025-06-03,2025-08-02,3127389,25.49,79717.15
PL001088,PR00508,YouTube Shorts Sponsorship,CoComelon,YouTube,CPM,2025-06-03,2025-08-02,318903,8.54,2723.44
PL001089,PR00508,YouTube Contextual Pre-roll,CoComelon,YouTube,CPM,2025-06-03,2025-08-02,2660849,11.66,31025.5
PL001090,PR00509,YouTube Contextual Pre-roll,Supa Strikas,YouTube,CPM,2026-06-23,2026-08-07,37491319,11.52,431900.0
PL001091,PR00510,FAST Channel Video,Supa Strikas,FAST,CPM,2026-06-23,2026-08-07,12151669,27.56,334900.0
PL001092,PR00511,YouTube Contextual Pre-roll,CoComelon,YouTube,CPM,2025-08-12,2025-11-10,2050109,10.46,21444.15
PL001093,PR00511,Branded Content Integration,CoComelon,YouTube,Flat Fee,2025-08-12,2025-11-10,2535024,,104255.85
PL001094,PR00512,YouTube Shorts Sponsorship,Little Angel,YouTube,CPM,2025-08-12,2025-11-10,3400940,8.57,29146.06
PL001095,PR00512,YouTube Contextual Pre-roll,Morphle,YouTube,CPM,2025-08-12,2025-11-10,6800444,13.36,90853.94
PL001096,PR00513,YouTube Contextual Pre-roll,CoComelon,YouTube,CPM,2026-07-14,2026-08-11,7593555,11.0,83529.11
PL001097,PR00513,CTV App Video,Little Baby Bum,CTV,CPM,2026-07-14,2026-08-11,3757919,26.4,99209.07
PL001098,PR00513,Branded Content Integration,Blippi,YouTube,Flat Fee,2026-07-14,2026-08-11,7044938,,395761.82
PL001099,PR00514,CTV App Video,CoComelon,CTV,CPM,2026-07-14,2026-08-11,19395257,25.4,492639.55
PL001100,PR00514,YouTube Contextual Pre-roll,Oddbods,YouTube,CPM,2026-07-14,2026-08-11,3677656,10.05,36960.45
PL001101,PR00515,Branded Content Integration,Blippi,YouTube,Flat Fee,2026-06-06,2026-07-18,134632,,7121.53
PL001102,PR00515,FAST Channel Video,CoComelon,FAST,CPM,2026-06-06,2026-07-18,3662142,22.44,82178.47
PL001103,PR00516,YouTube Contextual Pre-roll,Blippi,YouTube,CPM,2025-11-15,2025-12-27,888025,12.25,10878.31
PL001104,PR00516,CTV App Video,Blippi,CTV,CPM,2025-11-15,2025-12-27,4374452,28.9,126421.69
PL001105,PR00517,Branded Content Integration,Blippi,YouTube,Flat Fee,2025-11-15,2025-12-27,2501037,,134000.0
PL001106,PR00518,Branded Content Integration,Blippi,YouTube,Flat Fee,2025-11-15,2025-12-27,518284,,25728.66
PL001107,PR00518,YouTube Contextual Pre-roll,Blippi,YouTube,CPM,2025-11-15,2025-12-27,7937590,11.32,89853.52
PL001108,PR00518,FAST Channel Video,Blippi,FAST,CPM,2025-11-15,2025-12-27,313059,26.25,8217.82
PL001109,PR00519,CTV App Video,CoComelon,CTV,CPM,2025-09-03,2025-10-01,417859,29.55,12347.76
PL001110,PR00519,FAST Channel Video,CoComelon,FAST,CPM,2025-09-03,2025-10-01,5955303,23.94,142569.96
PL001111,PR00519,YouTube Shorts Sponsorship,CoComelon,YouTube,CPM,2025-09-03,2025-10-01,3048851,8.03,24482.28
PL001112,PR00520,YouTube Contextual Pre-roll,CoComelon,YouTube,CPM,2025-12-11,2026-01-10,4131925,13.63,56318.14
PL001113,PR00520,YouTube Shorts Sponsorship,CoComelon,YouTube,CPM,2025-12-11,2026-01-10,185012,8.55,1581.86
PL001114,PR00521,Branded Content Integration,Blippi,YouTube,Flat Fee,2025-12-11,2026-01-10,432956,,18458.93
PL001115,PR00521,YouTube Contextual Pre-roll,CoComelon,YouTube,CPM,2025-12-11,2026-01-10,3014178,11.36,34241.07
PL001116,PR00522,YouTube Contextual Pre-roll,CoComelon,YouTube,CPM,2025-10-07,2026-01-05,7733473,9.72,75169.36
PL001117,PR00522,Branded Content Integration,CoComelon,YouTube,Flat Fee,2025-10-07,2026-01-05,739600,,39665.04
PL001118,PR00522,FAST Channel Video,CoComelon,FAST,CPM,2025-10-07,2026-01-05,2340410,23.4,54765.6
PL001119,PR00523,YouTube Contextual Pre-roll,CoComelon,YouTube,CPM,2025-10-07,2026-01-05,8337717,12.23,101970.29
PL001120,PR00523,Branded Content Integration,CoComelon,YouTube,Flat Fee,2025-10-07,2026-01-05,1087791,,45529.71
PL001121,PR00524,YouTube Contextual Pre-roll,CoComelon,YouTube,CPM,2025-10-07,2026-01-05,10243498,11.14,114112.57
PL001122,PR00524,FAST Channel Video,CoComelon,FAST,CPM,2025-10-07,2026-01-05,944812,24.46,23110.12
PL001123,PR00524,Branded Content Integration,CoComelon,YouTube,Flat Fee,2025-10-07,2026-01-05,45149,,2277.31
PL001124,PR00525,YouTube Shorts Sponsorship,Supa Strikas,YouTube,CPM,2025-11-14,2026-01-13,1521962,9.52,14489.08
PL001125,PR00525,FAST Channel Video,Supa Strikas,FAST,CPM,2025-11-14,2026-01-13,5896381,27.82,164037.33
PL001126,PR00525,YouTube Contextual Pre-roll,Supa Strikas,YouTube,CPM,2025-11-14,2026-01-13,1354694,13.12,17773.59
PL001127,PR00526,YouTube Contextual Pre-roll,Blippi,YouTube,CPM,2026-01-08,2026-02-07,824283,10.67,8795.11
PL001128,PR00526,FAST Channel Video,Blippi,FAST,CPM,2026-01-08,2026-02-07,3301010,25.63,84604.89
PL001129,PR00527,FAST Channel Video,Blippi,FAST,CPM,2026-01-08,2026-02-07,1286272,25.14,32336.88
PL001130,PR00527,Branded Content Integration,Blippi,YouTube,Flat Fee,2026-01-08,2026-02-07,829137,,45563.12
PL001131,PR00528,YouTube Contextual Pre-roll,Arpo,YouTube,CPM,2026-07-23,2026-08-20,7676315,11.34,87049.42
PL001132,PR00528,FAST Channel Video,Arpo,FAST,CPM,2026-07-23,2026-08-20,58388,21.53,1257.11
PL001133,PR00528,Branded Content Integration,Arpo,YouTube,Flat Fee,2026-07-23,2026-08-20,1661020,,92093.47
PL001134,PR00529,YouTube Contextual Pre-roll,Arpo,YouTube,CPM,2026-07-23,2026-08-20,11650986,12.91,150414.23
PL001135,PR00529,FAST Channel Video,Arpo,FAST,CPM,2026-07-23,2026-08-20,405428,27.59,11185.77
PL001136,PR00530,YouTube Shorts Sponsorship,Arpo,YouTube,CPM,2026-07-23,2026-08-20,17526501,8.49,148800.0
PL001137,PR00531,YouTube Contextual Pre-roll,CoComelon,YouTube,CPM,2025-10-09,2025-11-23,13055786,12.01,156800.0
PL001138,PR00532,YouTube Shorts Sponsorship,Oddbods,YouTube,CPM,2026-04-07,2026-05-07,9363085,9.78,91570.98
PL001139,PR00532,YouTube Contextual Pre-roll,Oddbods,YouTube,CPM,2026-04-07,2026-05-07,30761479,10.15,312229.02
PL001140,PR00533,CTV App Video,Little Angel,CTV,CPM,2026-07-12,2026-08-23,1148893,26.15,30043.57
PL001141,PR00533,Branded Content Integration,Blippi,YouTube,Flat Fee,2026-07-12,2026-08-23,203210,,11868.95
PL001142,PR00533,FAST Channel Video,Oddbods,FAST,CPM,2026-07-12,2026-08-23,2216294,26.48,58687.49
PL001143,PR00534,YouTube Contextual Pre-roll,CoComelon,YouTube,CPM,2025-10-20,2025-11-17,3378582,11.1,37502.27
PL001144,PR00534,YouTube Shorts Sponsorship,CoComelon,YouTube,CPM,2025-10-20,2025-11-17,14153772,9.87,139697.73
PL001145,PR00535,YouTube Contextual Pre-roll,CoComelon,YouTube,CPM,2025-05-24,2025-06-21,2531842,12.16,30787.21
PL001146,PR00535,CTV App Video,CoComelon,CTV,CPM,2025-05-24,2025-06-21,2869140,31.8,91238.67
PL001147,PR00535,Branded Content Integration,CoComelon,YouTube,Flat Fee,2025-05-24,2025-06-21,1513374,,84574.12
PL001148,PR00536,YouTube Contextual Pre-roll,CoComelon,YouTube,CPM,2025-05-24,2025-06-21,16926444,11.42,193300.0
PL001149,PR00537,FAST Channel Video,Little Baby Bum,FAST,CPM,2026-05-01,2026-06-15,10538302,24.15,254500.0
PL001150,PR00538,YouTube Shorts Sponsorship,Little Baby Bum,YouTube,CPM,2026-05-01,2026-06-15,24514246,6.38,156400.89
PL001151,PR00538,YouTube Contextual Pre-roll,Morphle,YouTube,CPM,2026-05-01,2026-06-15,6364490,9.6,61099.11
PL001152,PR00539,YouTube Contextual Pre-roll,CoComelon,YouTube,CPM,2026-05-01,2026-06-15,9423717,13.33,125618.15
PL001153,PR00539,Branded Content Integration,Little Baby Bum,YouTube,Flat Fee,2026-05-01,2026-06-15,324743,,19007.62
PL001154,PR00539,YouTube Shorts Sponsorship,CoComelon,YouTube,CPM,2026-05-01,2026-06-15,9666049,9.36,90474.22
PL001155,PR00540,Branded Content Integration,Morphle,YouTube,Flat Fee,2025-10-19,2025-12-18,306622,,18005.62
PL001156,PR00540,FAST Channel Video,Morphle,FAST,CPM,2025-10-19,2025-12-18,4468738,27.21,121594.38
PL001157,PR00541,Branded Content Integration,CoComelon,YouTube,Flat Fee,2026-06-29,2026-07-29,1861767,,95233.33
PL001158,PR00541,CTV App Video,Supa Strikas,CTV,CPM,2026-06-29,2026-07-29,2656358,23.93,63566.67
PL001159,PR00542,YouTube Contextual Pre-roll,Supa Strikas,YouTube,CPM,2026-06-29,2026-07-29,9710809,13.46,130707.5
PL001160,PR00542,Branded Content Integration,Supa Strikas,YouTube,Flat Fee,2026-06-29,2026-07-29,603879,,35392.5
PL001161,PR00543,YouTube Shorts Sponsorship,CoComelon,YouTube,CPM,2025-10-17,2025-12-16,4631069,7.87,36446.52
PL001162,PR00543,YouTube Contextual Pre-roll,Oddbods,YouTube,CPM,2025-10-17,2025-12-16,1766985,13.38,23642.26
PL001163,PR00543,Branded Content Integration,Oddbods,YouTube,Flat Fee,2025-10-17,2025-12-16,3682463,,198711.23
PL001164,PR00544,YouTube Contextual Pre-roll,CoComelon,YouTube,CPM,2025-11-16,2025-12-31,75553618,11.47,866600.0
PL001165,PR00545,YouTube Shorts Sponsorship,Little Baby Bum,YouTube,CPM,2026-10-11,2026-11-08,9782969,7.83,76600.65
PL001166,PR00545,Branded Content Integration,CoComelon,YouTube,Flat Fee,2026-10-11,2026-11-08,131856,,5305.18
PL001167,PR00545,YouTube Contextual Pre-roll,Little Baby Bum,YouTube,CPM,2026-10-11,2026-11-08,1796777,11.74,21094.17
PL001168,PR00546,CTV App Video,Little Baby Bum,CTV,CPM,2026-10-11,2026-11-08,4161045,23.72,98700.0
PL001169,PR00547,YouTube Contextual Pre-roll,CoComelon,YouTube,CPM,2026-08-26,2026-09-23,22599704,13.54,306000.0
PL001170,PR00548,FAST Channel Video,CoComelon,FAST,CPM,2026-10-11,2026-11-25,2027298,20.17,40890.62
PL001171,PR00548,YouTube Contextual Pre-roll,CoComelon,YouTube,CPM,2026-10-11,2026-11-25,3192523,13.19,42109.38
PL001172,PR00549,FAST Channel Video,CoComelon,FAST,CPM,2026-10-08,2026-11-07,4187739,22.84,95647.97
PL001173,PR00549,CTV App Video,CoComelon,CTV,CPM,2026-10-08,2026-11-07,536379,24.52,13152.03
PL001174,PR00550,YouTube Contextual Pre-roll,CoComelon,YouTube,CPM,2026-10-06,2026-11-05,17106521,10.79,184579.37
PL001175,PR00550,FAST Channel Video,CoComelon,FAST,CPM,2026-10-06,2026-11-05,2488160,27.82,69220.63
PL001176,PR00551,YouTube Shorts Sponsorship,Oddbods,YouTube,CPM,2026-10-06,2026-11-05,3209225,9.96,31963.89
PL001177,PR00551,YouTube Contextual Pre-roll,CoComelon,YouTube,CPM,2026-10-06,2026-11-05,14152207,13.64,193036.11
PL001178,PR00552,YouTube Contextual Pre-roll,Blippi,YouTube,CPM,2026-10-06,2026-11-05,6751248,11.04,74533.78
PL001179,PR00552,Branded Content Integration,Blippi,YouTube,Flat Fee,2026-10-06,2026-11-05,1036426,,45169.95
PL001180,PR00552,FAST Channel Video,CoComelon,FAST,CPM,2026-10-06,2026-11-05,3357980,22.84,76696.28
PL001181,PR00553,Branded Content Integration,Blippi,YouTube,Flat Fee,2026-10-12,2026-11-23,3987105,,177900.0
PL001182,PR00554,CTV App Video,Oddbods,CTV,CPM,2026-10-12,2026-11-23,7363106,25.75,189600.0
PL001183,PR00555,CTV App Video,Little Baby Bum,CTV,CPM,2026-10-03,2026-11-14,1038644,25.77,26765.87
PL001184,PR00555,YouTube Contextual Pre-roll,Little Baby Bum,YouTube,CPM,2026-10-03,2026-11-14,3924103,11.46,44970.23
PL001185,PR00555,FAST Channel Video,Little Baby Bum,FAST,CPM,2026-10-03,2026-11-14,3458898,23.87,82563.9
PL001186,PR00556,YouTube Contextual Pre-roll,Little Angel,YouTube,CPM,2026-10-13,2026-11-24,15654479,9.36,146525.93
PL001187,PR00556,Branded Content Integration,Blippi,YouTube,Flat Fee,2026-10-13,2026-11-24,1763833,,89974.07
PL001188,PR00557,YouTube Contextual Pre-roll,Little Angel,YouTube,CPM,2026-08-21,2026-09-18,11724939,11.85,138940.53
PL001189,PR00557,FAST Channel Video,Little Baby Bum,FAST,CPM,2026-08-21,2026-09-18,64790,21.64,1402.06
PL001190,PR00557,Branded Content Integration,Blippi,YouTube,Flat Fee,2026-08-21,2026-09-18,301536,,15757.41
PL001191,PR00558,Branded Content Integration,CoComelon,YouTube,Flat Fee,2026-10-02,2026-11-01,1962862,,112157.93
PL001192,PR00558,YouTube Contextual Pre-roll,CoComelon,YouTube,CPM,2026-10-02,2026-11-01,16982191,9.43,160142.07
PL001193,PR00559,YouTube Contextual Pre-roll,CoComelon,YouTube,CPM,2026-10-02,2026-11-01,4804552,9.56,45931.52
PL001194,PR00559,FAST Channel Video,CoComelon,FAST,CPM,2026-10-02,2026-11-01,8587380,23.1,198368.48
PL001195,PR00560,FAST Channel Video,CoComelon,FAST,CPM,2026-09-01,2026-10-31,9406348,20.52,193018.27
PL001196,PR00560,YouTube Contextual Pre-roll,CoComelon,YouTube,CPM,2026-09-01,2026-10-31,6818672,9.09,61981.73
PL001197,PR00561,YouTube Contextual Pre-roll,CoComelon,YouTube,CPM,2026-09-01,2026-10-31,1127197,10.17,11463.6
PL001198,PR00561,Branded Content Integration,CoComelon,YouTube,Flat Fee,2026-09-01,2026-10-31,411166,,22755.03
PL001199,PR00561,YouTube Shorts Sponsorship,CoComelon,YouTube,CPM,2026-09-01,2026-10-31,29765643,6.48,192881.37
PL001200,PR00562,YouTube Shorts Sponsorship,Little Baby Bum,YouTube,CPM,2026-10-19,2026-11-30,1239801,7.15,8864.58
PL001201,PR00562,Branded Content Integration,Little Baby Bum,YouTube,Flat Fee,2026-10-19,2026-11-30,4840732,,216435.42
PL001202,PR00563,Branded Content Integration,Little Baby Bum,YouTube,Flat Fee,2026-10-19,2026-11-30,3531049,,136297.08
PL001203,PR00563,YouTube Shorts Sponsorship,Little Baby Bum,YouTube,CPM,2026-10-19,2026-11-30,7930194,8.84,70102.92
PL001204,PR00564,YouTube Contextual Pre-roll,Blippi,YouTube,CPM,2026-10-14,2026-11-28,59566192,13.37,796400.0
PL001205,PR00565,YouTube Contextual Pre-roll,CoComelon,YouTube,CPM,2026-10-07,2026-11-06,5578750,12.33,68785.99
PL001206,PR00565,YouTube Shorts Sponsorship,CoComelon,YouTube,CPM,2026-10-07,2026-11-06,8968121,8.98,80533.73
PL001207,PR00565,CTV App Video,CoComelon,CTV,CPM,2026-10-07,2026-11-06,313254,23.56,7380.28
PL001208,PR00566,FAST Channel Video,CoComelon,FAST,CPM,2026-10-07,2026-11-06,423302,21.97,9299.95
PL001209,PR00566,CTV App Video,CoComelon,CTV,CPM,2026-10-07,2026-11-06,1127315,29.63,33402.36
PL001210,PR00566,YouTube Contextual Pre-roll,CoComelon,YouTube,CPM,2026-10-07,2026-11-06,6655410,12.05,80197.7
PL001211,PR00567,YouTube Contextual Pre-roll,CoComelon,YouTube,CPM,2026-08-30,2026-09-29,22981651,10.9,250500.0
PL001212,PR00568,Branded Content Integration,Little Angel,YouTube,Flat Fee,2026-07-29,2026-09-09,463561,,26839.36
PL001213,PR00568,YouTube Contextual Pre-roll,Little Angel,YouTube,CPM,2026-07-29,2026-09-09,8001525,13.53,108260.64
PL001214,PR00569,FAST Channel Video,CoComelon,FAST,CPM,2026-10-08,2026-11-05,2394612,24.84,59482.18
PL001215,PR00569,YouTube Contextual Pre-roll,Little Baby Bum,YouTube,CPM,2026-10-08,2026-11-05,3977347,12.64,50273.67
PL001216,PR00569,CTV App Video,CoComelon,CTV,CPM,2026-10-08,2026-11-05,5128923,25.58,131197.87
PL001217,PR00569,Branded Content Integration,Blippi,YouTube,Flat Fee,2026-10-08,2026-11-05,208487,,9846.29
PL001218,PR00570,YouTube Contextual Pre-roll,CoComelon,YouTube,CPM,2026-10-11,2026-11-25,5473965,13.73,75157.55
PL001219,PR00570,YouTube Shorts Sponsorship,Blippi,YouTube,CPM,2026-10-11,2026-11-25,446708,6.07,2711.52
PL001220,PR00570,CTV App Video,Blippi,CTV,CPM,2026-10-11,2026-11-25,470696,24.71,11630.92
PL001221,PR00571,YouTube Contextual Pre-roll,Blippi,YouTube,CPM,2026-10-11,2026-11-25,2172206,13.78,29933.0
PL001222,PR00571,YouTube Shorts Sponsorship,Blippi,YouTube,CPM,2026-10-11,2026-11-25,5668162,6.91,39167.0
PL001223,PR00572,YouTube Contextual Pre-roll,Gecko's Garage,YouTube,CPM,2026-10-03,2027-01-01,4092763,10.85,44406.48
PL001224,PR00572,CTV App Video,CoComelon,CTV,CPM,2026-10-03,2027-01-01,2988043,26.47,79093.52
PL001225,PR00573,YouTube Contextual Pre-roll,Gecko's Garage,YouTube,CPM,2026-10-03,2027-01-01,4999239,12.17,60840.75
PL001226,PR00573,Branded Content Integration,Blippi,YouTube,Flat Fee,2026-10-03,2027-01-01,338799,,14744.19
PL001227,PR00573,CTV App Video,Little Baby Bum,CTV,CPM,2026-10-03,2027-01-01,1115081,28.98,32315.06
PL001228,PR00574,CTV App Video,Morphle,CTV,CPM,2026-10-06,2026-12-05,671318,28.03,18817.05
PL001229,PR00574,FAST Channel Video,Supa Strikas,FAST,CPM,2026-10-06,2026-12-05,3063930,22.13,67804.79
PL001230,PR00574,YouTube Contextual Pre-roll,Morphle,YouTube,CPM,2026-10-06,2026-12-05,5684884,12.89,73278.16
PL001231,PR00575,CTV App Video,Oddbods,CTV,CPM,2026-10-12,2026-12-11,9559853,29.99,286700.0
PL001232,PR00576,YouTube Shorts Sponsorship,Oddbods,YouTube,CPM,2026-10-12,2026-12-11,11711010,6.58,77058.45
PL001233,PR00576,CTV App Video,Oddbods,CTV,CPM,2026-10-12,2026-12-11,4623417,28.52,131859.87
PL001234,PR00576,YouTube Contextual Pre-roll,Oddbods,YouTube,CPM,2026-10-12,2026-12-11,4832979,9.39,45381.68
PL001235,PR00577,CTV App Video,Oddbods,CTV,CPM,2026-10-12,2026-12-11,627388,23.57,14787.54
PL001236,PR00577,Branded Content Integration,Blippi,YouTube,Flat Fee,2026-10-12,2026-12-11,2252235,,131581.37
PL001237,PR00577,YouTube Shorts Sponsorship,Oddbods,YouTube,CPM,2026-10-12,2026-12-11,15409586,6.79,104631.09
PL001238,PR00578,FAST Channel Video,CoComelon,FAST,CPM,2026-10-18,2026-11-29,16103646,26.05,419500.0
PL001239,PR00579,Branded Content Integration,CoComelon,YouTube,Flat Fee,2026-10-18,2026-11-29,9564800,,366300.0
PL001240,PR00580,Branded Content Integration,Blippi,YouTube,Flat Fee,2026-10-12,2026-11-09,1419171,,58922.4
PL001241,PR00580,CTV App Video,Blippi,CTV,CPM,2026-10-12,2026-11-09,2446111,28.45,69591.88
PL001242,PR00580,YouTube Shorts Sponsorship,Blippi,YouTube,CPM,2026-10-12,2026-11-09,8467909,6.21,52585.72
PL001243,PR00581,FAST Channel Video,Oddbods,FAST,CPM,2026-10-13,2026-11-10,848188,24.65,20907.85
PL001244,PR00581,YouTube Contextual Pre-roll,Oddbods,YouTube,CPM,2026-10-13,2026-11-10,7197342,13.49,97092.15
PL001245,PR00582,FAST Channel Video,Oddbods,FAST,CPM,2026-10-17,2026-11-16,10302607,21.48,221300.0
PL001246,PR00583,YouTube Shorts Sponsorship,Oddbods,YouTube,CPM,2026-10-17,2026-11-16,21048304,9.73,204800.0
PL001247,PR00584,Branded Content Integration,Little Baby Bum,YouTube,Flat Fee,2026-10-11,2026-11-25,187569,,11004.64
PL001248,PR00584,YouTube Contextual Pre-roll,CoComelon,YouTube,CPM,2026-10-11,2026-11-25,8816935,10.91,96192.77
PL001249,PR00584,FAST Channel Video,Blippi,FAST,CPM,2026-10-11,2026-11-25,286775,21.28,6102.58
PL001250,PR00585,FAST Channel Video,Blippi,FAST,CPM,2026-10-11,2026-11-25,84869,22.98,1950.29
PL001251,PR00585,Branded Content Integration,Blippi,YouTube,Flat Fee,2026-10-11,2026-11-25,2114905,,89749.71
PL001252,PR00586,Branded Content Integration,Blippi,YouTube,Flat Fee,2026-10-11,2026-11-25,1708062,,99500.0
