as_line_id,delivery_date,impressions,video_starts,completed_views,watch_time_minutes
L900001,2025-11-19,79439,79439,53230,165752.0
L900001,2025-11-20,86653,86653,59609,246264.8
L900001,2025-11-21,66815,66815,43581,123107.6
L900001,2025-11-22,58902,58902,40622,145317.5
L900001,2025-11-23,70530,70530,38943,135455.2
L900001,2025-11-24,63689,63689,37272,192194.8
L900001,2025-11-25,53619,53619,34153,138359.7
L900001,2025-11-26,45319,45319,26761,126169.3
L900001,2025-11-27,46926,46926,29186,132519.4
L900001,2025-11-28,47488,47488,27210,89810.3
L900001,2025-11-29,50210,50210,32722,92479.7
L900001,2025-11-30,37960,37960,23710,112461.5
L900001,2025-12-01,39546,39546,24196,125047.2
L900001,2025-12-02,40097,40097,25522,74646.5
L900001,2025-12-03,26950,26950,15077,77544.5
L900001,2025-12-04,36757,36757,21764,80652.1
L900001,2025-12-05,27663,27663,17202,80851.1
L900001,2025-12-06,30527,30527,16901,66571.7
L900001,2025-12-07,28512,28512,19410,60694.8
L900001,2025-12-08,29047,29047,17927,52363.8
L900001,2025-12-09,26039,26039,16860,78714.1
L900001,2025-12-10,17716,17716,11963,42686.4
L900001,2025-12-11,20170,20170,13974,50101.0
L900001,2025-12-12,20898,20898,12219,62439.9
L900001,2025-12-13,19034,19034,10603,43961.9
L900001,2025-12-14,19156,19156,12254,46716.9
L900001,2025-12-15,18577,18577,11533,37701.1
L900001,2025-12-16,17202,17202,11160,39904.9
L900001,2025-12-17,14943,14943,9453,29945.4
L900002,2025-11-19,324996,319164,238839,
L900002,2025-11-20,307863,298751,224847,
L900002,2025-11-21,361797,349213,259303,
L900002,2025-11-22,308220,299606,214049,
L900002,2025-11-23,469904,457698,333693,
L900002,2025-11-24,283748,275355,210565,
L900002,2025-11-25,337647,327103,249284,
L900002,2025-11-26,344760,339390,254261,
L900002,2025-11-27,347081,341024,257114,
L900002,2025-11-28,398738,388703,295188,
L900002,2025-11-29,356675,348210,260786,
L900002,2025-11-30,445579,432572,330508,
L900002,2025-12-01,325775,316963,241937,
L900002,2025-12-02,362320,354372,280467,
L900002,2025-12-03,317049,312782,228284,
L900002,2025-12-04,329026,319149,233041,
L900002,2025-12-05,313271,304110,208238,
L900002,2025-12-06,394095,383847,286882,
L900002,2025-12-07,392184,385364,300085,
L900002,2025-12-08,337647,332870,254918,
L900002,2025-12-09,344340,332263,251366,
L900002,2025-12-10,344821,331470,254362,
L900002,2025-12-11,338796,330390,247766,
L900002,2025-12-12,347171,342238,251282,
L900002,2025-12-13,421522,412565,323734,
L900002,2025-12-14,399462,390659,292365,
L900002,2025-12-15,371225,362392,276434,
L900002,2025-12-16,337603,332525,230217,
L900002,2025-12-17,351229,338859,235713,
L900003,2025-10-28,8214,8086,7681,
L900003,2025-10-29,7519,7264,6529,
L900003,2025-10-30,8273,8114,7540,
L900003,2025-10-31,7786,7493,6981,
L900003,2025-11-01,11983,11654,11032,
L900003,2025-11-02,10634,10244,9699,
L900003,2025-11-03,9064,8837,8184,
L900003,2025-11-04,6772,6509,6028,
L900003,2025-11-05,8631,8312,7568,
L900003,2025-11-06,7990,7671,7027,
L900003,2025-11-07,9078,8969,8475,
L900003,2025-11-08,10322,10114,9531,
L900003,2025-11-09,9781,9438,8814,
L900003,2025-11-10,7336,7092,6285,
L900003,2025-11-11,8202,8048,7536,
L900003,2025-11-12,8888,8621,8288,
L900003,2025-11-13,9122,8789,7998,
L900003,2025-11-14,7876,7733,7265,
L900003,2025-11-15,11798,11608,11139,
L900003,2025-11-16,10689,10437,9625,
L900003,2025-11-17,7532,7319,6922,
L900003,2025-11-18,7391,7241,6699,
L900003,2025-11-19,8030,7803,7505,
L900003,2025-11-20,7874,7695,6780,
L900003,2025-11-21,8431,8283,7587,
L900003,2025-11-22,9844,9653,8960,
L900003,2025-11-23,9596,9496,8981,
L900003,2025-11-24,7110,6873,6320,
L900003,2025-11-25,8548,8371,7682,
L900003,2025-11-26,7061,6811,6425,
L900003,2025-11-27,8833,8663,8048,
L900003,2025-11-28,6833,6714,6338,
L900003,2025-11-29,8508,8350,7817,
L900003,2025-11-30,9114,8993,8154,
L900003,2025-12-01,7818,7732,7162,
L900003,2025-12-02,7687,7563,7122,
L900003,2025-12-03,7815,7618,7234,
L900003,2025-12-04,8287,8183,7496,
L900003,2025-12-05,7543,7398,6636,
L900003,2025-12-06,10039,9729,8978,
L900003,2025-12-07,7949,7811,7180,
L900003,2025-12-08,7520,7287,7006,
L900003,2025-12-09,7000,6763,6094,
L900003,2025-12-10,8824,8639,8268,
L900003,2025-12-11,7621,7533,6910,
L900003,2025-12-12,8504,8212,7254,
L900003,2025-12-13,8350,8020,7413,
L900003,2025-12-14,11027,10683,9842,
L900003,2025-12-15,8170,7893,7519,
L900003,2025-12-16,9470,9326,8565,
L900003,2025-12-17,8093,7934,7667,
L900003,2025-12-18,7117,6846,6507,
L900003,2025-12-19,7444,7247,6754,
L900003,2025-12-20,9620,9269,8442,
L900003,2025-12-21,9039,8933,8357,
L900003,2025-12-22,8750,8573,7950,
L900003,2025-12-23,8150,7826,7367,
L900003,2025-12-24,7474,7309,6905,
L900003,2025-12-25,8636,8379,8228,
L900003,2025-12-26,7860,7634,7029,
L900003,2025-12-27,10414,10092,9550,
L900003,2025-12-28,9391,9189,8471,
L900003,2025-12-29,8455,8350,7627,
L900003,2025-12-30,7838,7673,7149,
L900003,2025-12-31,8750,8555,7852,
L900003,2026-01-01,6910,6774,6040,
L900003,2026-01-02,7288,7210,6515,
L900003,2026-01-03,9689,9446,8560,
L900003,2026-01-04,9259,8986,8217,
L900003,2026-01-05,7819,7566,7236,
L900003,2026-01-06,8534,8313,7733,
L900003,2026-01-07,7805,7679,7074,
L900003,2026-01-08,8317,8172,7695,
L900003,2026-01-09,7516,7388,6876,
L900003,2026-01-10,8216,7991,7465,
L900003,2026-01-11,10409,10175,9405,
L900003,2026-01-12,9282,9155,8352,
L900003,2026-01-13,8245,8149,7572,
L900003,2026-01-14,8039,7882,7312,
L900003,2026-01-15,8174,8090,7660,
L900003,2026-01-16,8998,8740,8127,
L900003,2026-01-17,10451,10334,9465,
L900003,2026-01-18,10412,10232,9359,
L900003,2026-01-19,8812,8482,8263,
L900003,2026-01-20,8025,7764,6880,
L900003,2026-01-21,7749,7460,7121,
L900003,2026-01-22,8463,8186,7653,
L900003,2026-01-23,8758,8625,8104,
L900003,2026-01-24,10766,10539,9995,
L900003,2026-01-25,11005,10595,9929,
L900003,2026-01-26,8691,8442,7799,
L900004,2025-10-28,52163,50604,37665,
L900004,2025-10-29,48851,47781,35476,
L900004,2025-10-30,43743,42609,31540,
L900004,2025-10-31,51169,49617,37267,
L900004,2025-11-01,47951,46827,34450,
L900004,2025-11-02,63480,62281,45821,
L900004,2025-11-03,39285,38245,29749,
L900004,2025-11-04,48402,47357,34977,
L900004,2025-11-05,44532,42877,32657,
L900004,2025-11-06,43906,43050,32845,
L900004,2025-11-07,47887,46824,34878,
L900004,2025-11-08,56205,55095,40577,
L900004,2025-11-09,60206,57848,41806,
L900004,2025-11-10,39941,38950,29301,
L900004,2025-11-11,48214,46385,34770,
L900004,2025-11-12,47393,45754,33564,
L900004,2025-11-13,48787,47237,34912,
L900004,2025-11-14,44108,43091,31618,
L900004,2025-11-15,64540,63509,44792,
L900004,2025-11-16,57780,56397,39839,
L900004,2025-11-17,45499,44667,32666,
L900004,2025-11-18,38240,37000,27667,
L900004,2025-11-19,44501,42878,29929,
L900004,2025-11-20,48979,47779,36727,
L900004,2025-11-21,51367,49580,37045,
L900004,2025-11-22,55763,54288,41615,
L900004,2025-11-23,63036,62128,47383,
L900004,2025-11-24,42439,40792,30350,
L900004,2025-11-25,47510,46466,32703,
L900004,2025-11-26,47619,46323,36384,
L900004,2025-11-27,48246,47310,36403,
L900004,2025-11-28,46568,46058,34015,
L900004,2025-11-29,57253,55094,39870,
L900004,2025-11-30,51275,49965,38239,
L900004,2025-12-01,50935,49278,35488,
L900004,2025-12-02,49450,48046,35470,
L900004,2025-12-03,47144,46311,34696,
L900004,2025-12-04,49547,48537,35997,
L900004,2025-12-05,51074,49301,36787,
L900004,2025-12-06,58333,56658,40982,
L900004,2025-12-07,65153,63137,47314,
L900004,2025-12-08,48514,46898,33196,
L900004,2025-12-09,42875,42273,32328,
L900004,2025-12-10,46949,45892,32203,
L900004,2025-12-11,49708,48455,35329,
L900004,2025-12-12,51078,50128,37006,
L900004,2025-12-13,56468,55578,42438,
L900004,2025-12-14,51569,50972,36707,
L900004,2025-12-15,45175,43525,32928,
L900004,2025-12-16,41009,39570,27961,
L900004,2025-12-17,48921,47157,34327,
L900004,2025-12-18,44456,43983,30914,
L900004,2025-12-19,43403,42454,31409,
L900004,2025-12-20,59694,57348,41552,
L900004,2025-12-21,62925,61344,44554,
L900004,2025-12-22,43388,42686,32900,
L900004,2025-12-23,46672,45407,33099,
L900004,2025-12-24,45326,44476,34115,
L900004,2025-12-25,51280,50609,36623,
L900004,2025-12-26,45740,44415,32947,
L900004,2025-12-27,51175,49962,36916,
L900004,2025-12-28,55582,54056,41234,
L900004,2025-12-29,50329,48366,35472,
L900004,2025-12-30,45110,43896,33066,
L900004,2025-12-31,43747,42918,32264,
L900004,2026-01-01,45573,43841,31592,
L900004,2026-01-02,42383,40798,31371,
L900004,2026-01-03,54863,54113,41818,
L900004,2026-01-04,53276,52207,38937,
L900004,2026-01-05,54681,53272,38294,
L900004,2026-01-06,38928,37963,29069,
L900004,2026-01-07,42860,41458,30661,
L900004,2026-01-08,43745,43212,32208,
L900004,2026-01-09,42406,40884,30107,
L900004,2026-01-10,57558,55297,39804,
L900004,2026-01-11,52447,50485,37008,
L900004,2026-01-12,40650,39251,28714,
L900004,2026-01-13,46332,44751,32758,
L900004,2026-01-14,44900,43992,32536,
L900004,2026-01-15,43488,42460,32007,
L900004,2026-01-16,51169,49977,36518,
L900004,2026-01-17,57715,56233,41342,
L900004,2026-01-18,57183,56561,43626,
L900004,2026-01-19,47764,46793,32967,
L900004,2026-01-20,47563,46491,35549,
L900004,2026-01-21,45082,43435,33006,
L900004,2026-01-22,43362,41679,29604,
L900004,2026-01-23,46414,44839,31605,
L900004,2026-01-24,54493,52804,40433,
L900004,2026-01-25,47070,46241,33035,
L900004,2026-01-26,42107,40916,30226,
L900005,2025-10-28,37683,37683,22827,94745.4
L900005,2025-10-29,34104,34104,18819,86432.8
L900005,2025-10-30,30772,30772,18151,78244.8
L900005,2025-10-31,28014,28014,16682,82250.4
L900005,2025-11-01,27027,27027,16160,57868.8
L900005,2025-11-02,22379,22379,13921,46973.2
L900005,2025-11-03,25041,25041,16266,61840.9
L900005,2025-11-04,19305,19305,11237,39408.9
L900005,2025-11-05,22164,22164,14028,59351.7
L900005,2025-11-06,21549,21549,14627,40927.7
L900005,2025-11-07,18525,18525,12042,55593.2
L900005,2025-11-08,16785,16785,9597,48084.4
L900005,2025-11-09,16735,16735,10403,53314.6
L900005,2025-11-10,10817,10817,6067,21965.3
L900005,2025-11-11,14703,14703,9469,34977.1
L900005,2025-11-12,13288,13288,8555,41360.9
L900005,2025-11-13,12593,12593,8490,29832.2
L900005,2025-11-14,12762,12762,8459,23738.2
L900005,2025-11-15,11142,11142,6663,26211.3
L900005,2025-11-16,9367,9367,5422,26387.7
L900005,2025-11-17,9816,9816,5949,23850.5
L900005,2025-11-18,9440,9440,6376,19961.9
L900005,2025-11-19,8932,8932,6128,22072.0
L900005,2025-11-20,8451,8451,5851,21240.5
L900005,2025-11-21,8646,8646,5282,26116.3
L900005,2025-11-22,6575,6575,4242,14056.5
L900005,2025-11-23,7068,7068,4440,17641.6
L900005,2025-11-24,7386,7386,4145,19497.2
L900005,2025-11-25,5092,5092,3119,13169.8
L900005,2025-11-26,5906,5906,3872,17055.7
L900005,2025-11-27,5144,5144,3425,9546.9
L900005,2025-11-28,4955,4955,2931,10867.1
L900005,2025-11-29,4408,4408,2854,14023.4
L900005,2025-11-30,4486,4486,2697,13327.3
L900005,2025-12-01,5090,5090,3261,15713.1
L900005,2025-12-02,3536,3536,2398,8691.1
L900005,2025-12-03,3366,3366,2097,9628.1
L900005,2025-12-04,3122,3122,2110,8196.5
L900005,2025-12-05,3965,3965,2513,10923.8
L900005,2025-12-06,3037,3037,1943,8807.7
L900005,2025-12-07,2991,2991,1706,6795.3
L900005,2025-12-08,2710,2710,1771,8578.0
L900005,2025-12-09,2408,2408,1516,6412.3
L900005,2025-12-10,2446,2446,1368,6557.2
L900005,2025-12-11,2939,2939,2028,8889.5
L900005,2025-12-12,2530,2530,1617,5361.0
L900005,2025-12-13,1913,1913,1318,4311.6
L900005,2025-12-14,2098,2098,1229,4338.2
L900005,2025-12-15,1701,1701,1183,3518.7
L900005,2025-12-16,1437,1437,862,3946.8
L900005,2025-12-17,1813,1813,1072,4780.6
L900005,2025-12-18,1729,1729,1124,3568.1
L900005,2025-12-19,1612,1612,1034,4677.5
L900005,2025-12-20,1310,1310,878,3620.4
L900005,2025-12-21,1273,1273,736,3514.0
L900005,2025-12-22,1310,1310,860,3372.0
L900005,2025-12-23,1193,1193,692,2920.2
L900005,2025-12-24,1038,1038,651,2038.7
L900005,2025-12-25,853,853,561,1883.5
L900005,2025-12-26,970,970,569,2558.3
L900005,2025-12-27,1000,1000,645,2272.3
L900005,2025-12-28,748,748,510,2194.2
L900005,2025-12-29,852,852,516,2000.7
L900005,2025-12-30,779,779,512,2419.2
L900005,2025-12-31,763,763,472,1738.1
L900005,2026-01-01,727,727,427,1381.9
L900005,2026-01-02,586,586,333,1363.7
L900005,2026-01-03,497,497,314,1168.1
L900005,2026-01-04,529,529,296,1553.6
L900005,2026-01-05,573,573,337,1428.5
L900005,2026-01-06,468,468,323,1203.2
L900005,2026-01-07,434,434,292,1091.8
L900005,2026-01-08,359,359,220,779.7
L900005,2026-01-09,486,486,338,1302.2
L900005,2026-01-10,422,422,263,823.5
L900005,2026-01-11,395,395,243,884.2
L900005,2026-01-12,379,379,216,747.4
L900005,2026-01-13,344,344,228,1098.0
L900005,2026-01-14,299,299,166,567.6
L900005,2026-01-15,284,284,160,724.0
L900005,2026-01-16,260,260,147,502.9
L900005,2026-01-17,323,323,213,772.8
L900005,2026-01-18,254,254,141,692.0
L900005,2026-01-19,216,216,120,422.5
L900005,2026-01-20,223,223,155,626.1
L900005,2026-01-21,181,181,107,386.8
L900005,2026-01-22,218,218,127,576.6
L900005,2026-01-23,166,166,110,514.4
L900005,2026-01-24,176,176,106,375.0
L900005,2026-01-25,175,175,96,458.1
L900005,2026-01-26,155,155,102,316.3
L900006,2025-07-24,101166,98282,72617,
L900006,2025-07-25,96416,94126,68807,
L900006,2025-07-26,136842,131439,96979,
L900006,2025-07-27,114667,110632,80725,
L900006,2025-07-28,109977,107462,80973,
L900006,2025-07-29,105610,103331,75932,
L900006,2025-07-30,105715,104575,76039,
L900006,2025-07-31,98980,97424,73983,
L900006,2025-08-01,108149,104227,75081,
L900006,2025-08-02,113984,110266,81836,
L900006,2025-08-03,139256,135383,94996,
L900006,2025-08-04,103330,99947,71210,
L900006,2025-08-05,95950,93866,68776,
L900006,2025-08-06,97679,96385,70295,
L900006,2025-08-07,101137,99875,72838,
L900006,2025-08-08,89253,86431,65307,
L900006,2025-08-09,129729,124552,94268,
L900006,2025-08-10,107277,105145,78435,
L900006,2025-08-11,106545,103674,74580,
L900006,2025-08-12,101153,99719,73560,
L900006,2025-08-13,115975,114291,88974,
L900006,2025-08-14,87620,85287,67366,
L900006,2025-08-15,93678,90583,68808,
L900006,2025-08-16,131859,129936,93565,
L900006,2025-08-17,127187,123658,91240,
L900006,2025-08-18,105562,102746,76506,
L900006,2025-08-19,110753,106822,79209,
L900006,2025-08-20,99722,98390,74965,
L900006,2025-08-21,105772,104240,78663,
L900007,2025-07-24,94340,90631,83257,
L900007,2025-07-25,97835,96167,90947,
L900007,2025-07-26,134352,129804,120314,
L900007,2025-07-27,138888,136137,130333,
L900007,2025-07-28,104953,102129,93301,
L900007,2025-07-29,115923,114329,106186,
L900007,2025-07-30,103988,100896,93147,
L900007,2025-07-31,95620,91854,82726,
L900007,2025-08-01,108161,105481,96444,
L900007,2025-08-02,155125,150725,136900,
L900007,2025-08-03,112086,109089,102565,
L900007,2025-08-04,115544,111634,103963,
L900007,2025-08-05,107661,103821,92725,
L900007,2025-08-06,97368,93699,85128,
L900007,2025-08-07,87341,86040,80218,
L900007,2025-08-08,84477,82829,74840,
L900007,2025-08-09,119266,115097,105126,
L900007,2025-08-10,128574,124989,117003,
L900007,2025-08-11,110310,106618,100759,
L900007,2025-08-12,112344,109040,101403,
L900007,2025-08-13,105448,102097,95994,
L900007,2025-08-14,104115,102183,94218,
L900007,2025-08-15,100210,98902,90361,
L900007,2025-08-16,128825,125138,116143,
L900007,2025-08-17,118010,116397,106707,
L900007,2025-08-18,92980,91940,87304,
L900007,2025-08-19,103596,101585,92721,
L900007,2025-08-20,109608,107075,98379,
L900007,2025-08-21,91365,89479,85043,
L900008,2025-05-31,12880,12640,12018,
L900008,2025-06-01,14533,13961,13268,
L900008,2025-06-02,9944,9716,9335,
L900008,2025-06-03,10573,10264,10138,
L900008,2025-06-04,10999,10565,9564,
L900008,2025-06-05,11314,11009,10886,
L900008,2025-06-06,12387,12057,11895,
L900008,2025-06-07,12229,11895,11517,
L900008,2025-06-08,12546,12208,11652,
L900008,2025-06-09,9879,9587,8984,
L900008,2025-06-10,10405,10072,9749,
L900008,2025-06-11,11704,11555,11041,
L900008,2025-06-12,9811,9495,8961,
L900008,2025-06-13,10343,9978,9652,
L900008,2025-06-14,14571,14083,13676,
L900008,2025-06-15,12511,12230,10948,
L900008,2025-06-16,9445,9213,9014,
L900008,2025-06-17,10647,10390,9714,
L900008,2025-06-18,12445,12020,11723,
L900008,2025-06-19,11021,10592,10000,
L900008,2025-06-20,10883,10572,10091,
L900008,2025-06-21,15020,14440,13840,
L900008,2025-06-22,14089,13622,13259,
L900008,2025-06-23,9970,9782,9440,
L900008,2025-06-24,10740,10361,9321,
L900008,2025-06-25,9127,8930,8301,
L900008,2025-06-26,11467,11198,10663,
L900008,2025-06-27,11162,10799,10680,
L900008,2025-06-28,11964,11673,11082,
L900008,2025-06-29,13640,13198,12343,
L900008,2025-06-30,11025,10633,9761,
L900008,2025-07-01,12240,11802,11051,
L900008,2025-07-02,12787,12442,11811,
L900008,2025-07-03,11904,11738,11138,
L900008,2025-07-04,10973,10595,9941,
L900008,2025-07-05,13442,13069,12498,
L900008,2025-07-06,12480,12043,11410,
L900008,2025-07-07,10463,10065,9964,
L900008,2025-07-08,10921,10769,10563,
L900008,2025-07-09,10828,10596,10121,
L900008,2025-07-10,9837,9612,9045,
L900008,2025-07-11,11185,11000,10798,
L900008,2025-07-12,13552,13364,13065,
L900008,2025-07-13,13998,13802,13561,
L900008,2025-07-14,10948,10753,10645,
L900008,2025-07-15,10573,10241,9571,
L900008,2025-07-16,9935,9677,9580,
L900008,2025-07-17,11721,11400,10753,
L900008,2025-07-18,12099,11675,11251,
L900008,2025-07-19,15410,14801,13602,
L900008,2025-07-20,13033,12887,12123,
L900008,2025-07-21,9263,9059,8798,
L900008,2025-07-22,10762,10356,9991,
L900008,2025-07-23,13076,12856,12122,
L900008,2025-07-24,10629,10289,9798,
L900008,2025-07-25,11868,11672,10956,
L900008,2025-07-26,12643,12339,11982,
L900008,2025-07-27,13719,13490,12263,
L900008,2025-07-28,9921,9688,9494,
L900008,2025-07-29,11353,11024,10304,
L900008,2025-07-30,10850,10474,9953,
L900008,2025-07-31,11647,11367,10489,
L900008,2025-08-01,10260,9907,9465,
L900008,2025-08-02,13209,12992,12490,
L900008,2025-08-03,12006,11642,11143,
L900008,2025-08-04,11960,11543,11078,
L900008,2025-08-05,11122,10767,10208,
L900008,2025-08-06,10265,10104,9584,
L900008,2025-08-07,12108,11805,11186,
L900008,2025-08-08,10217,10082,9478,
L900008,2025-08-09,13529,13147,12391,
L900008,2025-08-10,13833,13348,12820,
L900008,2025-08-11,11782,11476,11228,
L900008,2025-08-12,11876,11702,10898,
L900008,2025-08-13,10205,9870,9361,
L900008,2025-08-14,10603,10372,9617,
L900008,2025-08-15,10611,10303,9690,
L900008,2025-08-16,12600,12392,11694,
L900008,2025-08-17,14571,14190,13537,
L900008,2025-08-18,13175,12827,12229,
L900008,2025-08-19,10744,10543,10016,
L900008,2025-08-20,11225,11016,10561,
L900008,2025-08-21,12827,12376,11547,
L900008,2025-08-22,11756,11499,10971,
L900008,2025-08-23,11642,11191,10803,
L900008,2025-08-24,14666,14511,13536,
L900008,2025-08-25,10992,10597,9701,
L900008,2025-08-26,9892,9581,9302,
L900008,2025-08-27,10589,10333,9587,
L900008,2025-08-28,11202,10918,10258,
L900008,2025-08-29,10585,10401,10034,
L900009,2025-05-31,16017,15725,14672,
L900009,2025-06-01,18607,18358,17527,
L900009,2025-06-02,13506,13154,12479,
L900009,2025-06-03,13370,13094,12655,
L900009,2025-06-04,12971,12654,12104,
L900009,2025-06-05,13515,13293,12897,
L900009,2025-06-06,14939,14600,13281,
L900009,2025-06-07,16546,16299,15412,
L900009,2025-06-08,18722,18200,16900,
L900009,2025-06-09,14315,13850,13090,
L900009,2025-06-10,14415,14243,12877,
L900009,2025-06-11,13337,12870,12029,
L900009,2025-06-12,15652,15428,14846,
L900009,2025-06-13,15154,14605,13666,
L900009,2025-06-14,18302,17589,16123,
L900009,2025-06-15,17056,16411,14991,
L900009,2025-06-16,12839,12708,11903,
L900009,2025-06-17,14476,14262,13459,
L900009,2025-06-18,14888,14344,13409,
L900009,2025-06-19,14900,14708,13665,
L900009,2025-06-20,14736,14315,13105,
L900009,2025-06-21,17778,17226,16250,
L900009,2025-06-22,16343,15700,14617,
L900009,2025-06-23,13553,13208,12144,
L900009,2025-06-24,12981,12753,12183,
L900009,2025-06-25,15481,14961,14074,
L900009,2025-06-26,16515,16238,15039,
L900009,2025-06-27,17724,17414,16115,
L900009,2025-06-28,17620,17153,15815,
L900009,2025-06-29,17782,17385,16458,
L900009,2025-06-30,14135,13891,13412,
L900009,2025-07-01,14537,14016,13110,
L900009,2025-07-02,13227,13012,12210,
L900009,2025-07-03,14112,13715,12588,
L900009,2025-07-04,13378,12899,12685,
L900009,2025-07-05,16904,16684,15029,
L900009,2025-07-06,16303,16092,14948,
L900009,2025-07-07,14888,14405,13556,
L900009,2025-07-08,15037,14615,13403,
L900009,2025-07-09,14653,14380,13121,
L900009,2025-07-10,13557,13165,12001,
L900009,2025-07-11,12908,12470,11862,
L900009,2025-07-12,18219,17561,16674,
L900009,2025-07-13,17322,17127,16194,
L900009,2025-07-14,12255,11855,11229,
L900009,2025-07-15,14467,13951,13149,
L900009,2025-07-16,14698,14392,13100,
L900009,2025-07-17,12555,12090,11071,
L900009,2025-07-18,14909,14479,13665,
L900009,2025-07-19,15378,14924,13586,
L900009,2025-07-20,16269,16062,14822,
L900009,2025-07-21,12710,12539,11304,
L900009,2025-07-22,13327,13142,12244,
L900009,2025-07-23,12917,12430,11531,
L900009,2025-07-24,15473,14990,13550,
L900009,2025-07-25,14029,13813,13129,
L900009,2025-07-26,16690,16298,14970,
L900009,2025-07-27,18875,18142,16760,
L900009,2025-07-28,15525,15361,14417,
L900009,2025-07-29,13873,13670,12844,
L900009,2025-07-30,14630,14074,13376,
L900009,2025-07-31,13639,13229,12313,
L900009,2025-08-01,14194,13758,12988,
L900009,2025-08-02,15851,15457,14689,
L900009,2025-08-03,17912,17201,15543,
L900009,2025-08-04,15643,15064,14682,
L900009,2025-08-05,15408,15135,14507,
L900009,2025-08-06,14362,14029,12580,
L900009,2025-08-07,12160,11695,10936,
L900009,2025-08-08,13589,13253,12082,
L900009,2025-08-09,17181,16818,15847,
L900009,2025-08-10,15261,14820,13649,
L900009,2025-08-11,15988,15563,14138,
L900009,2025-08-12,15257,14799,13619,
L900009,2025-08-13,14887,14565,13865,
L900009,2025-08-14,15110,14662,13902,
L900009,2025-08-15,12950,12558,11958,
L900009,2025-08-16,16090,15624,14611,
L900009,2025-08-17,17624,17342,16296,
L900009,2025-08-18,14649,14320,13075,
L900009,2025-08-19,12724,12552,11892,
L900009,2025-08-20,14477,14227,13558,
L900009,2025-08-21,14213,13829,12472,
L900009,2025-08-22,15367,14989,13828,
L900009,2025-08-23,17740,17385,15942,
L900009,2025-08-24,19539,19078,17408,
L900009,2025-08-25,13879,13635,12709,
L900009,2025-08-26,13018,12694,11889,
L900009,2025-08-27,16104,15942,14669,
L900009,2025-08-28,14715,14194,12419,
L900009,2025-08-29,14220,14003,12935,
L900010,2025-06-10,6879,6754,6237,
L900010,2025-06-11,6241,6110,5636,
L900010,2025-06-12,5360,5168,4689,
L900010,2025-06-13,6818,6701,5949,
L900010,2025-06-14,7194,6948,6406,
L900010,2025-06-15,8733,8545,8078,
L900010,2025-06-16,6049,5857,5599,
L900010,2025-06-17,5956,5757,5470,
L900010,2025-06-18,5643,5424,5160,
L900010,2025-06-19,6125,5882,5349,
L900010,2025-06-20,6221,5996,5609,
L900010,2025-06-21,7361,7158,6736,
L900010,2025-06-22,7307,7057,6650,
L900010,2025-06-23,6555,6450,5990,
L900010,2025-06-24,6107,6024,5620,
L900010,2025-06-25,6610,6430,6245,
L900010,2025-06-26,6807,6650,6314,
L900010,2025-06-27,7895,7813,7346,
L900010,2025-06-28,7961,7692,7261,
L900010,2025-06-29,7045,6972,6422,
L900010,2025-06-30,6075,5861,5526,
L900010,2025-07-01,6243,6000,5596,
L900010,2025-07-02,6882,6756,6399,
L900010,2025-07-03,6249,6146,5633,
L900010,2025-07-04,6906,6675,6311,
L900010,2025-07-05,6679,6595,6092,
L900010,2025-07-06,7765,7492,7084,
L900010,2025-07-07,6792,6657,6228,
L900010,2025-07-08,6627,6384,5945,
L900010,2025-07-09,5990,5870,5428,
L900010,2025-07-10,6341,6241,5799,
L900010,2025-07-11,5376,5216,4809,
L900010,2025-07-12,7698,7558,6986,
L900010,2025-07-13,7513,7296,6856,
L900010,2025-07-14,5785,5634,5056,
L900010,2025-07-15,6155,6085,5752,
L900010,2025-07-16,7186,7022,6640,
L900010,2025-07-17,5587,5455,5047,
L900010,2025-07-18,6461,6377,5953,
L900010,2025-07-19,7995,7853,7159,
L900010,2025-07-20,7704,7541,7076,
L900010,2025-07-21,6749,6545,5981,
L900010,2025-07-22,6156,5938,5201,
L900010,2025-07-23,6016,5898,5423,
L900010,2025-07-24,5815,5707,5326,
L900010,2025-07-25,6303,6149,5440,
L900010,2025-07-26,7796,7549,6880,
L900010,2025-07-27,7962,7785,7040,
L900010,2025-07-28,6346,6262,5788,
L900010,2025-07-29,6485,6269,5845,
L900010,2025-07-30,6202,5958,5357,
L900010,2025-07-31,5583,5440,4995,
L900010,2025-08-01,6327,6136,5631,
L900010,2025-08-02,8047,7847,7253,
L900010,2025-08-03,7072,6894,6373,
L900010,2025-08-04,6445,6327,5925,
L900010,2025-08-05,7282,7079,6488,
L900010,2025-08-06,6294,6222,5839,
L900010,2025-08-07,6319,6123,5633,
L900010,2025-08-08,5546,5467,5028,
L900010,2025-08-09,7006,6748,6042,
L900010,2025-08-10,7176,6920,6290,
L900010,2025-08-11,6627,6406,6034,
L900010,2025-08-12,5873,5776,5341,
L900010,2025-08-13,5390,5316,4891,
L900010,2025-08-14,6533,6320,5981,
L900010,2025-08-15,5970,5893,5604,
L900010,2025-08-16,6735,6652,6020,
L900010,2025-08-17,8099,7944,7653,
L900010,2025-08-18,6581,6417,5962,
L900010,2025-08-19,5219,5074,4513,
L900010,2025-08-20,6397,6217,5737,
L900010,2025-08-21,5771,5638,5250,
L900010,2025-08-22,6389,6190,5873,
L900010,2025-08-23,7748,7494,7153,
L900010,2025-08-24,7669,7505,6962,
L900010,2025-08-25,6870,6790,6181,
L900010,2025-08-26,7757,7600,7125,
L900010,2025-08-27,6524,6414,6032,
L900010,2025-08-28,7282,7193,6803,
L900010,2025-08-29,5518,5306,5083,
L900010,2025-08-30,7455,7247,6755,
L900010,2025-08-31,6880,6693,6294,
L900010,2025-09-01,6001,5835,5438,
L900010,2025-09-02,6187,6121,5928,
L900010,2025-09-03,7335,7115,6623,
L900010,2025-09-04,6363,6179,5700,
L900010,2025-09-05,6891,6679,6167,
L900010,2025-09-06,7406,7217,6853,
L900010,2025-09-07,7334,7260,6746,
L900010,2025-09-08,5530,5462,5156,
L900011,2025-06-10,91067,91067,55500,191207.9
L900011,2025-06-11,91688,91688,56343,195218.0
L900011,2025-06-12,68962,68962,40445,201806.3
L900011,2025-06-13,72625,72625,43605,191524.8
L900011,2025-06-14,60515,60515,38670,181210.8
L900011,2025-06-15,61492,61492,34749,117771.6
L900011,2025-06-16,63837,63837,42171,128316.5
L900011,2025-06-17,56378,56378,34631,172246.8
L900011,2025-06-18,45135,45135,31150,131389.1
L900011,2025-06-19,42990,42990,28141,86523.5
L900011,2025-06-20,40178,40178,22407,98825.5
L900011,2025-06-21,46059,46059,25558,101697.9
L900011,2025-06-22,49878,49878,33744,137176.3
L900011,2025-06-23,44242,44242,30425,122991.8
L900011,2025-06-24,29717,29717,19313,57131.8
L900011,2025-06-25,39442,39442,22670,88100.6
L900011,2025-06-26,35569,35569,20096,113637.3
L900011,2025-06-27,25896,25896,14562,48045.3
L900011,2025-06-28,27971,27971,15384,86474.3
L900011,2025-06-29,30141,30141,20147,92107.2
L900011,2025-06-30,26992,26992,18182,67115.7
L900011,2025-07-01,20939,20939,12356,46233.3
L900011,2025-07-02,24076,24076,16263,45753.0
L900011,2025-07-03,16801,16801,10784,33502.2
L900011,2025-07-04,19676,19676,12186,58897.2
L900011,2025-07-05,21109,21109,12108,60931.2
L900011,2025-07-06,17882,17882,11216,44615.3
L900011,2025-07-07,15971,15971,9320,35091.1
L900011,2025-07-08,17238,17238,10498,39201.3
L900011,2025-07-09,16362,16362,9398,40278.7
L900011,2025-07-10,15880,15880,9811,49742.3
L900011,2025-07-11,14379,14379,8569,39037.3
L900011,2025-07-12,13799,13799,9275,32912.8
L900011,2025-07-13,12587,12587,8679,36652.8
L900011,2025-07-14,11338,11338,7676,30984.0
L900011,2025-07-15,10494,10494,6103,25666.2
L900011,2025-07-16,9563,9563,6268,17706.1
L900011,2025-07-17,8106,8106,4529,24522.3
L900011,2025-07-18,7858,7858,4495,25126.1
L900011,2025-07-19,7951,7951,4523,22357.2
L900011,2025-07-20,7891,7891,4674,17879.6
L900011,2025-07-21,8302,8302,4964,17724.4
L900011,2025-07-22,6805,6805,4234,16153.9
L900011,2025-07-23,7082,7082,4882,19373.4
L900011,2025-07-24,6715,6715,4369,18943.9
L900011,2025-07-25,5576,5576,3319,15572.4
L900011,2025-07-26,5695,5695,3897,15482.7
L900011,2025-07-27,4939,4939,2986,11592.4
L900011,2025-07-28,5398,5398,3248,10086.0
L900011,2025-07-29,4776,4776,3229,13970.2
L900011,2025-07-30,3725,3725,2266,10942.3
L900011,2025-07-31,4047,4047,2507,12760.9
L900011,2025-08-01,4368,4368,2915,13137.2
L900011,2025-08-02,3468,3468,2141,10203.2
L900011,2025-08-03,3475,3475,2299,9696.4
L900011,2025-08-04,3303,3303,2142,10375.7
L900011,2025-08-05,2644,2644,1752,7972.7
L900011,2025-08-06,2920,2920,1686,8809.2
L900011,2025-08-07,2252,2252,1294,4843.7
L900011,2025-08-08,2310,2310,1302,6989.4
L900011,2025-08-09,2570,2570,1542,4777.2
L900011,2025-08-10,2263,2263,1292,5698.0
L900011,2025-08-11,1995,1995,1245,4367.1
L900011,2025-08-12,2025,2025,1175,4156.8
L900011,2025-08-13,1814,1814,1008,3288.6
L900011,2025-08-14,1721,1721,1039,3924.1
L900011,2025-08-15,1725,1725,1107,3919.3
L900011,2025-08-16,1414,1414,799,4072.6
L900011,2025-08-17,1441,1441,1002,3000.7
L900011,2025-08-18,1310,1310,749,3605.8
L900011,2025-08-19,1071,1071,726,3043.4
L900011,2025-08-20,1089,1089,643,2555.8
L900011,2025-08-21,1306,1306,821,3430.4
L900011,2025-08-22,1104,1104,760,2291.2
L900011,2025-08-23,869,869,578,2453.9
L900011,2025-08-24,798,798,443,2513.5
L900011,2025-08-25,878,878,560,1937.1
L900011,2025-08-26,967,967,676,2358.5
L900011,2025-08-27,773,773,458,1410.8
L900011,2025-08-28,839,839,535,2643.8
L900011,2025-08-29,723,723,404,2141.1
L900011,2025-08-30,689,689,422,1687.3
L900011,2025-08-31,537,537,366,1396.6
L900011,2025-09-01,638,638,439,1894.0
L900011,2025-09-02,531,531,309,1152.6
L900011,2025-09-03,562,562,384,1682.1
L900011,2025-09-04,448,448,301,1225.6
L900011,2025-09-05,467,467,297,1098.7
L900011,2025-09-06,447,447,246,948.0
L900011,2025-09-07,401,401,233,1183.0
L900011,2025-09-08,399,399,233,719.5
L900012,2025-11-10,226967,226967,127422,663787.1
L900012,2025-11-11,265286,265286,167206,811587.2
L900012,2025-11-12,237856,237856,164355,433583.1
L900012,2025-11-13,187312,187312,127424,529315.6
L900012,2025-11-14,201785,201785,134190,585820.5
L900012,2025-11-15,166458,166458,110750,454203.9
L900012,2025-11-16,149279,149279,93224,389953.6
L900012,2025-11-17,175966,175966,110878,452813.8
L900012,2025-11-18,124598,124598,83100,373461.0
L900012,2025-11-19,154555,154555,106464,362375.4
L900012,2025-11-20,129842,129842,85547,265933.5
L900012,2025-11-21,122797,122797,79623,223477.8
L900012,2025-11-22,122986,122986,75565,277983.4
L900012,2025-11-23,117731,117731,69089,291008.7
L900012,2025-11-24,96126,96126,54303,298328.5
L900012,2025-11-25,105766,105766,69768,215406.4
L900012,2025-11-26,93990,93990,55815,203011.8
L900012,2025-11-27,76530,76530,43949,183444.6
L900012,2025-11-28,81027,81027,53427,186848.4
L900012,2025-11-29,88349,88349,58731,194746.8
L900012,2025-11-30,85363,85363,59727,236300.2
L900012,2025-12-01,73787,73787,47655,140690.9
L900012,2025-12-02,57121,57121,32749,112529.4
L900012,2025-12-03,64059,64059,44236,200826.2
L900012,2025-12-04,62400,62400,34937,179616.9
L900012,2025-12-05,58088,58088,38556,126519.8
L900012,2025-12-06,55008,55008,31731,157920.3
L900012,2025-12-07,49779,49779,29898,124479.8
L900012,2025-12-08,44909,44909,30326,114447.4
L900013,2025-11-10,95628,93183,87293,
L900013,2025-11-11,114425,111956,105367,
L900013,2025-11-12,100683,99028,93373,
L900013,2025-11-13,131279,127430,118709,
L900013,2025-11-14,112191,108013,101119,
L900013,2025-11-15,158674,153166,139308,
L900013,2025-11-16,138702,136510,124771,
L900013,2025-11-17,107813,105264,97791,
L900013,2025-11-18,124900,120841,116734,
L900013,2025-11-19,116789,112181,103483,
L900013,2025-11-20,135231,133529,123040,
L900013,2025-11-21,107596,105888,94716,
L900013,2025-11-22,151727,149268,141709,
L900013,2025-11-23,162883,156789,141456,
L900013,2025-11-24,125900,121103,112795,
L900013,2025-11-25,120018,115742,103825,
L900013,2025-11-26,125989,121555,114958,
L900013,2025-11-27,112396,110648,104330,
L900013,2025-11-28,105843,103307,94878,
L900013,2025-11-29,131423,128053,114344,
L900013,2025-11-30,145893,144104,137450,
L900013,2025-12-01,106421,104180,97612,
L900013,2025-12-02,110352,106036,99309,
L900013,2025-12-03,107087,105545,96292,
L900013,2025-12-04,122237,120254,111682,
L900013,2025-12-05,130986,127445,118641,
L900013,2025-12-06,126372,124377,118722,
L900013,2025-12-07,143371,140973,133154,
L900013,2025-12-08,123486,120037,110067,
L900014,2025-11-10,57233,55231,39445,
L900014,2025-11-11,56805,55591,42623,
L900014,2025-11-12,59131,57623,41089,
L900014,2025-11-13,50806,49667,38407,
L900014,2025-11-14,57610,56510,41085,
L900014,2025-11-15,68706,67969,48288,
L900014,2025-11-16,78243,76861,56272,
L900014,2025-11-17,64377,63413,46991,
L900014,2025-11-18,64665,63889,47605,
L900014,2025-11-19,61990,60962,45988,
L900014,2025-11-20,60922,59503,44446,
L900014,2025-11-21,56948,55452,43158,
L900014,2025-11-22,65149,63172,46752,
L900014,2025-11-23,70329,68294,51087,
L900014,2025-11-24,56035,55306,41274,
L900014,2025-11-25,57245,55017,38971,
L900014,2025-11-26,58073,56077,40262,
L900014,2025-11-27,49977,48833,36270,
L900014,2025-11-28,60294,57913,43465,
L900014,2025-11-29,73433,71959,50468,
L900014,2025-11-30,62597,60792,47385,
L900014,2025-12-01,53167,51580,38799,
L900014,2025-12-02,54840,53879,39956,
L900014,2025-12-03,55089,52897,39737,
L900014,2025-12-04,58664,56872,41575,
L900014,2025-12-05,53154,51766,38584,
L900014,2025-12-06,63431,61148,45772,
L900014,2025-12-07,85006,81850,62779,
L900014,2025-12-08,61364,59867,44199,
L900016,2025-05-19,222762,217015,166158,
L900016,2025-05-20,233375,227915,165469,
L900016,2025-05-21,245813,240048,172536,
L900016,2025-05-22,224666,220812,163177,
L900016,2025-05-23,231347,222924,161659,
L900016,2025-05-24,282714,278282,208835,
L900016,2025-05-25,295960,291101,214375,
L900016,2025-05-26,261011,255566,188392,
L900016,2025-05-27,243569,235624,176578,
L900016,2025-05-28,262431,256162,188806,
L900016,2025-05-29,250721,243893,176667,
L900016,2025-05-30,231962,222954,168415,
L900016,2025-05-31,312294,300800,225331,
L900016,2025-06-01,308335,304687,225749,
L900016,2025-06-02,262993,257718,195531,
L900016,2025-06-03,267274,264588,195261,
L900016,2025-06-04,276756,271463,202122,
L900016,2025-06-05,261717,257652,192116,
L900016,2025-06-06,254037,251491,182402,
L900016,2025-06-07,318480,308422,245783,
L900016,2025-06-08,292518,288274,213732,
L900016,2025-06-09,240222,237685,173566,
L900016,2025-06-10,279894,276886,201168,
L900016,2025-06-11,239666,232694,164805,
L900016,2025-06-12,234016,228153,161037,
L900016,2025-06-13,261706,257036,204599,
L900016,2025-06-14,292714,284578,201101,
L900016,2025-06-15,323272,310594,225323,
L900016,2025-06-16,275009,266361,195604,
L900016,2025-06-17,236523,228373,168183,
L900016,2025-06-18,264216,254385,187087,
L900016,2025-06-19,239215,230632,169750,
L900016,2025-06-20,223767,218340,163305,
L900016,2025-06-21,258455,252765,184800,
L900016,2025-06-22,319880,308045,229820,
L900016,2025-06-23,260879,251331,185657,
L900016,2025-06-24,272427,269495,204410,
L900016,2025-06-25,258006,253630,192391,
L900016,2025-06-26,264070,256028,187210,
L900016,2025-06-27,222332,214263,160355,
L900016,2025-06-28,314734,307587,234322,
L900016,2025-06-29,278971,272684,196842,
L900016,2025-06-30,258280,248559,183579,
L900017,2025-07-25,190246,190246,113524,545033.5
L900017,2025-07-26,140700,140700,93315,433097.5
L900017,2025-07-27,147260,147260,82752,412024.6
L900017,2025-07-28,173864,173864,120015,524794.7
L900017,2025-07-29,170565,170565,107781,523437.9
L900017,2025-07-30,119328,119328,77406,231569.1
L900017,2025-07-31,123717,123717,75535,383906.5
L900017,2025-08-01,120995,120995,72207,366512.0
L900017,2025-08-02,133676,133676,75385,302986.4
L900017,2025-08-03,101590,101590,67167,202331.5
L900017,2025-08-04,95835,95835,54065,299251.9
L900017,2025-08-05,109452,109452,60264,333605.7
L900017,2025-08-06,85909,85909,47797,251996.9
L900017,2025-08-07,90127,90127,55058,175715.9
L900017,2025-08-08,67468,67468,38714,210197.9
L900017,2025-08-09,73275,73275,50138,157292.6
L900017,2025-08-10,58558,58558,35141,120581.5
L900017,2025-08-11,59142,59142,40673,164472.5
L900017,2025-08-12,67496,67496,38174,198245.7
L900017,2025-08-13,58352,58352,36210,164567.1
L900017,2025-08-14,53467,53467,30422,151472.3
L900017,2025-08-15,48118,48118,32399,132585.7
L900017,2025-08-16,47903,47903,28061,113581.6
L900017,2025-08-17,47520,47520,30993,143752.8
L900017,2025-08-18,47715,47715,30370,134641.8
L900017,2025-08-19,30174,30174,20405,75124.6
L900017,2025-08-20,35327,35327,20690,84841.8
L900017,2025-08-21,36865,36865,23666,86404.8
L900017,2025-08-22,33837,33837,22797,74772.6
L900017,2025-08-23,33483,33483,19099,105913.8
L900017,2025-08-24,31121,31121,19037,81215.4
L900018,2025-07-25,272809,264101,194137,
L900018,2025-07-26,376459,368361,267194,
L900018,2025-07-27,343042,338475,251712,
L900018,2025-07-28,320366,314345,230727,
L900018,2025-07-29,306660,296739,226898,
L900018,2025-07-30,283361,277171,203938,
L900018,2025-07-31,277316,266235,195651,
L900018,2025-08-01,304278,293153,218287,
L900018,2025-08-02,351264,343438,246415,
L900018,2025-08-03,318089,312491,244639,
L900018,2025-08-04,280762,275354,199495,
L900018,2025-08-05,317421,310215,231307,
L900018,2025-08-06,297987,293348,216267,
L900018,2025-08-07,277553,271282,199828,
L900018,2025-08-08,253308,250525,184947,
L900018,2025-08-09,352940,341456,265314,
L900018,2025-08-10,347146,340665,236188,
L900018,2025-08-11,282672,273322,217233,
L900018,2025-08-12,304554,294655,213266,
L900018,2025-08-13,298282,286767,207951,
L900018,2025-08-14,253967,244358,179122,
L900018,2025-08-15,286899,278820,195886,
L900018,2025-08-16,313078,309620,229182,
L900018,2025-08-17,333516,322942,241527,
L900018,2025-08-18,257137,247720,186850,
L900018,2025-08-19,257842,247550,191320,
L900018,2025-08-20,245720,237440,170517,
L900018,2025-08-21,294323,283528,219247,
L900018,2025-08-22,291992,286411,215168,
L900018,2025-08-23,345258,335729,241547,
L900018,2025-08-24,331255,321397,230043,
L900019,2026-04-06,177420,171105,122774,
L900019,2026-04-07,176290,172665,123276,
L900019,2026-04-08,175971,169582,123833,
L900019,2026-04-09,191239,185705,138624,
L900019,2026-04-10,188890,186872,135461,
L900019,2026-04-11,209019,203033,146260,
L900019,2026-04-12,201199,196282,144219,
L900019,2026-04-13,161914,156773,112200,
L900019,2026-04-14,152457,149391,103558,
L900019,2026-04-15,157369,155123,116737,
L900019,2026-04-16,149914,144573,103028,
L900019,2026-04-17,196524,190957,138877,
L900019,2026-04-18,213429,206095,155157,
L900019,2026-04-19,219113,214725,152358,
L900019,2026-04-20,168718,166761,118005,
L900019,2026-04-21,205537,198812,140779,
L900019,2026-04-22,157486,153496,110392,
L900019,2026-04-23,151314,146504,112376,
L900019,2026-04-24,205208,197300,144124,
L900019,2026-04-25,186104,178676,124226,
L900019,2026-04-26,204021,198697,145778,
L900019,2026-04-27,162939,156721,116667,
L900019,2026-04-28,177330,174965,130604,
L900019,2026-04-29,167548,161145,115696,
L900019,2026-04-30,181052,176301,130506,
L900019,2026-05-01,184112,178344,134792,
L900019,2026-05-02,184417,179327,127558,
L900019,2026-05-03,195507,192855,138638,
L900019,2026-05-04,182282,175760,131297,
L900019,2026-05-05,187011,181097,135447,
L900019,2026-05-06,174765,170008,129885,
L900020,2026-07-29,7247,7072,6786,
L900020,2026-07-30,7274,7111,6569,
L900020,2026-07-31,6724,6525,6159,
L900020,2026-08-01,9588,9389,8722,
L900020,2026-08-02,9638,9382,8355,
L900020,2026-08-03,7175,7036,6537,
L900020,2026-08-04,6788,6572,6425,
L900020,2026-08-05,7169,6984,6438,
L900020,2026-08-06,7222,7017,6244,
L900020,2026-08-07,6769,6530,6201,
L900020,2026-08-08,8286,8009,7315,
L900020,2026-08-09,9639,9515,9104,
L900020,2026-08-10,7505,7208,6637,
L900020,2026-08-11,7069,6835,6246,
L900020,2026-08-12,6634,6465,5877,
L900020,2026-08-13,6851,6621,6020,
L900020,2026-08-14,6306,6233,5824,
L900020,2026-08-15,8888,8668,8356,
L900020,2026-08-16,8258,8159,7636,
L900020,2026-08-17,7388,7116,6581,
L900020,2026-08-18,7636,7495,7086,
L900020,2026-08-19,7396,7215,6673,
L900020,2026-08-20,7001,6865,6196,
L900020,2026-08-21,6743,6528,5989,
L900020,2026-08-22,7940,7779,7302,
L900020,2026-08-23,9560,9406,8576,
L900020,2026-08-24,7371,7241,6584,
L900020,2026-08-25,7031,6754,6187,
L900020,2026-08-26,7554,7380,6763,
L900020,2026-08-27,7791,7686,7110,
L900020,2026-08-28,6833,6609,5980,
L900020,2026-08-29,8901,8620,8170,
L900020,2026-08-30,8916,8775,8553,
L900020,2026-08-31,8032,7893,7291,
L900020,2026-09-01,7024,6883,6465,
L900020,2026-09-02,6724,6567,6260,
L900020,2026-09-03,7416,7255,6784,
L900020,2026-09-04,7603,7481,7215,
L900020,2026-09-05,8844,8630,8006,
L900020,2026-09-06,9778,9440,8961,
L900020,2026-09-07,7022,6845,6366,
L900020,2026-09-08,7320,7143,6694,
L900020,2026-09-09,6425,6196,5571,
L900020,2026-09-10,6696,6432,5857,
L900020,2026-09-11,6836,6720,6334,
L900020,2026-09-12,8607,8461,7901,
L900020,2026-09-13,7870,7654,7047,
L900020,2026-09-14,7546,7321,6895,
L900020,2026-09-15,6789,6615,6173,
L900020,2026-09-16,8475,8183,7607,
L900020,2026-09-17,6808,6685,6193,
L900020,2026-09-18,7260,7126,6605,
L900020,2026-09-19,8703,8465,7628,
L900021,2026-07-29,1263,1238,713,
L900021,2026-07-30,1220,1181,680,
L900021,2026-07-31,1284,1240,741,
L900021,2026-08-01,1535,1492,877,
L900021,2026-08-02,1480,1458,862,
L900021,2026-08-03,1316,1287,768,
L900021,2026-08-04,1351,1319,780,
L900021,2026-08-05,1268,1220,713,
L900021,2026-08-06,1387,1351,765,
L900021,2026-08-07,1214,1172,684,
L900021,2026-08-08,1598,1545,870,
L900021,2026-08-09,1538,1478,854,
L900021,2026-08-10,1051,1019,586,
L900021,2026-08-11,1262,1229,708,
L900021,2026-08-12,1423,1376,764,
L900021,2026-08-13,1194,1158,611,
L900021,2026-08-14,1229,1188,679,
L900021,2026-08-15,1484,1467,883,
L900021,2026-08-16,1654,1588,923,
L900021,2026-08-17,1240,1193,716,
L900021,2026-08-18,1276,1246,702,
L900021,2026-08-19,1102,1062,606,
L900021,2026-08-20,1355,1317,823,
L900021,2026-08-21,1284,1234,696,
L900021,2026-08-22,1400,1363,805,
L900021,2026-08-23,1329,1297,766,
L900021,2026-08-24,1362,1337,787,
L900021,2026-08-25,1255,1208,714,
L900021,2026-08-26,1295,1281,723,
L900021,2026-08-27,1467,1432,820,
L900021,2026-08-28,1357,1331,707,
L900021,2026-08-29,1705,1648,1004,
L900021,2026-08-30,1551,1498,885,
L900021,2026-08-31,1335,1296,735,
L900021,2026-09-01,1334,1282,722,
L900021,2026-09-02,1216,1167,703,
L900021,2026-09-03,1378,1347,762,
L900021,2026-09-04,1203,1159,657,
L900021,2026-09-05,1638,1586,888,
L900021,2026-09-06,1591,1555,925,
L900021,2026-09-07,1269,1235,741,
L900021,2026-09-08,1247,1204,693,
L900021,2026-09-09,1178,1142,685,
L900021,2026-09-10,1199,1159,680,
L900021,2026-09-11,1271,1224,684,
L900021,2026-09-12,1472,1448,879,
L900021,2026-09-13,1572,1546,865,
L900021,2026-09-14,1309,1277,736,
L900021,2026-09-15,1631,1596,934,
L900021,2026-09-16,1239,1217,740,
L900021,2026-09-17,1090,1047,609,
L900021,2026-09-18,1482,1453,839,
L900021,2026-09-19,1332,1300,743,
L900022,2026-06-29,19277,18908,10649,
L900022,2026-06-30,17688,16983,9660,
L900022,2026-07-01,19255,18971,11510,
L900022,2026-07-02,20290,19975,11767,
L900022,2026-07-03,16721,16160,8943,
L900022,2026-07-04,23621,22967,12702,
L900022,2026-07-05,22245,21575,12644,
L900022,2026-07-06,17011,16375,9162,
L900022,2026-07-07,18573,18154,10712,
L900022,2026-07-08,20304,20055,11875,
L900022,2026-07-09,18825,18228,10300,
L900022,2026-07-10,17111,16645,9484,
L900022,2026-07-11,23397,22706,13322,
L900022,2026-07-12,18848,18295,10323,
L900022,2026-07-13,20518,19975,11617,
L900022,2026-07-14,16593,16275,10206,
L900022,2026-07-15,18671,17939,10542,
L900022,2026-07-16,19312,18596,10648,
L900022,2026-07-17,17625,17251,10737,
L900022,2026-07-18,24472,23508,14021,
L900022,2026-07-19,23699,22946,12848,
L900022,2026-07-20,20627,19908,11210,
L900022,2026-07-21,19138,18462,10102,
L900022,2026-07-22,15659,15379,9017,
L900022,2026-07-23,17503,17187,9284,
L900022,2026-07-24,19524,18857,11736,
L900022,2026-07-25,25173,24323,13982,
L900022,2026-07-26,22670,21853,13062,
L900022,2026-07-27,20394,19860,11382,
L900022,2026-07-28,18765,18386,10774,
L900022,2026-07-29,19543,18893,10907,
L900022,2026-07-30,18534,17867,10855,
L900022,2026-07-31,20525,19776,11658,
L900022,2026-08-01,25770,25444,14560,
L900022,2026-08-02,25596,24728,14610,
L900022,2026-08-03,23612,23111,12853,
L900022,2026-08-04,17682,17441,10261,
L900022,2026-08-05,19309,18710,11581,
L900022,2026-08-06,17714,17370,10388,
L900022,2026-08-07,20455,19731,11722,
L900022,2026-08-08,20913,20116,12233,
L900022,2026-08-09,24882,24559,14538,
L900022,2026-08-10,19020,18529,10830,
L900022,2026-08-11,18596,17856,10585,
L900022,2026-08-12,18761,18221,10258,
L900022,2026-08-13,17144,16732,9452,
L900022,2026-08-14,19047,18676,10822,
L900022,2026-08-15,23044,22739,13416,
L900022,2026-08-16,21517,20726,12628,
L900022,2026-08-17,18313,18000,10283,
L900022,2026-08-18,19436,18782,10203,
L900022,2026-08-19,17531,16910,10139,
L900022,2026-08-20,16113,15520,9348,
L900022,2026-08-21,20977,20282,11613,
L900022,2026-08-22,23183,22820,13746,
L900022,2026-08-23,21808,21109,12609,
L900022,2026-08-24,17709,17277,9855,
L900022,2026-08-25,17517,17107,10039,
L900022,2026-08-26,20448,20045,11552,
L900022,2026-08-27,16811,16617,9278,
L900022,2026-08-28,19305,19072,11765,
L900022,2026-08-29,23368,23063,13198,
L900022,2026-08-30,24043,23742,13656,
L900022,2026-08-31,18148,17958,10071,
L900022,2026-09-01,20823,20543,10871,
L900022,2026-09-02,19909,19206,10961,
L900022,2026-09-03,18100,17917,10998,
L900022,2026-09-04,17645,17221,9753,
L900022,2026-09-05,22418,21902,12884,
L900022,2026-09-06,21853,21604,11850,
L900022,2026-09-07,17418,16943,10261,
L900022,2026-09-08,18826,18418,10848,
L900022,2026-09-09,18323,18026,10217,
L900022,2026-09-10,21226,20554,11843,
L900022,2026-09-11,18050,17468,10514,
L900022,2026-09-12,21345,20628,11718,
L900022,2026-09-13,22673,22264,12913,
L900022,2026-09-14,19103,18781,11678,
L900022,2026-09-15,19218,18460,9828,
L900022,2026-09-16,19203,18668,10841,
L900022,2026-09-17,18779,18239,10668,
L900022,2026-09-18,18671,18224,10550,
L900022,2026-09-19,23765,23475,13360,
L900023,2026-06-29,8166,7867,7203,
L900023,2026-06-30,6628,6500,5850,
L900023,2026-07-01,6637,6550,5969,
L900023,2026-07-02,6343,6132,5830,
L900023,2026-07-03,6824,6694,6301,
L900023,2026-07-04,6832,6753,6528,
L900023,2026-07-05,7201,6937,6663,
L900023,2026-07-06,7113,6930,6524,
L900023,2026-07-07,6126,6048,5642,
L900023,2026-07-08,6328,6185,5755,
L900023,2026-07-09,6444,6328,5627,
L900023,2026-07-10,7165,6907,6412,
L900023,2026-07-11,7651,7463,6856,
L900023,2026-07-12,8188,7992,7289,
L900023,2026-07-13,5389,5210,4887,
L900023,2026-07-14,6848,6600,6111,
L900023,2026-07-15,5971,5894,5491,
L900023,2026-07-16,5805,5661,5148,
L900023,2026-07-17,6180,6045,5723,
L900023,2026-07-18,7729,7624,7022,
L900023,2026-07-19,9204,8902,8341,
L900023,2026-07-20,6754,6595,6084,
L900023,2026-07-21,6262,6075,5384,
L900023,2026-07-22,7085,6915,6492,
L900023,2026-07-23,6481,6272,5815,
L900023,2026-07-24,6963,6753,6070,
L900023,2026-07-25,7584,7311,6633,
L900023,2026-07-26,9088,8773,8312,
L900023,2026-07-27,5417,5269,4740,
L900023,2026-07-28,6506,6411,5901,
L900023,2026-07-29,5879,5680,5503,
L900023,2026-07-30,6740,6632,6230,
L900023,2026-07-31,6211,6003,5669,
L900023,2026-08-01,7717,7555,6983,
L900023,2026-08-02,8349,8144,7308,
L900023,2026-08-03,7415,7257,6775,
L900023,2026-08-04,7249,6974,6335,
L900023,2026-08-05,6090,5978,5420,
L900023,2026-08-06,6707,6548,6098,
L900023,2026-08-07,6331,6217,5655,
L900023,2026-08-08,7153,6935,6442,
L900023,2026-08-09,7663,7394,6775,
L900023,2026-08-10,7389,7154,6641,
L900023,2026-08-11,7243,7137,6561,
L900023,2026-08-12,6704,6441,5982,
L900023,2026-08-13,5682,5585,5353,
L900023,2026-08-14,6504,6396,6043,
L900023,2026-08-15,7481,7355,6815,
L900023,2026-08-16,7408,7265,6936,
L900023,2026-08-17,6739,6643,6226,
L900023,2026-08-18,7290,7156,6820,
L900023,2026-08-19,6978,6716,6054,
L900023,2026-08-20,6209,5991,5451,
L900023,2026-08-21,6958,6834,6378,
L900023,2026-08-22,7074,6926,6415,
L900023,2026-08-23,7008,6744,6264,
L900023,2026-08-24,5704,5593,5260,
L900023,2026-08-25,6774,6600,6389,
L900023,2026-08-26,7021,6909,6366,
L900023,2026-08-27,7006,6818,6150,
L900023,2026-08-28,6069,5989,5609,
L900023,2026-08-29,6585,6449,5992,
L900023,2026-08-30,7310,7030,6552,
L900023,2026-08-31,6008,5881,5519,
L900023,2026-09-01,6585,6512,6238,
L900023,2026-09-02,6579,6320,5780,
L900023,2026-09-03,6445,6216,5613,
L900023,2026-09-04,6789,6589,6205,
L900023,2026-09-05,9532,9259,8495,
L900023,2026-09-06,7789,7504,6892,
L900023,2026-09-07,6687,6602,6190,
L900023,2026-09-08,6547,6411,6101,
L900023,2026-09-09,6251,6142,5833,
L900023,2026-09-10,6859,6638,6171,
L900023,2026-09-11,6410,6169,6036,
L900023,2026-09-12,7439,7322,6853,
L900023,2026-09-13,7482,7317,7066,
L900023,2026-09-14,7042,6882,6306,
L900023,2026-09-15,6845,6669,6236,
L900023,2026-09-16,6304,6144,5807,
L900023,2026-09-17,6780,6693,6253,
L900023,2026-09-18,6553,6305,5918,
L900023,2026-09-19,8106,7824,7285,
L900024,2026-06-29,116372,114381,82238,
L900024,2026-06-30,105991,103345,75813,
L900024,2026-07-01,116911,114999,83021,
L900024,2026-07-02,96457,93507,67381,
L900024,2026-07-03,105137,102410,72971,
L900024,2026-07-04,119312,116354,81093,
L900024,2026-07-05,126447,123161,89907,
L900024,2026-07-06,90285,86793,66111,
L900024,2026-07-07,91764,88227,66694,
L900024,2026-07-08,96737,94788,73179,
L900024,2026-07-09,108631,107172,77146,
L900024,2026-07-10,94966,92243,69376,
L900024,2026-07-11,121457,118918,87596,
L900024,2026-07-12,136688,131584,95401,
L900024,2026-07-13,103234,101346,76930,
L900024,2026-07-14,109119,105654,77846,
L900024,2026-07-15,100116,96561,68097,
L900024,2026-07-16,93825,91135,68020,
L900024,2026-07-17,101355,97674,72425,
L900024,2026-07-18,134376,130665,93589,
L900024,2026-07-19,121717,119761,89075,
L900024,2026-07-20,96712,94328,72503,
L900024,2026-07-21,109934,108803,81145,
L900024,2026-07-22,117196,113807,80805,
L900024,2026-07-23,102422,98475,73593,
L900024,2026-07-24,94987,92071,68686,
L900024,2026-07-25,113078,109132,82264,
L900024,2026-07-26,134560,131506,98030,
L900024,2026-07-27,87294,85712,61769,
L900024,2026-07-28,107115,104605,77452,
L900024,2026-07-29,80397,77276,59105,
L900024,2026-07-30,103606,100921,73028,
L900024,2026-07-31,110643,107567,78141,
L900024,2026-08-01,117228,113384,84716,
L900024,2026-08-02,141738,138628,107086,
L900024,2026-08-03,105434,103159,77291,
L900024,2026-08-04,108974,106118,75859,
L900024,2026-08-05,107766,104603,75870,
L900024,2026-08-06,105096,104041,76517,
L900024,2026-08-07,106594,104800,77799,
L900024,2026-08-08,93561,92003,68411,
L900024,2026-08-09,130434,128946,96570,
L900024,2026-08-10,101644,100188,77429,
L900024,2026-08-11,105038,102493,76741,
L900024,2026-08-12,111049,107026,79975,
L900024,2026-08-13,95122,91490,63240,
L900024,2026-08-14,98573,97001,73256,
L900024,2026-08-15,120557,119091,90035,
L900024,2026-08-16,125537,123774,94781,
L900024,2026-08-17,100065,96821,72553,
L900024,2026-08-18,106633,104058,80127,
L900024,2026-08-19,88493,87316,63813,
L900024,2026-08-20,109442,108069,83312,
L900024,2026-08-21,104453,102589,75315,
L900024,2026-08-22,131575,127344,96447,
L900024,2026-08-23,120491,118321,88339,
L900024,2026-08-24,112164,110915,86270,
L900024,2026-08-25,108574,106327,78775,
L900024,2026-08-26,102042,99636,74841,
L900024,2026-08-27,101537,98918,73574,
L900024,2026-08-28,93812,92537,70877,
L900024,2026-08-29,112745,109077,79774,
L900024,2026-08-30,125030,120755,94167,
L900024,2026-08-31,99020,97192,70627,
L900024,2026-09-01,97969,94601,73143,
L900024,2026-09-02,79427,77793,56006,
L900024,2026-09-03,124878,121380,91255,
L900024,2026-09-04,93417,90359,66789,
L900024,2026-09-05,124730,122259,92540,
L900024,2026-09-06,142318,137229,102615,
L900024,2026-09-07,98059,95313,72032,
L900024,2026-09-08,96760,94857,68233,
L900024,2026-09-09,88056,86451,61267,
L900024,2026-09-10,95135,92818,66498,
L900024,2026-09-11,105053,102884,73666,
L900024,2026-09-12,92860,91003,65442,
L900024,2026-09-13,119378,115704,84219,
L900024,2026-09-14,114943,111371,81047,
L900024,2026-09-15,109708,105387,77946,
L900024,2026-09-16,102138,100747,72869,
L900024,2026-09-17,102003,100237,72641,
L900024,2026-09-18,103879,100130,73623,
L900024,2026-09-19,114686,112583,85544,
L900025,2026-07-04,126453,123029,91399,
L900025,2026-07-05,130275,125470,90670,
L900025,2026-07-06,108956,107738,78387,
L900025,2026-07-07,100154,96904,68563,
L900025,2026-07-08,105237,102485,77001,
L900025,2026-07-09,102324,98356,77741,
L900025,2026-07-10,116022,112739,86367,
L900025,2026-07-11,139498,137874,107135,
L900025,2026-07-12,122897,120309,82867,
L900025,2026-07-13,104478,100789,75709,
L900025,2026-07-14,109658,108384,80801,
L900025,2026-07-15,119794,116345,86984,
L900025,2026-07-16,115269,111663,80532,
L900025,2026-07-17,98850,97486,75286,
L900025,2026-07-18,132213,127664,92880,
L900025,2026-07-19,124634,122597,89130,
L900025,2026-07-20,102200,100322,71663,
L900025,2026-07-21,95340,92581,68148,
L900025,2026-07-22,103206,100760,76793,
L900025,2026-07-23,110885,107071,79800,
L900025,2026-07-24,101904,98413,72587,
L900025,2026-07-25,134942,133047,100360,
L900025,2026-07-26,130169,127809,97337,
L900025,2026-07-27,108414,106252,80311,
L900025,2026-07-28,104099,101402,71361,
L900025,2026-07-29,110671,107265,80932,
L900025,2026-07-30,113332,111491,83444,
L900025,2026-07-31,105323,103837,75163,
L900025,2026-08-01,136943,133572,99982,
L900025,2026-08-02,125269,123865,94408,
L900025,2026-08-03,100692,98266,71570,
L900025,2026-08-04,122529,120995,91638,
L900025,2026-08-05,105242,101103,75397,
L900025,2026-08-06,109686,106041,72647,
L900025,2026-08-07,100488,96796,71530,
L900025,2026-08-08,127413,123239,91805,
L900025,2026-08-09,143005,140276,102902,
L900025,2026-08-10,99177,96753,72225,
L900025,2026-08-11,105514,103922,76577,
L900025,2026-08-12,105816,102457,80412,
L900025,2026-08-13,88923,87301,63924,
L900025,2026-08-14,108313,104416,75636,
L900025,2026-08-15,140596,137545,104020,
L900025,2026-08-16,130653,128159,94143,
L900025,2026-08-17,107374,105249,77663,
L900025,2026-08-18,107666,104457,76905,
L900026,2026-07-04,14392,14392,8540,38782.3
L900026,2026-07-05,11054,11054,7726,24406.4
L900026,2026-07-06,10623,10623,6168,22335.8
L900026,2026-07-07,9225,9225,6415,27246.2
L900026,2026-07-08,11441,11441,6626,29022.4
L900026,2026-07-09,10163,10163,6484,30863.7
L900026,2026-07-10,9810,9810,5575,27662.5
L900026,2026-07-11,7537,7537,5057,22070.8
L900026,2026-07-12,9760,9760,5499,27287.3
L900026,2026-07-13,7325,7325,4528,17968.4
L900026,2026-07-14,7469,7469,5092,14738.5
L900026,2026-07-15,7509,7509,4184,23772.2
L900026,2026-07-16,5872,5872,3441,11321.1
L900026,2026-07-17,5800,5800,3780,14439.8
L900026,2026-07-18,5881,5881,3353,15888.3
L900026,2026-07-19,6996,6996,4896,12976.8
L900026,2026-07-20,5279,5279,3225,9759.1
L900026,2026-07-21,5601,5601,3145,10739.4
L900026,2026-07-22,5093,5093,3374,14596.0
L900026,2026-07-23,4438,4438,2771,13963.6
L900026,2026-07-24,3632,3632,2537,7022.2
L900026,2026-07-25,4199,4199,2914,12604.3
L900026,2026-07-26,3039,3039,2026,8534.7
L900026,2026-07-27,3906,3906,2455,7076.6
L900026,2026-07-28,3234,3234,2220,6766.1
L900026,2026-07-29,2195,2195,1215,6442.2
L900026,2026-07-30,2716,2716,1732,6161.0
L900026,2026-07-31,2822,2822,1727,7251.5
L900026,2026-08-01,2435,2435,1645,6168.9
L900026,2026-08-02,2517,2517,1389,6956.4
L900026,2026-08-03,2024,2024,1214,5447.7
L900026,2026-08-04,1811,1811,1131,5108.8
L900026,2026-08-05,1948,1948,1311,5132.0
L900026,2026-08-06,1853,1853,1286,5690.8
L900026,2026-08-07,1679,1679,1154,5096.1
L900026,2026-08-08,1840,1840,1199,4321.2
L900026,2026-08-09,1412,1412,905,3225.2
L900026,2026-08-10,1499,1499,1023,2858.2
L900026,2026-08-11,1378,1378,882,4040.2
L900026,2026-08-12,1088,1088,740,2932.2
L900026,2026-08-13,1054,1054,670,2057.8
L900026,2026-08-14,1144,1144,679,2429.7
L900026,2026-08-15,1290,1290,812,2941.4
L900026,2026-08-16,1072,1072,593,2138.7
L900026,2026-08-17,790,790,552,1637.3
L900026,2026-08-18,619,619,416,1250.8
L900027,2026-07-04,129515,126673,120697,
L900027,2026-07-05,121324,117009,109637,
L900027,2026-07-06,115119,111343,102552,
L900027,2026-07-07,104145,100838,93830,
L900027,2026-07-08,112502,109141,101469,
L900027,2026-07-09,116222,111840,102977,
L900027,2026-07-10,96362,93245,90404,
L900027,2026-07-11,124206,119373,109659,
L900027,2026-07-12,129833,127545,118788,
L900027,2026-07-13,104485,102596,95378,
L900027,2026-07-14,107478,103598,96708,
L900027,2026-07-15,87486,85393,82627,
L900027,2026-07-16,106550,105294,99146,
L900027,2026-07-17,95934,92219,84894,
L900027,2026-07-18,123500,119919,115049,
L900027,2026-07-19,124403,119506,112952,
L900027,2026-07-20,102210,100550,92601,
L900027,2026-07-21,105703,102228,97696,
L900027,2026-07-22,91519,90426,81716,
L900027,2026-07-23,91024,88553,80428,
L900027,2026-07-24,100820,99709,89509,
L900027,2026-07-25,122854,120681,107370,
L900027,2026-07-26,119890,116962,111582,
L900027,2026-07-27,111302,107170,100069,
L900027,2026-07-28,99171,97424,87611,
L900027,2026-07-29,97995,95329,88573,
L900027,2026-07-30,115309,113625,107721,
L900027,2026-07-31,113260,111919,102433,
L900027,2026-08-01,130776,129247,119369,
L900027,2026-08-02,128419,126652,122946,
L900027,2026-08-03,92622,89071,82417,
L900027,2026-08-04,118273,116682,105093,
L900027,2026-08-05,102268,99285,91284,
L900027,2026-08-06,105895,102923,92433,
L900027,2026-08-07,112955,110495,104232,
L900027,2026-08-08,135828,133728,122039,
L900027,2026-08-09,131423,129173,117807,
L900027,2026-08-10,104952,101970,99223,
L900027,2026-08-11,108646,106532,96544,
L900027,2026-08-12,109376,105239,95027,
L900027,2026-08-13,97478,96328,87579,
L900027,2026-08-14,103988,100492,95340,
L900027,2026-08-15,136559,134999,126961,
L900027,2026-08-16,119045,117024,107565,
L900027,2026-08-17,110167,106599,97797,
L900027,2026-08-18,105419,102279,96022,
L900028,2026-02-22,91041,88573,54193,
L900028,2026-02-23,72856,71144,42941,
L900028,2026-02-24,77178,75100,41354,
L900028,2026-02-25,67359,64884,36550,
L900028,2026-02-26,68820,67360,38947,
L900028,2026-02-27,77504,75532,45704,
L900028,2026-02-28,91629,90061,51432,
L900028,2026-03-01,74528,72987,42435,
L900028,2026-03-02,74024,71379,41660,
L900028,2026-03-03,86319,83412,50448,
L900028,2026-03-04,78512,76606,42957,
L900028,2026-03-05,70840,68566,39638,
L900028,2026-03-06,69289,68075,40164,
L900028,2026-03-07,91977,88409,49352,
L900028,2026-03-08,97986,94778,55165,
L900028,2026-03-09,63654,62819,36370,
L900028,2026-03-10,75534,72523,43474,
L900028,2026-03-11,71878,70141,41843,
L900028,2026-03-12,74978,72985,40411,
L900028,2026-03-13,65509,63270,38117,
L900028,2026-03-14,97980,94938,55677,
L900028,2026-03-15,100124,97551,58641,
L900028,2026-03-16,77912,76354,42893,
L900028,2026-03-17,84104,82128,48515,
L900028,2026-03-18,71592,70647,40031,
L900028,2026-03-19,75390,72683,39726,
L900028,2026-03-20,78007,74994,42066,
L900028,2026-03-21,92075,89037,50712,
L900028,2026-03-22,87532,85013,48020,
L900029,2026-02-22,3059,3003,2305,
L900029,2026-02-23,2257,2170,1604,
L900029,2026-02-24,2343,2296,1750,
L900029,2026-02-25,2049,1994,1472,
L900029,2026-02-26,1875,1839,1402,
L900029,2026-02-27,2558,2502,1855,
L900029,2026-02-28,2205,2119,1593,
L900029,2026-03-01,2465,2393,1739,
L900029,2026-03-02,2305,2251,1677,
L900029,2026-03-03,2109,2069,1504,
L900029,2026-03-04,2217,2181,1596,
L900029,2026-03-05,2000,1937,1420,
L900029,2026-03-06,2255,2177,1603,
L900029,2026-03-07,2357,2263,1719,
L900029,2026-03-08,2075,2053,1500,
L900029,2026-03-09,2086,2064,1533,
L900029,2026-03-10,2294,2242,1709,
L900029,2026-03-11,2070,1997,1501,
L900029,2026-03-12,2229,2190,1545,
L900029,2026-03-13,2529,2481,1764,
L900029,2026-03-14,2746,2687,2009,
L900029,2026-03-15,2716,2658,1940,
L900029,2026-03-16,2340,2300,1630,
L900029,2026-03-17,2183,2133,1554,
L900029,2026-03-18,2076,2016,1509,
L900029,2026-03-19,2384,2344,1718,
L900029,2026-03-20,2332,2259,1673,
L900029,2026-03-21,2467,2409,1770,
L900029,2026-03-22,2593,2536,1841,
L900030,2026-02-22,98380,98380,62967,277595.0
L900030,2026-02-23,76127,76127,49615,241606.5
L900030,2026-02-24,71175,71175,44016,216714.5
L900030,2026-02-25,83700,83700,49745,213382.3
L900030,2026-02-26,69449,69449,42011,162353.6
L900030,2026-02-27,73361,73361,50823,157541.4
L900030,2026-02-28,72301,72301,43348,140561.9
L900030,2026-03-01,55131,55131,30497,137861.3
L900030,2026-03-02,51084,51084,30468,136205.1
L900030,2026-03-03,65396,65396,45530,135515.6
L900030,2026-03-04,54609,54609,31469,112850.9
L900030,2026-03-05,47599,47599,27499,137678.6
L900030,2026-03-06,42419,42419,28543,93839.5
L900030,2026-03-07,41815,41815,23884,131999.7
L900030,2026-03-08,36557,36557,22322,94455.5
L900030,2026-03-09,42533,42533,29374,100843.5
L900030,2026-03-10,33946,33946,22232,108153.0
L900030,2026-03-11,38452,38452,23876,90638.7
L900030,2026-03-12,31335,31335,17787,89909.8
L900030,2026-03-13,27535,27535,19160,50739.5
L900030,2026-03-14,27718,27718,17082,78968.2
L900030,2026-03-15,20111,20111,11994,62751.2
L900030,2026-03-16,25368,25368,16708,64130.1
L900030,2026-03-17,23771,23771,13859,65089.9
L900030,2026-03-18,24652,24652,15786,56860.4
L900030,2026-03-19,17402,17402,10207,54469.9
L900030,2026-03-20,22546,22546,12868,68898.1
L900030,2026-03-21,20584,20584,13658,61141.9
L900030,2026-03-22,20158,20158,14052,59651.9
L900031,2025-08-05,899695,889618,489801,
L900031,2025-08-06,879666,867894,489992,
L900031,2025-08-07,722251,695913,387983,
L900031,2025-08-08,832563,802818,452399,
L900031,2025-08-09,1037702,1017834,553534,
L900031,2025-08-10,835967,817826,496786,
L900031,2025-08-11,892365,865808,483998,
L900031,2025-08-12,831995,812424,487771,
L900031,2025-08-13,860103,847604,494123,
L900031,2025-08-14,905105,872898,493524,
L900031,2025-08-15,834270,815678,472802,
L900031,2025-08-16,985411,956599,547369,
L900031,2025-08-17,1013266,993301,576798,
L900031,2025-08-18,762395,741828,442156,
L900031,2025-08-19,767191,742626,427481,
L900031,2025-08-20,812536,799135,469221,
L900031,2025-08-21,691114,671398,401373,
L900031,2025-08-22,787123,764571,462106,
L900031,2025-08-23,968857,941930,545399,
L900031,2025-08-24,1161628,1117700,642066,
L900031,2025-08-25,914672,900838,523189,
L900031,2025-08-26,859851,825842,480143,
L900031,2025-08-27,888641,865943,490374,
L900031,2025-08-28,766681,745810,423044,
L900031,2025-08-29,838833,822190,473239,
L900031,2025-08-30,1064635,1043949,632731,
L900031,2025-08-31,928749,895659,506334,
L900031,2025-09-01,736576,711317,441448,
L900031,2025-09-02,852478,831895,490482,
L900031,2025-09-03,742969,725988,421056,
L900031,2025-09-04,866098,856929,492686,
L900032,2026-03-08,111289,107678,77642,
L900032,2026-03-09,71241,68801,49704,
L900032,2026-03-10,87554,84753,64484,
L900032,2026-03-11,76744,74920,55495,
L900032,2026-03-12,72517,70139,53151,
L900032,2026-03-13,75227,74014,54385,
L900032,2026-03-14,98493,95471,70289,
L900032,2026-03-15,92153,89874,66525,
L900032,2026-03-16,82522,80770,62429,
L900032,2026-03-17,81219,78069,59025,
L900032,2026-03-18,76345,73358,53246,
L900032,2026-03-19,81644,80727,60014,
L900032,2026-03-20,68755,66991,49133,
L900032,2026-03-21,93296,90190,65819,
L900032,2026-03-22,105052,100870,75611,
L900032,2026-03-23,86108,84865,63247,
L900032,2026-03-24,78090,75983,54804,
L900032,2026-03-25,77659,75462,55861,
L900032,2026-03-26,69100,68171,49710,
L900032,2026-03-27,75578,72696,54396,
L900032,2026-03-28,97385,93650,68212,
L900032,2026-03-29,97442,95981,70676,
L900032,2026-03-30,59774,58751,42906,
L900032,2026-03-31,84282,82184,58051,
L900032,2026-04-01,78285,75329,58131,
L900032,2026-04-02,72864,71410,52846,
L900032,2026-04-03,69491,68408,52848,
L900032,2026-04-04,93293,90498,67052,
L900032,2026-04-05,104094,102957,77550,
L900032,2026-04-06,72150,71113,51703,
L900032,2026-04-07,80657,77546,56416,
L900032,2026-04-08,64444,61994,45809,
L900032,2026-04-09,68398,66745,51548,
L900032,2026-04-10,78682,76979,55570,
L900032,2026-04-11,88670,85866,60296,
L900032,2026-04-12,85658,82984,63094,
L900032,2026-04-13,91437,89443,67487,
L900032,2026-04-14,77014,75915,55521,
L900032,2026-04-15,71648,69472,54271,
L900032,2026-04-16,76414,74396,58200,
L900032,2026-04-17,86234,84786,59789,
L900032,2026-04-18,88915,87660,63695,
L900032,2026-04-19,93319,91047,67264,
L900032,2026-04-20,96182,94850,68145,
L900032,2026-04-21,79006,78096,58753,
L900032,2026-04-22,77575,75966,56382,
L900032,2026-04-23,71100,69593,51647,
L900032,2026-04-24,80759,77650,57969,
L900032,2026-04-25,98203,95360,73260,
L900032,2026-04-26,100959,98851,73290,
L900032,2026-04-27,70312,68069,49554,
L900032,2026-04-28,76222,75221,56043,
L900032,2026-04-29,74616,72617,52377,
L900032,2026-04-30,70210,68662,48542,
L900032,2026-05-01,76127,73974,52566,
L900032,2026-05-02,86401,83095,60835,
L900032,2026-05-03,83881,82898,61974,
L900032,2026-05-04,82180,81075,59104,
L900032,2026-05-05,74872,73507,55185,
L900032,2026-05-06,73153,71901,52081,
L900032,2026-05-07,85012,82661,62630,
L900033,2026-03-08,1861,1861,1059,3707.2
L900033,2026-03-09,1287,1287,711,3755.6
L900033,2026-03-10,1715,1715,1135,4268.5
L900033,2026-03-11,1478,1478,951,3641.5
L900033,2026-03-12,1475,1475,896,2753.5
L900033,2026-03-13,1310,1310,752,3640.5
L900033,2026-03-14,1194,1194,764,3434.8
L900033,2026-03-15,1088,1088,641,2563.5
L900033,2026-03-16,1092,1092,686,2781.3
L900033,2026-03-17,961,961,538,1992.5
L900033,2026-03-18,1016,1016,589,2159.0
L900033,2026-03-19,740,740,511,2320.5
L900033,2026-03-20,784,784,468,2195.9
L900033,2026-03-21,940,940,541,2145.7
L900033,2026-03-22,689,689,478,1345.1
L900033,2026-03-23,676,676,427,1291.7
L900033,2026-03-24,594,594,327,1775.7
L900033,2026-03-25,634,634,434,1287.0
L900033,2026-03-26,535,535,302,1414.6
L900033,2026-03-27,534,534,293,1045.4
L900033,2026-03-28,556,556,368,1186.0
L900033,2026-03-29,449,449,281,1229.1
L900033,2026-03-30,490,490,279,1222.1
L900033,2026-03-31,463,463,294,1057.0
L900033,2026-04-01,446,446,253,939.1
L900033,2026-04-02,385,385,216,1053.0
L900033,2026-04-03,474,474,281,1028.8
L900033,2026-04-04,372,372,207,1170.2
L900033,2026-04-05,327,327,222,736.5
L900033,2026-04-06,272,272,155,640.2
L900033,2026-04-07,278,278,174,879.1
L900033,2026-04-08,303,303,170,662.2
L900033,2026-04-09,292,292,204,622.3
L900033,2026-04-10,269,269,156,578.4
L900033,2026-04-11,238,238,134,585.1
L900033,2026-04-12,182,182,103,363.7
L900033,2026-04-13,206,206,127,598.9
L900033,2026-04-14,162,162,105,330.2
L900033,2026-04-15,148,148,85,269.3
L900033,2026-04-16,168,168,96,324.1
L900033,2026-04-17,162,162,101,477.7
L900033,2026-04-18,158,158,99,324.7
L900033,2026-04-19,143,143,92,309.7
L900033,2026-04-20,135,135,93,322.4
L900033,2026-04-21,109,109,69,248.1
L900033,2026-04-22,113,113,76,327.5
L900033,2026-04-23,91,91,59,219.6
L900033,2026-04-24,81,81,53,244.1
L900033,2026-04-25,102,102,59,301.1
L900033,2026-04-26,83,83,48,162.8
L900033,2026-04-27,92,92,57,235.6
L900033,2026-04-28,88,88,61,208.7
L900033,2026-04-29,70,70,42,182.1
L900033,2026-04-30,75,75,46,212.6
L900033,2026-05-01,62,62,38,172.6
L900033,2026-05-02,51,51,32,137.3
L900033,2026-05-03,59,59,36,182.8
L900033,2026-05-04,53,53,30,130.9
L900033,2026-05-05,50,50,27,150.3
L900033,2026-05-06,59,59,36,180.6
L900033,2026-05-07,39,39,24,114.3
L900034,2026-03-08,31072,29843,28296,
L900034,2026-03-09,28553,28065,26313,
L900034,2026-03-10,25779,25038,22901,
L900034,2026-03-11,29956,28886,27887,
L900034,2026-03-12,28959,28373,25877,
L900034,2026-03-13,28644,27645,27051,
L900034,2026-03-14,34035,32902,31560,
L900034,2026-03-15,31759,30821,28637,
L900034,2026-03-16,29270,28690,26909,
L900034,2026-03-17,26178,25198,23026,
L900034,2026-03-18,30093,29244,27893,
L900034,2026-03-19,31261,30829,29783,
L900034,2026-03-20,28188,27370,25283,
L900034,2026-03-21,37407,36782,34731,
L900034,2026-03-22,31105,30363,27609,
L900034,2026-03-23,28985,28214,26138,
L900034,2026-03-24,27829,26803,25501,
L900034,2026-03-25,29581,28632,27389,
L900034,2026-03-26,23578,23037,21541,
L900034,2026-03-27,29437,28906,26000,
L900034,2026-03-28,31990,31212,28502,
L900034,2026-03-29,33817,33245,32000,
L900034,2026-03-30,32400,31273,28574,
L900034,2026-03-31,29062,28755,27063,
L900034,2026-04-01,28752,27721,26001,
L900034,2026-04-02,28565,27909,26897,
L900034,2026-04-03,30347,30015,27277,
L900034,2026-04-04,35908,35284,33443,
L900034,2026-04-05,34609,34216,32595,
L900034,2026-04-06,28307,27648,25823,
L900034,2026-04-07,28158,27482,24448,
L900034,2026-04-08,27708,27166,24901,
L900034,2026-04-09,25241,24409,23400,
L900034,2026-04-10,29013,28395,26390,
L900034,2026-04-11,32233,31467,29450,
L900034,2026-04-12,36436,35834,32732,
L900034,2026-04-13,27877,27487,26040,
L900034,2026-04-14,23568,23299,21641,
L900034,2026-04-15,26930,25955,24068,
L900034,2026-04-16,26768,26434,24656,
L900034,2026-04-17,32179,31713,29287,
L900034,2026-04-18,34547,33992,32968,
L900034,2026-04-19,32273,31903,30827,
L900034,2026-04-20,27899,27362,26421,
L900034,2026-04-21,29561,28582,26756,
L900034,2026-04-22,27741,27331,25076,
L900034,2026-04-23,28057,27299,25878,
L900034,2026-04-24,27858,27344,25256,
L900034,2026-04-25,33081,32469,30840,
L900034,2026-04-26,37068,35864,32874,
L900034,2026-04-27,26396,26107,24477,
L900034,2026-04-28,31296,30652,29208,
L900034,2026-04-29,25095,24315,22484,
L900034,2026-04-30,25811,25247,23344,
L900034,2026-05-01,31467,31007,27954,
L900034,2026-05-02,29387,28749,26260,
L900034,2026-05-03,34535,33727,31784,
L900034,2026-05-04,28864,27766,26475,
L900034,2026-05-05,23954,23056,21990,
L900034,2026-05-06,27191,26386,24925,
L900034,2026-05-07,24935,24405,22699,
L900035,2026-04-25,258272,255398,140033,
L900035,2026-04-26,236995,232855,130001,
L900035,2026-04-27,203196,195286,116301,
L900035,2026-04-28,215409,211024,120135,
L900035,2026-04-29,209785,201970,122639,
L900035,2026-04-30,169624,167539,99224,
L900035,2026-05-01,210274,203347,116889,
L900035,2026-05-02,213514,208457,124836,
L900035,2026-05-03,213727,208047,119925,
L900035,2026-05-04,194671,189673,112724,
L900035,2026-05-05,185508,181088,102551,
L900035,2026-05-06,196844,194710,116850,
L900035,2026-05-07,231037,223089,122665,
L900035,2026-05-08,200225,197825,110439,
L900035,2026-05-09,255682,248921,139701,
L900035,2026-05-10,223654,217260,123450,
L900035,2026-05-11,194108,186797,109549,
L900035,2026-05-12,202855,198477,115093,
L900035,2026-05-13,174520,171305,101850,
L900035,2026-05-14,194471,190564,114954,
L900035,2026-05-15,184240,179420,98313,
L900035,2026-05-16,235770,230656,139758,
L900035,2026-05-17,239457,233416,134449,
L900035,2026-05-18,181700,177386,109119,
L900035,2026-05-19,179212,176651,99894,
L900035,2026-05-20,204204,199555,108334,
L900035,2026-05-21,215212,209421,124078,
L900035,2026-05-22,209348,204096,120653,
L900035,2026-05-23,233366,229950,128481,
L900035,2026-05-24,233764,230283,129072,
L900035,2026-05-25,202894,195566,116583,
L900035,2026-05-26,218372,213018,125134,
L900035,2026-05-27,209744,202588,116297,
L900035,2026-05-28,187826,185915,109591,
L900035,2026-05-29,189260,181906,106484,
L900035,2026-05-30,216343,211864,119145,
L900035,2026-05-31,248431,240865,143973,
L900035,2026-06-01,179898,175532,104162,
L900035,2026-06-02,186975,181731,105463,
L900035,2026-06-03,217436,209953,125163,
L900035,2026-06-04,207733,203319,125686,
L900035,2026-06-05,184301,178242,99865,
L900035,2026-06-06,222756,214192,123141,
L900035,2026-06-07,191882,185757,106968,
L900035,2026-06-08,186790,179485,106914,
L900035,2026-06-09,200804,198161,112552,
L900036,2026-04-25,11943,11821,10811,
L900036,2026-04-26,10845,10535,9328,
L900036,2026-04-27,8513,8330,7623,
L900036,2026-04-28,9382,9199,8381,
L900036,2026-04-29,8943,8737,7911,
L900036,2026-04-30,9454,9084,8525,
L900036,2026-05-01,9627,9277,8629,
L900036,2026-05-02,9898,9585,8795,
L900036,2026-05-03,10922,10662,9829,
L900036,2026-05-04,9382,9225,8842,
L900036,2026-05-05,9932,9636,8771,
L900036,2026-05-06,9833,9550,9003,
L900036,2026-05-07,8725,8441,7993,
L900036,2026-05-08,9207,9096,8202,
L900036,2026-05-09,11701,11370,10623,
L900036,2026-05-10,11084,10838,10071,
L900036,2026-05-11,8790,8490,7999,
L900036,2026-05-12,9294,9020,8418,
L900036,2026-05-13,9593,9443,8563,
L900036,2026-05-14,8659,8389,7430,
L900036,2026-05-15,9748,9544,8644,
L900036,2026-05-16,11410,11170,10470,
L900036,2026-05-17,11834,11407,10333,
L900036,2026-05-18,9278,9055,8723,
L900036,2026-05-19,10606,10365,9844,
L900036,2026-05-20,9578,9272,8436,
L900036,2026-05-21,9863,9584,8882,
L900036,2026-05-22,9745,9608,8813,
L900036,2026-05-23,11134,10977,10244,
L900036,2026-05-24,11512,11118,10449,
L900036,2026-05-25,8894,8794,7942,
L900036,2026-05-26,10539,10409,10198,
L900036,2026-05-27,9660,9544,8623,
L900036,2026-05-28,8749,8488,7980,
L900036,2026-05-29,10327,9964,9024,
L900036,2026-05-30,11178,10757,10046,
L900036,2026-05-31,12071,11834,10924,
L900036,2026-06-01,8160,7913,7457,
L900036,2026-06-02,10166,9921,9210,
L900036,2026-06-03,9629,9341,8598,
L900036,2026-06-04,8695,8605,8179,
L900036,2026-06-05,9616,9370,8805,
L900036,2026-06-06,12647,12487,11349,
L900036,2026-06-07,10791,10470,9770,
L900036,2026-06-08,8905,8593,8126,
L900036,2026-06-09,9187,8978,8171,
L900037,2025-06-27,9971,9748,9442,
L900037,2025-06-28,12283,12111,11617,
L900037,2025-06-29,12214,11806,11171,
L900037,2025-06-30,9274,9050,8649,
L900037,2025-07-01,9575,9416,9263,
L900037,2025-07-02,10894,10579,10183,
L900037,2025-07-03,10135,9797,9289,
L900037,2025-07-04,8845,8754,8278,
L900037,2025-07-05,12005,11706,11174,
L900037,2025-07-06,12356,12069,11687,
L900037,2025-07-07,9293,9030,8455,
L900037,2025-07-08,10979,10660,10291,
L900037,2025-07-09,9530,9420,8928,
L900037,2025-07-10,9757,9510,9040,
L900037,2025-07-11,10209,9881,9782,
L900037,2025-07-12,12089,11745,11313,
L900037,2025-07-13,10302,10152,9545,
L900037,2025-07-14,10804,10476,10036,
L900037,2025-07-15,6383,6244,6015,
L900037,2025-07-16,11347,11150,10147,
L900037,2025-07-17,11033,10847,9703,
L900037,2025-07-18,10576,10244,9730,
L900037,2025-07-19,9670,9359,8974,
L900037,2025-07-20,13005,12487,11953,
L900037,2025-07-21,10298,9980,9398,
L900037,2025-07-22,8372,8193,7896,
L900037,2025-07-23,11214,11060,10756,
L900037,2025-07-24,8273,8163,7507,
L900037,2025-07-25,9172,9031,8291,
L900037,2025-07-26,11951,11499,11014,
L900037,2025-07-27,10546,10387,10029,
L900037,2025-07-28,10310,10180,9559,
L900037,2025-07-29,9702,9488,8643,
L900037,2025-07-30,9576,9240,8779,
L900037,2025-07-31,9970,9630,9221,
L900037,2025-08-01,10030,9879,9332,
L900037,2025-08-02,12181,11815,11461,
L900037,2025-08-03,11817,11427,10928,
L900037,2025-08-04,9691,9534,8933,
L900037,2025-08-05,10249,9865,9262,
L900037,2025-08-06,10141,9846,9359,
L900037,2025-08-07,9598,9327,8799,
L900037,2025-08-08,9437,9084,8330,
L900037,2025-08-09,12273,11890,11350,
L900037,2025-08-10,12718,12250,11507,
L900037,2025-08-11,11329,11157,10514,
L900037,2025-08-12,9149,8838,8220,
L900037,2025-08-13,8473,8189,8030,
L900037,2025-08-14,10916,10536,10135,
L900037,2025-08-15,9132,8936,8812,
L900037,2025-08-16,11573,11184,10564,
L900037,2025-08-17,13278,12913,12437,
L900037,2025-08-18,11570,11359,10847,
L900037,2025-08-19,9525,9415,8829,
L900037,2025-08-20,8384,8073,7624,
L900037,2025-08-21,10738,10565,10163,
L900037,2025-08-22,9853,9591,8920,
L900037,2025-08-23,12125,11755,11405,
L900037,2025-08-24,12319,11832,11279,
L900037,2025-08-25,9210,9013,8718,
L900037,2025-08-26,7372,7287,6978,
L900038,2025-06-27,260273,260273,148994,783411.9
L900038,2025-06-28,281689,281689,188832,618834.2
L900038,2025-06-29,271631,271631,180760,522072.6
L900038,2025-06-30,244172,244172,162728,500126.4
L900038,2025-07-01,266093,266093,161635,676114.9
L900038,2025-07-02,237793,237793,166369,659759.2
L900038,2025-07-03,217098,217098,136458,561432.8
L900038,2025-07-04,217445,217445,139330,645567.5
L900038,2025-07-05,189978,189978,126081,343749.4
L900038,2025-07-06,235413,235413,142224,501197.6
L900038,2025-07-07,170760,170760,107090,440719.1
L900038,2025-07-08,161511,161511,107412,381662.0
L900038,2025-07-09,123673,123673,84533,384529.5
L900038,2025-07-10,132868,132868,84186,408974.3
L900038,2025-07-11,147504,147504,98293,351430.7
L900038,2025-07-12,107974,107974,74861,324963.8
L900038,2025-07-13,92038,92038,58677,219208.5
L900038,2025-07-14,110881,110881,73530,283243.4
L900038,2025-07-15,118355,118355,70057,355968.0
L900038,2025-07-16,98441,98441,56183,274506.9
L900038,2025-07-17,89214,89214,55895,283380.7
L900038,2025-07-18,70783,70783,48413,155118.1
L900038,2025-07-19,85581,85581,55184,241855.6
L900038,2025-07-20,82209,82209,50418,189836.5
L900038,2025-07-21,59680,59680,40583,173230.2
L900038,2025-07-22,76149,76149,51494,167775.0
L900038,2025-07-23,69339,69339,43358,154373.5
L900038,2025-07-24,67525,67525,43361,132762.3
L900038,2025-07-25,60458,60458,34004,167496.0
L900038,2025-07-26,57314,57314,39994,105202.9
L900038,2025-07-27,53303,53303,36773,96412.4
L900038,2025-07-28,51858,51858,28828,104666.1
L900038,2025-07-29,36763,36763,21911,99070.1
L900038,2025-07-30,35966,35966,22944,108968.7
L900038,2025-07-31,36921,36921,20709,78678.3
L900038,2025-08-01,37046,37046,23946,109513.3
L900038,2025-08-02,36719,36719,25654,72043.7
L900038,2025-08-03,34370,34370,20584,77137.5
L900038,2025-08-04,34852,34852,20257,78541.3
L900038,2025-08-05,32915,32915,20475,83291.5
L900038,2025-08-06,25379,25379,16369,60807.0
L900038,2025-08-07,26811,26811,17714,73858.8
L900038,2025-08-08,22570,22570,13374,49611.3
L900038,2025-08-09,22787,22787,14309,60697.1
L900038,2025-08-10,22576,22576,13723,60231.6
L900038,2025-08-11,13577,13577,8927,27177.1
L900038,2025-08-12,24076,24076,16719,66606.4
L900038,2025-08-13,19304,19304,13329,46181.0
L900038,2025-08-14,16180,16180,11080,46992.5
L900038,2025-08-15,19326,19326,12714,42705.3
L900038,2025-08-16,14729,14729,9014,41913.7
L900038,2025-08-17,14561,14561,8291,43455.1
L900038,2025-08-18,12875,12875,8983,35858.9
L900038,2025-08-19,14851,14851,10215,32717.9
L900038,2025-08-20,11877,11877,8224,22535.8
L900038,2025-08-21,11473,11473,6686,33719.1
L900038,2025-08-22,11928,11928,7826,34958.8
L900038,2025-08-23,10613,10613,6005,21090.3
L900038,2025-08-24,9391,9391,6343,18564.3
L900038,2025-08-25,9880,9880,6332,29937.7
L900038,2025-08-26,10500,10500,6791,28115.6
L900039,2025-03-23,481746,463328,344443,
L900039,2025-03-24,435615,427838,311472,
L900039,2025-03-25,385502,380322,269743,
L900039,2025-03-26,356939,348225,254080,
L900039,2025-03-27,392516,381706,295967,
L900039,2025-03-28,411187,400778,289264,
L900039,2025-03-29,449491,434261,333293,
L900039,2025-03-30,520305,508120,376294,
L900039,2025-03-31,380322,369045,281396,
L900039,2025-04-01,362949,354229,264906,
L900039,2025-04-02,465966,458048,340836,
L900039,2025-04-03,369816,359505,268984,
L900039,2025-04-04,379456,372316,265132,
L900039,2025-04-05,504055,493951,376566,
L900039,2025-04-06,465416,449269,329069,
L900039,2025-04-07,363951,351365,258956,
L900039,2025-04-08,376542,365435,263032,
L900039,2025-04-09,453964,442128,331299,
L900039,2025-04-10,412336,399062,302356,
L900039,2025-04-11,418601,414079,302997,
L900039,2025-04-12,487694,476409,349979,
L900039,2025-04-13,494029,478204,357138,
L900039,2025-04-14,382211,368478,262877,
L900039,2025-04-15,398893,384789,283171,
L900039,2025-04-16,334654,327002,245301,
L900039,2025-04-17,424730,408157,322675,
L900039,2025-04-18,381941,368295,268570,
L900039,2025-04-19,434926,418706,311589,
L900039,2025-04-20,485012,477494,345597,
L900039,2025-04-21,388763,383182,268390,
L900039,2025-04-22,423501,415986,301417,
L900039,2025-04-23,393188,381971,271759,
L900039,2025-04-24,375912,368292,270476,
L900039,2025-04-25,393925,381017,285608,
L900039,2025-04-26,532236,512579,386819,
L900039,2025-04-27,514026,494283,380065,
L900039,2025-04-28,412251,406508,300517,
L900039,2025-04-29,426111,418248,318479,
L900039,2025-04-30,414738,410097,291541,
L900039,2025-05-01,367739,360149,264530,
L900039,2025-05-02,418872,404323,299026,
L900039,2025-05-03,520696,507009,388523,
L900039,2025-05-04,523075,505526,386277,
L900039,2025-05-05,361571,351912,263811,
L900039,2025-05-06,375118,368184,260312,
L900039,2025-05-07,385213,372315,285377,
L900040,2025-03-23,216413,211421,123373,
L900040,2025-03-24,184071,179925,104995,
L900040,2025-03-25,154205,148897,82550,
L900040,2025-03-26,167604,165112,94106,
L900040,2025-03-27,145960,140249,84938,
L900040,2025-03-28,168190,162379,97856,
L900040,2025-03-29,180935,174539,101054,
L900040,2025-03-30,185442,183338,109205,
L900040,2025-03-31,173059,170859,100356,
L900040,2025-04-01,178247,172261,103002,
L900040,2025-04-02,151036,146861,87613,
L900040,2025-04-03,174935,168836,104672,
L900040,2025-04-04,168544,162311,94223,
L900040,2025-04-05,183104,178125,105364,
L900040,2025-04-06,211287,204907,120623,
L900040,2025-04-07,159525,157230,91355,
L900040,2025-04-08,149890,144233,83187,
L900040,2025-04-09,155596,150787,92637,
L900040,2025-04-10,150976,147442,85671,
L900040,2025-04-11,143271,138158,82111,
L900040,2025-04-12,206707,203999,124947,
L900040,2025-04-13,189365,183637,108618,
L900040,2025-04-14,152037,147614,87174,
L900040,2025-04-15,157794,156046,90688,
L900040,2025-04-16,155624,153084,90172,
L900040,2025-04-17,150306,148152,85209,
L900040,2025-04-18,174953,170789,108316,
L900040,2025-04-19,168381,163263,90580,
L900040,2025-04-20,172066,170034,98268,
L900040,2025-04-21,164959,159680,94502,
L900040,2025-04-22,156046,150376,88808,
L900040,2025-04-23,145405,142750,82098,
L900040,2025-04-24,153680,149667,82064,
L900040,2025-04-25,139627,137156,76473,
L900040,2025-04-26,197724,192739,112734,
L900040,2025-04-27,195443,188572,102433,
L900040,2025-04-28,135659,131832,78211,
L900040,2025-04-29,119711,115810,70006,
L900040,2025-04-30,131475,126293,75380,
L900040,2025-05-01,142986,138693,83351,
L900040,2025-05-02,193434,190718,101945,
L900040,2025-05-03,196700,192240,104547,
L900040,2025-05-04,192696,190497,109700,
L900040,2025-05-05,155526,151629,85180,
L900040,2025-05-06,163540,160508,88445,
L900040,2025-05-07,169218,163040,93228,
L900041,2025-07-17,51615,51615,33061,154180.3
L900041,2025-07-18,41640,41640,26538,75108.7
L900041,2025-07-19,47013,47013,29884,113592.7
L900041,2025-07-20,41723,41723,23962,94442.2
L900041,2025-07-21,32222,32222,20944,84880.9
L900041,2025-07-22,32697,32697,21709,100540.9
L900041,2025-07-23,31433,31433,20677,66007.2
L900041,2025-07-24,33713,33713,22122,99267.9
L900041,2025-07-25,28750,28750,16408,90037.2
L900041,2025-07-26,26398,26398,18264,66695.2
L900041,2025-07-27,23942,23942,13637,44036.8
L900041,2025-07-28,22891,22891,14908,72356.6
L900041,2025-07-29,24494,24494,13966,56581.9
L900041,2025-07-30,20413,20413,13459,57494.3
L900041,2025-07-31,18458,18458,10302,38093.9
L900041,2025-08-01,17076,17076,9488,31799.8
L900041,2025-08-02,16100,16100,10692,40000.8
L900041,2025-08-03,13801,13801,9269,38096.6
L900041,2025-08-04,13982,13982,8666,35022.7
L900041,2025-08-05,16370,16370,11124,39512.6
L900041,2025-08-06,13130,13130,8567,36378.6
L900041,2025-08-07,13516,13516,8897,40952.4
L900041,2025-08-08,8944,8944,5814,20574.0
L900041,2025-08-09,11835,11835,6929,30167.2
L900041,2025-08-10,10376,10376,7145,30278.9
L900041,2025-08-11,9454,9454,6507,27477.8
L900041,2025-08-12,9523,9523,6399,17680.5
L900041,2025-08-13,8372,8372,4626,26532.4
L900041,2025-08-14,6534,6534,3825,15309.1
L900041,2025-08-15,8533,8533,4798,22200.6
L900041,2025-08-16,7537,7537,5043,16950.9
L900041,2025-08-17,6712,6712,4154,15341.2
L900041,2025-08-18,5895,5895,4013,18485.1
L900041,2025-08-19,5242,5242,3568,13622.5
L900041,2025-08-20,5917,5917,4078,11425.7
L900041,2025-08-21,6330,6330,4221,17091.5
L900041,2025-08-22,5238,5238,3012,16225.3
L900041,2025-08-23,4166,4166,2879,11868.9
L900041,2025-08-24,4655,4655,3023,8981.7
L900041,2025-08-25,4265,4265,2472,9332.1
L900041,2025-08-26,4387,4387,2983,11037.4
L900041,2025-08-27,4033,4033,2252,11907.6
L900041,2025-08-28,2512,2512,1725,6549.2
L900041,2025-08-29,3557,3557,2485,6814.2
L900041,2025-08-30,2857,2857,1865,7142.0
L900041,2025-08-31,2566,2566,1645,5032.5
L900041,2025-09-01,2764,2764,1685,7425.8
L900041,2025-09-02,2762,2762,1822,5418.4
L900041,2025-09-03,2088,2088,1197,6292.0
L900041,2025-09-04,2519,2519,1734,7920.1
L900041,2025-09-05,2385,2385,1458,6806.1
L900041,2025-09-06,2097,2097,1197,4112.7
L900041,2025-09-07,1795,1795,1194,4923.3
L900041,2025-09-08,1669,1669,946,3898.1
L900041,2025-09-09,1922,1922,1087,5917.1
L900041,2025-09-10,1393,1393,774,3711.7
L900041,2025-09-11,1710,1710,948,3403.6
L900041,2025-09-12,1432,1432,861,4066.3
L900041,2025-09-13,1358,1358,854,3276.4
L900041,2025-09-14,1070,1070,628,3312.4
L900041,2025-09-15,1198,1198,793,2515.5
L900042,2025-07-17,18140,17574,13180,
L900042,2025-07-18,20456,19755,14364,
L900042,2025-07-19,26269,25517,17758,
L900042,2025-07-20,25269,24416,18858,
L900042,2025-07-21,22651,21754,16267,
L900042,2025-07-22,19821,19134,13915,
L900042,2025-07-23,19819,19413,14576,
L900042,2025-07-24,18999,18618,14059,
L900042,2025-07-25,23777,23040,17021,
L900042,2025-07-26,21943,21408,15266,
L900042,2025-07-27,26115,25187,18608,
L900042,2025-07-28,21736,21378,15591,
L900042,2025-07-29,21661,20909,15406,
L900042,2025-07-30,19121,18407,13473,
L900042,2025-07-31,18366,17643,13757,
L900042,2025-08-01,20155,19686,14821,
L900042,2025-08-02,23531,22868,16441,
L900042,2025-08-03,24127,23541,17938,
L900042,2025-08-04,19465,19224,13891,
L900042,2025-08-05,20564,20271,15202,
L900042,2025-08-06,22981,22459,16778,
L900042,2025-08-07,21358,20712,15624,
L900042,2025-08-08,18438,17774,12810,
L900042,2025-08-09,22455,21958,15663,
L900042,2025-08-10,26152,25400,18943,
L900042,2025-08-11,20440,19632,13509,
L900042,2025-08-12,23651,23289,16817,
L900042,2025-08-13,23645,22836,16236,
L900042,2025-08-14,18991,18713,13023,
L900042,2025-08-15,20900,20687,14852,
L900042,2025-08-16,22477,21813,15542,
L900042,2025-08-17,26116,25369,19134,
L900042,2025-08-18,23256,22877,16615,
L900042,2025-08-19,20667,20342,14528,
L900042,2025-08-20,19767,19412,14163,
L900042,2025-08-21,21066,20224,15377,
L900042,2025-08-22,21922,21657,15661,
L900042,2025-08-23,26551,26059,19260,
L900042,2025-08-24,23949,23399,16983,
L900042,2025-08-25,19401,18825,14586,
L900042,2025-08-26,20811,20465,15215,
L900042,2025-08-27,19885,19437,15334,
L900042,2025-08-28,22432,22088,16026,
L900042,2025-08-29,19867,19535,14372,
L900042,2025-08-30,24874,24049,17458,
L900042,2025-08-31,25451,24779,19056,
L900042,2025-09-01,18177,17527,12574,
L900042,2025-09-02,19526,18856,13788,
L900042,2025-09-03,23559,23277,17691,
L900042,2025-09-04,21846,21332,15672,
L900042,2025-09-05,19846,19373,13773,
L900042,2025-09-06,26125,25383,19032,
L900042,2025-09-07,27117,26652,19610,
L900042,2025-09-08,20081,19356,14389,
L900042,2025-09-09,21760,21442,15236,
L900042,2025-09-10,21507,20814,15393,
L900042,2025-09-11,18591,17889,12492,
L900042,2025-09-12,20089,19733,15173,
L900042,2025-09-13,27881,26896,20094,
L900042,2025-09-14,28447,27429,20273,
L900042,2025-09-15,21860,21301,15570,
L900043,2025-09-29,185621,178881,125000,
L900043,2025-09-30,216467,211797,154011,
L900043,2025-10-01,183675,178969,128213,
L900043,2025-10-02,193050,188556,146181,
L900043,2025-10-03,229132,221877,156818,
L900043,2025-10-04,230840,222758,160232,
L900043,2025-10-05,256361,250870,187081,
L900043,2025-10-06,186264,181289,134416,
L900043,2025-10-07,188763,185298,143102,
L900043,2025-10-08,204846,197176,148551,
L900043,2025-10-09,154386,150184,110935,
L900043,2025-10-10,228966,223865,171597,
L900043,2025-10-11,202470,196875,144453,
L900043,2025-10-12,214740,206987,160253,
L900043,2025-10-13,200094,197252,142937,
L900043,2025-10-14,196795,192058,132107,
L900043,2025-10-15,179224,177136,131209,
L900043,2025-10-16,209536,201827,141515,
L900043,2025-10-17,190274,184486,140245,
L900043,2025-10-18,209990,207593,154570,
L900043,2025-10-19,238830,230413,178405,
L900043,2025-10-20,192645,190016,139959,
L900043,2025-10-21,209682,205268,146453,
L900043,2025-10-22,192791,185123,135303,
L900043,2025-10-23,194078,190397,144124,
L900043,2025-10-24,204959,202088,146519,
L900043,2025-10-25,240174,230800,177671,
L900043,2025-10-26,221775,213294,158456,
L900043,2025-10-27,193226,185594,137105,
L900043,2025-10-28,170656,165689,127284,
L900043,2025-10-29,184101,181735,138213,
L900043,2025-10-30,186502,184394,134144,
L900043,2025-10-31,215305,210338,159831,
L900043,2025-11-01,241542,237448,179326,
L900043,2025-11-02,232092,225951,167165,
L900043,2025-11-03,185871,180795,137057,
L900043,2025-11-04,185371,182331,140340,
L900043,2025-11-05,191300,187222,138621,
L900043,2025-11-06,208171,202160,149694,
L900043,2025-11-07,191581,187309,138496,
L900043,2025-11-08,254564,250325,181921,
L900043,2025-11-09,235177,228225,168933,
L900043,2025-11-10,209833,203234,149987,
L900043,2025-11-11,224650,221348,163104,
L900043,2025-11-12,192527,190288,140162,
L900043,2025-11-13,175586,169886,122193,
L900044,2025-09-29,12664,12664,8563,25221.7
L900044,2025-09-30,10675,10675,7168,26115.8
L900044,2025-10-01,9597,9597,5282,17867.4
L900044,2025-10-02,10664,10664,5960,20964.5
L900044,2025-10-03,10333,10333,6897,20373.5
L900044,2025-10-04,9482,9482,5509,27768.4
L900044,2025-10-05,7257,7257,4793,17254.3
L900044,2025-10-06,7102,7102,4150,17251.2
L900044,2025-10-07,8313,8313,4916,25940.7
L900044,2025-10-08,6787,6787,4230,16243.5
L900044,2025-10-09,6074,6074,3379,11044.8
L900044,2025-10-10,6300,6300,3557,17750.1
L900044,2025-10-11,6093,6093,3685,11883.6
L900044,2025-10-12,4915,4915,3140,14822.7
L900044,2025-10-13,5017,5017,2840,11437.8
L900044,2025-10-14,5052,5052,2824,9690.8
L900044,2025-10-15,3849,3849,2410,9129.9
L900044,2025-10-16,4106,4106,2320,7700.5
L900044,2025-10-17,3431,3431,2253,7771.2
L900044,2025-10-18,3279,3279,2279,9634.3
L900044,2025-10-19,3232,3232,1917,10206.5
L900044,2025-10-20,3379,3379,2341,8409.8
L900044,2025-10-21,2940,2940,1704,6940.9
L900044,2025-10-22,2675,2675,1517,5551.1
L900044,2025-10-23,2708,2708,1496,6523.9
L900044,2025-10-24,2246,2246,1352,6745.1
L900044,2025-10-25,2492,2492,1623,6044.5
L900044,2025-10-26,2505,2505,1642,6599.7
L900044,2025-10-27,2102,2102,1312,4385.6
L900044,2025-10-28,1955,1955,1239,4432.5
L900044,2025-10-29,1950,1950,1364,5704.0
L900044,2025-10-30,1411,1411,940,3738.8
L900044,2025-10-31,1756,1756,1007,5151.8
L900044,2025-11-01,2057,2057,1420,6357.7
L900044,2025-11-02,1460,1460,986,4446.4
L900044,2025-11-03,1376,1376,846,2763.7
L900044,2025-11-04,1409,1409,849,2662.6
L900044,2025-11-05,1438,1438,842,2866.7
L900044,2025-11-06,1276,1276,865,2330.7
L900044,2025-11-07,859,859,479,1866.1
L900044,2025-11-08,1089,1089,666,2112.9
L900044,2025-11-09,1221,1221,848,3269.3
L900044,2025-11-10,972,972,538,1841.9
L900044,2025-11-11,762,762,432,1848.4
L900044,2025-11-12,834,834,519,2046.9
L900044,2025-11-13,666,666,457,1233.6
L900045,2026-05-20,135183,130841,97016,
L900045,2026-05-21,136332,131843,96122,
L900045,2026-05-22,163780,161003,119475,
L900045,2026-05-23,169266,165298,118534,
L900045,2026-05-24,150661,148343,106061,
L900045,2026-05-25,147688,144274,109591,
L900045,2026-05-26,139815,137158,105805,
L900045,2026-05-27,137975,135384,99539,
L900045,2026-05-28,133735,131179,99671,
L900045,2026-05-29,170939,167045,117727,
L900045,2026-05-30,172286,167022,127821,
L900045,2026-05-31,156682,153553,115369,
L900045,2026-06-01,160681,157665,116918,
L900045,2026-06-02,152821,148159,114855,
L900045,2026-06-03,169193,163298,120638,
L900045,2026-06-04,140143,135611,97856,
L900045,2026-06-05,157817,154386,110009,
L900045,2026-06-06,173613,166865,123822,
L900045,2026-06-07,170063,166268,123968,
L900045,2026-06-08,176408,172773,127431,
L900045,2026-06-09,141278,138161,105044,
L900045,2026-06-10,149182,145438,111810,
L900045,2026-06-11,148305,146432,107632,
L900045,2026-06-12,125489,123418,87331,
L900045,2026-06-13,151171,147524,110286,
L900045,2026-06-14,157883,153901,117751,
L900045,2026-06-15,146731,141846,104273,
L900045,2026-06-16,136495,131301,98796,
L900045,2026-06-17,136956,133381,96073,
L900045,2026-06-18,160293,155992,116540,
L900045,2026-06-19,143626,138399,104190,
L900045,2026-06-20,177320,172432,128920,
L900045,2026-06-21,165614,161985,126576,
L900045,2026-06-22,139589,137145,105755,
L900045,2026-06-23,144165,138839,104981,
L900045,2026-06-24,154975,152997,116727,
L900045,2026-06-25,136533,134985,102792,
L900045,2026-06-26,167999,162027,119061,
L900045,2026-06-27,177685,173162,126327,
L900045,2026-06-28,172282,170313,131861,
L900045,2026-06-29,134617,131191,94609,
L900045,2026-06-30,165241,161462,121498,
L900045,2026-07-01,171207,165633,121076,
L900045,2026-07-02,147856,145627,105839,
L900045,2026-07-03,148055,145518,102520,
L900045,2026-07-04,186903,181876,135764,
L900045,2026-07-05,176377,170438,124793,
L900045,2026-07-06,135899,133271,100560,
L900045,2026-07-07,132663,129407,97086,
L900045,2026-07-08,170669,166868,128440,
L900045,2026-07-09,128752,124718,90952,
L900045,2026-07-10,151312,147839,109193,
L900045,2026-07-11,157356,151599,113351,
L900045,2026-07-12,177051,173211,134807,
L900045,2026-07-13,143412,141147,107745,
L900045,2026-07-14,131539,126541,91038,
L900045,2026-07-15,154828,152455,116121,
L900045,2026-07-16,135166,130830,96877,
L900045,2026-07-17,130198,128440,94580,
L900045,2026-07-18,189057,186305,136245,
L900045,2026-07-19,173663,171695,123174,
L900046,2025-08-03,327982,316971,235020,
L900046,2025-08-04,218486,210080,154136,
L900046,2025-08-05,207177,201753,145205,
L900046,2025-08-06,263383,259991,191652,
L900046,2025-08-07,273461,269448,198877,
L900046,2025-08-08,236849,228126,171737,
L900046,2025-08-09,226061,219804,163555,
L900046,2025-08-10,286413,282182,217201,
L900046,2025-08-11,255864,250701,179834,
L900046,2025-08-12,261137,255856,187991,
L900046,2025-08-13,220346,215702,160469,
L900046,2025-08-14,233679,228961,176476,
L900046,2025-08-15,244005,236144,175717,
L900046,2025-08-16,308257,303783,231439,
L900046,2025-08-17,305565,301610,231753,
L900046,2025-08-18,249099,243213,180793,
L900046,2025-08-19,261080,258259,190642,
L900046,2025-08-20,238164,229235,177526,
L900046,2025-08-21,268353,260592,192795,
L900046,2025-08-22,228914,224577,172758,
L900046,2025-08-23,305952,299360,223415,
L900046,2025-08-24,280135,273240,204010,
L900046,2025-08-25,237120,231223,168032,
L900046,2025-08-26,239985,237535,177036,
L900046,2025-08-27,230399,225224,170737,
L900046,2025-08-28,262024,258624,196398,
L900046,2025-08-29,232283,229245,173106,
L900046,2025-08-30,289333,278484,199195,
L900046,2025-08-31,303015,294934,219113,
L900047,2025-08-03,85970,82589,49076,
L900047,2025-08-04,64872,63904,37273,
L900047,2025-08-05,58497,57040,31099,
L900047,2025-08-06,59164,57840,33492,
L900047,2025-08-07,52890,51234,29157,
L900047,2025-08-08,62344,61087,35167,
L900047,2025-08-09,72918,70068,40160,
L900047,2025-08-10,87613,86264,51175,
L900047,2025-08-11,60753,58451,33821,
L900047,2025-08-12,63460,61962,34986,
L900047,2025-08-13,59690,58016,34821,
L900047,2025-08-14,61468,59488,33200,
L900047,2025-08-15,63384,61866,36028,
L900047,2025-08-16,64843,62561,36234,
L900047,2025-08-17,82341,79344,46735,
L900047,2025-08-18,74950,74080,44820,
L900047,2025-08-19,70976,70018,44531,
L900047,2025-08-20,67462,65819,38389,
L900047,2025-08-21,68558,67332,38299,
L900047,2025-08-22,64152,62034,35176,
L900047,2025-08-23,79446,78610,44568,
L900047,2025-08-24,72763,71975,42340,
L900047,2025-08-25,62903,61092,33078,
L900047,2025-08-26,56197,55521,30928,
L900047,2025-08-27,59111,57702,33945,
L900047,2025-08-28,64718,62249,37430,
L900047,2025-08-29,67434,64788,38965,
L900047,2025-08-30,80742,78820,46046,
L900047,2025-08-31,83766,81467,48748,
L900048,2025-08-03,68936,66840,60362,
L900048,2025-08-04,50490,49480,46703,
L900048,2025-08-05,56458,55603,54570,
L900048,2025-08-06,45694,44112,43151,
L900048,2025-08-07,46847,45238,41943,
L900048,2025-08-08,50722,49550,46757,
L900048,2025-08-09,54772,53073,51109,
L900048,2025-08-10,65974,64133,62278,
L900048,2025-08-11,49899,49047,46555,
L900048,2025-08-12,51565,50535,49714,
L900048,2025-08-13,39970,39491,36760,
L900048,2025-08-14,51714,50438,46821,
L900048,2025-08-15,50623,49356,46763,
L900048,2025-08-16,59281,58362,55519,
L900048,2025-08-17,65718,63622,60140,
L900048,2025-08-18,49817,48071,45508,
L900048,2025-08-19,51660,50632,46338,
L900048,2025-08-20,53600,52355,49265,
L900048,2025-08-21,56908,55493,53374,
L900048,2025-08-22,56530,55054,51188,
L900048,2025-08-23,60714,59655,55189,
L900048,2025-08-24,59043,57706,56265,
L900048,2025-08-25,57842,57261,53083,
L900048,2025-08-26,49796,49193,46658,
L900048,2025-08-27,54113,52723,48231,
L900048,2025-08-28,45062,44118,42344,
L900048,2025-08-29,43631,42235,39745,
L900048,2025-08-30,63385,61969,59385,
L900048,2025-08-31,61864,59815,56386,
L900049,2026-04-04,186777,184375,104551,
L900049,2026-04-05,183162,176321,103617,
L900049,2026-04-06,171589,167716,99912,
L900049,2026-04-07,165510,159448,90532,
L900049,2026-04-08,144526,140596,80883,
L900049,2026-04-09,149120,145366,81381,
L900049,2026-04-10,166130,162235,96962,
L900049,2026-04-11,178145,172345,102172,
L900049,2026-04-12,185867,181150,107674,
L900049,2026-04-13,134629,131966,76155,
L900049,2026-04-14,150152,147787,87559,
L900049,2026-04-15,143268,139915,74155,
L900049,2026-04-16,137798,133212,77100,
L900049,2026-04-17,151623,148846,91343,
L900049,2026-04-18,191124,185509,107897,
L900049,2026-04-19,182138,179109,107838,
L900049,2026-04-20,143731,139966,80787,
L900049,2026-04-21,137707,135494,82431,
L900049,2026-04-22,155589,153122,86644,
L900049,2026-04-23,149471,146496,86460,
L900049,2026-04-24,147827,143679,81797,
L900049,2026-04-25,173053,167651,98374,
L900049,2026-04-26,177380,170525,97356,
L900049,2026-04-27,134729,131784,76639,
L900049,2026-04-28,148665,144598,82936,
L900049,2026-04-29,153251,150061,89280,
L900049,2026-04-30,159319,156937,92758,
L900049,2026-05-01,147948,143700,81716,
L900049,2026-05-02,167360,163410,92839,
L900049,2026-05-03,182898,179534,101306,
L900049,2026-05-04,152012,150197,84214,
L900049,2026-05-05,130807,127259,75895,
L900049,2026-05-06,145127,140478,79125,
L900049,2026-05-07,137652,134259,79006,
L900049,2026-05-08,167445,161509,92373,
L900049,2026-05-09,179462,174673,105054,
L900049,2026-05-10,156162,150632,93292,
L900049,2026-05-11,180348,174962,92007,
L900049,2026-05-12,149676,145421,82253,
L900049,2026-05-13,147657,142458,81433,
L900049,2026-05-14,160649,158721,91700,
L900049,2026-05-15,139859,136698,78814,
L900049,2026-05-16,190131,183912,102314,
L900050,2026-04-04,211950,207479,194439,
L900050,2026-04-05,180798,175058,164912,
L900050,2026-04-06,157636,153916,151677,
L900050,2026-04-07,158021,151701,139509,
L900050,2026-04-08,134293,132819,125118,
L900050,2026-04-09,147774,146119,133780,
L900050,2026-04-10,160913,158235,146885,
L900050,2026-04-11,204646,198092,195400,
L900050,2026-04-12,179177,174160,166981,
L900050,2026-04-13,136131,133530,128519,
L900050,2026-04-14,144996,140187,130129,
L900050,2026-04-15,147519,141800,133389,
L900050,2026-04-16,147086,143126,138688,
L900050,2026-04-17,141527,140048,137905,
L900050,2026-04-18,163429,158829,156019,
L900050,2026-04-19,167941,161985,153882,
L900050,2026-04-20,145092,143586,135419,
L900050,2026-04-21,160696,156809,153672,
L900050,2026-04-22,165398,161768,152369,
L900050,2026-04-23,153241,147424,137746,
L900050,2026-04-24,139035,133565,123824,
L900050,2026-04-25,176408,173760,165939,
L900050,2026-04-26,154848,149068,141476,
L900050,2026-04-27,169330,162931,158440,
L900050,2026-04-28,143945,142499,131392,
L900050,2026-04-29,156570,150837,136304,
L900050,2026-04-30,164427,162270,153463,
L900050,2026-05-01,173139,171377,156888,
L900050,2026-05-02,196235,189847,179973,
L900050,2026-05-03,177966,174377,160880,
L900050,2026-05-04,158212,156568,150856,
L900050,2026-05-05,172581,168991,163948,
L900050,2026-05-06,143840,138790,129063,
L900050,2026-05-07,134482,132413,129693,
L900050,2026-05-08,141613,136817,134026,
L900050,2026-05-09,190486,185194,177156,
L900050,2026-05-10,178319,172430,166086,
L900050,2026-05-11,150828,146944,138511,
L900050,2026-05-12,159423,154995,146798,
L900050,2026-05-13,141370,135716,130558,
L900050,2026-05-14,150242,145073,139237,
L900050,2026-05-15,145531,140795,130350,
L900050,2026-05-16,208182,205590,201669,
L900051,2025-07-12,95603,95603,59910,225704.5
L900051,2025-07-13,90855,90855,60596,252619.1
L900051,2025-07-14,100408,100408,68930,231384.5
L900051,2025-07-15,80137,80137,55568,228443.9
L900051,2025-07-16,73289,73289,45757,158821.4
L900051,2025-07-17,87477,87477,56198,209987.2
L900051,2025-07-18,69060,69060,44719,208717.2
L900051,2025-07-19,76907,76907,50339,167891.1
L900051,2025-07-20,52938,52938,35370,126148.5
L900051,2025-07-21,60964,60964,41258,149853.5
L900051,2025-07-22,65890,65890,43556,201307.5
L900051,2025-07-23,51559,51559,35560,97522.1
L900051,2025-07-24,47134,47134,29570,131045.4
L900051,2025-07-25,40269,40269,25739,104801.2
L900051,2025-07-26,47585,47585,30073,88439.7
L900051,2025-07-27,37323,37323,23556,114603.0
L900051,2025-07-28,37721,37721,20762,89058.8
L900051,2025-07-29,31437,31437,21219,62988.6
L900051,2025-07-30,39035,39035,23058,94464.4
L900051,2025-07-31,35483,35483,21717,105984.4
L900051,2025-08-01,29862,29862,16892,63219.8
L900051,2025-08-02,24956,24956,14947,51374.2
L900051,2025-08-03,30650,30650,18671,71327.0
L900051,2025-08-04,24106,24106,14216,57638.9
L900051,2025-08-05,20960,20960,13613,55845.2
L900051,2025-08-06,18282,18282,12564,50795.3
L900051,2025-08-07,19550,19550,12458,54252.6
L900051,2025-08-08,16820,16820,10637,37613.9
L900051,2025-08-09,17382,17382,10881,45090.8
L900051,2025-08-10,18757,18757,12254,56522.8
L900051,2025-08-11,15823,15823,9479,41514.7
L900051,2025-08-12,16034,16034,11173,46899.6
L900051,2025-08-13,13526,13526,7539,26697.1
L900051,2025-08-14,13822,13822,7881,36472.8
L900051,2025-08-15,15417,15417,8896,45985.0
L900051,2025-08-16,11755,11755,7842,37528.5
L900051,2025-08-17,11911,11911,6991,36927.0
L900051,2025-08-18,9111,9111,6226,16967.3
L900051,2025-08-19,11719,11719,6644,28878.8
L900051,2025-08-20,9123,9123,5595,25722.1
L900051,2025-08-21,9970,9970,5823,26265.1
L900051,2025-08-22,8392,8392,5563,21629.0
L900051,2025-08-23,8492,8492,5173,20293.7
L900052,2025-07-12,37534,36312,35289,
L900052,2025-07-13,36579,36186,34939,
L900052,2025-07-14,31166,30524,29211,
L900052,2025-07-15,30981,29834,28372,
L900052,2025-07-16,29404,28738,27443,
L900052,2025-07-17,32284,31309,29405,
L900052,2025-07-18,32029,31323,29840,
L900052,2025-07-19,37023,35963,34072,
L900052,2025-07-20,35810,34385,34041,
L900052,2025-07-21,34896,33526,32032,
L900052,2025-07-22,35187,34472,31383,
L900052,2025-07-23,25588,25003,23553,
L900052,2025-07-24,28622,28170,26628,
L900052,2025-07-25,32700,31685,30684,
L900052,2025-07-26,35397,35012,33541,
L900052,2025-07-27,38988,37721,36097,
L900052,2025-07-28,30833,29643,28980,
L900052,2025-07-29,31904,31508,31050,
L900052,2025-07-30,30136,29833,28784,
L900052,2025-07-31,32017,31391,29615,
L900052,2025-08-01,33798,32723,30891,
L900052,2025-08-02,30650,30254,26888,
L900052,2025-08-03,42907,42299,41224,
L900052,2025-08-04,37028,36228,34403,
L900052,2025-08-05,28844,28063,26424,
L900052,2025-08-06,32200,31308,29112,
L900052,2025-08-07,36413,35313,34959,
L900052,2025-08-08,33401,32501,30868,
L900052,2025-08-09,34909,33682,33039,
L900052,2025-08-10,39181,38577,36425,
L900052,2025-08-11,33409,33006,30969,
L900052,2025-08-12,32548,31553,29065,
L900052,2025-08-13,34968,34476,32680,
L900052,2025-08-14,35153,34263,32412,
L900052,2025-08-15,31820,30970,28670,
L900052,2025-08-16,41310,40323,37600,
L900052,2025-08-17,37428,35963,34165,
L900052,2025-08-18,32482,31621,28960,
L900052,2025-08-19,31576,31215,30150,
L900052,2025-08-20,31197,30667,28995,
L900052,2025-08-21,32588,32227,30534,
L900052,2025-08-22,29518,28507,27060,
L900052,2025-08-23,42040,40997,38085,
L900053,2025-07-12,35197,34431,26127,
L900053,2025-07-13,39279,38208,27624,
L900053,2025-07-14,32931,31853,22804,
L900053,2025-07-15,29987,29491,20962,
L900053,2025-07-16,29899,28934,22196,
L900053,2025-07-17,30772,29914,22415,
L900053,2025-07-18,30502,29630,22376,
L900053,2025-07-19,36323,35012,25936,
L900053,2025-07-20,39739,38904,30600,
L900053,2025-07-21,34338,33758,24580,
L900053,2025-07-22,34481,33449,26182,
L900053,2025-07-23,28427,27536,19912,
L900053,2025-07-24,32070,30891,22601,
L900053,2025-07-25,31819,31150,22238,
L900053,2025-07-26,44016,43052,30633,
L900053,2025-07-27,38938,37785,28751,
L900053,2025-07-28,32610,32210,23204,
L900053,2025-07-29,29162,28003,20593,
L900053,2025-07-30,30710,30340,22576,
L900053,2025-07-31,29024,28233,21351,
L900053,2025-08-01,32991,32518,24186,
L900053,2025-08-02,44133,42524,31095,
L900053,2025-08-03,37274,35953,26211,
L900053,2025-08-04,32186,31073,22937,
L900053,2025-08-05,30517,29993,20981,
L900053,2025-08-06,31222,30396,22711,
L900053,2025-08-07,33046,32680,24967,
L900053,2025-08-08,37803,36833,27815,
L900053,2025-08-09,43948,43055,32520,
L900053,2025-08-10,44984,43603,33880,
L900053,2025-08-11,35177,33911,25573,
L900053,2025-08-12,32153,31171,23040,
L900053,2025-08-13,31806,30598,23022,
L900053,2025-08-14,30805,29598,21789,
L900053,2025-08-15,26530,25531,19772,
L900053,2025-08-16,38873,37645,28200,
L900053,2025-08-17,44186,43722,32616,
L900053,2025-08-18,36467,35109,25108,
L900053,2025-08-19,38959,38465,29300,
L900053,2025-08-20,33236,32755,25172,
L900053,2025-08-21,29633,29172,21418,
L900053,2025-08-22,36466,35282,24791,
L900053,2025-08-23,41346,40680,30536,
L900054,2026-02-24,136506,135113,104333,
L900054,2026-02-25,149303,143358,104803,
L900054,2026-02-26,141019,139204,99982,
L900054,2026-02-27,161345,157489,113038,
L900054,2026-02-28,200409,193044,140292,
L900054,2026-03-01,170843,167027,121836,
L900054,2026-03-02,160509,158817,116643,
L900054,2026-03-03,156727,152720,115139,
L900054,2026-03-04,169834,165560,121487,
L900054,2026-03-05,143242,139913,103748,
L900054,2026-03-06,162184,156649,111343,
L900054,2026-03-07,175724,169112,122710,
L900054,2026-03-08,186059,181842,131795,
L900054,2026-03-09,165140,162906,115320,
L900054,2026-03-10,136546,132552,97203,
L900054,2026-03-11,154103,152241,108229,
L900054,2026-03-12,148712,146766,107429,
L900054,2026-03-13,151381,149553,111123,
L900054,2026-03-14,179190,173491,133511,
L900054,2026-03-15,196594,189525,137189,
L900054,2026-03-16,157481,154575,114768,
L900054,2026-03-17,171488,168705,122815,
L900054,2026-03-18,165894,163502,121128,
L900054,2026-03-19,174950,171303,131186,
L900054,2026-03-20,158762,154435,113471,
L900054,2026-03-21,196872,189866,139815,
L900054,2026-03-22,214638,206766,153331,
L900054,2026-03-23,151227,145924,106642,
L900054,2026-03-24,141131,136349,102415,
L900054,2026-03-25,146046,141304,107668,
L900054,2026-03-26,140132,137618,102187,
L900054,2026-03-27,170681,168382,117354,
L900054,2026-03-28,219753,213218,155967,
L900054,2026-03-29,191340,186155,139882,
L900054,2026-03-30,165379,162219,120930,
L900054,2026-03-31,168770,165712,124347,
L900054,2026-04-01,178317,175819,131942,
L900054,2026-04-02,180865,176518,133804,
L900054,2026-04-03,133720,130221,103163,
L900054,2026-04-04,180511,175187,134878,
L900054,2026-04-05,189610,186684,142107,
L900054,2026-04-06,147690,142530,107255,
L900054,2026-04-07,153133,151525,116913,
L900054,2026-04-08,161784,159913,121329,
L900054,2026-04-09,129239,124747,92099,
L900054,2026-04-10,161433,155595,115836,
L900055,2026-02-24,17727,17387,16186,
L900055,2026-02-25,19988,19327,17093,
L900055,2026-02-26,19123,18544,17122,
L900055,2026-02-27,16929,16380,15343,
L900055,2026-02-28,24278,23887,22711,
L900055,2026-03-01,21868,21636,20500,
L900055,2026-03-02,19530,18906,17549,
L900055,2026-03-03,17249,16575,15204,
L900055,2026-03-04,19486,19258,17893,
L900055,2026-03-05,16734,16192,14512,
L900055,2026-03-06,19477,19079,17534,
L900055,2026-03-07,22691,21977,20983,
L900055,2026-03-08,19792,19277,17910,
L900055,2026-03-09,18013,17692,16587,
L900055,2026-03-10,20072,19792,17880,
L900055,2026-03-11,19095,18815,17886,
L900055,2026-03-12,17990,17311,16051,
L900055,2026-03-13,18873,18197,17048,
L900055,2026-03-14,23137,22345,21031,
L900055,2026-03-15,20370,20126,19115,
L900055,2026-03-16,19967,19758,18448,
L900055,2026-03-17,16079,15573,14447,
L900055,2026-03-18,18546,18103,16421,
L900055,2026-03-19,17736,17433,15721,
L900055,2026-03-20,19149,18802,17548,
L900055,2026-03-21,19196,18711,17532,
L900055,2026-03-22,22007,21747,20449,
L900055,2026-03-23,17690,17371,15876,
L900055,2026-03-24,17136,16956,15586,
L900055,2026-03-25,18290,17805,16611,
L900055,2026-03-26,17983,17749,16356,
L900055,2026-03-27,17749,17251,16908,
L900055,2026-03-28,20744,20042,18415,
L900055,2026-03-29,27932,27371,25685,
L900055,2026-03-30,16246,15910,15064,
L900055,2026-03-31,16932,16599,15738,
L900055,2026-04-01,17954,17325,15959,
L900055,2026-04-02,20613,19893,18725,
L900055,2026-04-03,19684,19009,17843,
L900055,2026-04-04,21321,21000,19786,
L900055,2026-04-05,24245,23667,22074,
L900055,2026-04-06,20894,20487,19401,
L900055,2026-04-07,18572,18285,17097,
L900055,2026-04-08,18463,18221,16489,
L900055,2026-04-09,18130,17597,16443,
L900055,2026-04-10,17654,16954,15881,
L900056,2025-11-13,11957,11766,6980,
L900056,2025-11-14,11411,10977,6066,
L900056,2025-11-15,15584,15327,8846,
L900056,2025-11-16,13543,13392,7675,
L900056,2025-11-17,10820,10655,6508,
L900056,2025-11-18,12509,12104,7127,
L900056,2025-11-19,11163,10955,6489,
L900056,2025-11-20,11327,10939,6303,
L900056,2025-11-21,11565,11236,6417,
L900056,2025-11-22,13906,13764,8039,
L900056,2025-11-23,14288,14136,8023,
L900056,2025-11-24,11900,11540,6484,
L900056,2025-11-25,10744,10490,5973,
L900056,2025-11-26,10294,10138,6085,
L900056,2025-11-27,10387,10054,5690,
L900056,2025-11-28,12391,12227,6952,
L900056,2025-11-29,13426,13022,7289,
L900056,2025-11-30,14539,14057,8391,
L900056,2025-12-01,11926,11558,6827,
L900056,2025-12-02,11327,10886,6199,
L900056,2025-12-03,10526,10395,6297,
L900056,2025-12-04,11949,11721,6635,
L900056,2025-12-05,11296,11059,6347,
L900056,2025-12-06,12401,11943,6969,
L900056,2025-12-07,13178,12678,7111,
L900056,2025-12-08,9928,9790,5372,
L900056,2025-12-09,10926,10633,6149,
L900056,2025-12-10,10472,10211,6055,
L900056,2025-12-11,11201,10925,6462,
L900056,2025-12-12,11095,10673,6022,
L900056,2025-12-13,13755,13380,7422,
L900056,2025-12-14,14219,14072,7898,
L900056,2025-12-15,12087,11704,6709,
L900056,2025-12-16,12217,11821,6590,
L900056,2025-12-17,10650,10438,6133,
L900056,2025-12-18,12315,11955,7332,
L900056,2025-12-19,11298,10934,6743,
L900056,2025-12-20,13315,12803,7707,
L900056,2025-12-21,12603,12299,7236,
L900056,2025-12-22,9151,9009,5023,
L900056,2025-12-23,11681,11521,6379,
L900056,2025-12-24,11645,11419,6830,
L900056,2025-12-25,10809,10530,5903,
L900056,2025-12-26,10833,10601,5943,
L900056,2025-12-27,13521,13162,7660,
L900056,2025-12-28,13297,13077,8022,
L900056,2025-12-29,10612,10221,6212,
L900056,2025-12-30,10322,10107,5876,
L900056,2025-12-31,12326,12073,7275,
L900056,2026-01-01,10882,10743,6350,
L900056,2026-01-02,11640,11427,6504,
L900056,2026-01-03,14303,13868,8560,
L900056,2026-01-04,14145,13852,8191,
L900056,2026-01-05,11866,11435,6298,
L900056,2026-01-06,11675,11395,6377,
L900056,2026-01-07,10729,10608,6611,
L900056,2026-01-08,11032,10760,6081,
L900056,2026-01-09,12299,11901,6677,
L900056,2026-01-10,13143,12829,7761,
L900056,2026-01-11,13678,13289,7292,
L900056,2026-01-12,11750,11499,6578,
L900056,2026-01-13,12647,12360,7018,
L900056,2026-01-14,12207,12080,7435,
L900056,2026-01-15,10494,10240,5899,
L900056,2026-01-16,11610,11416,6425,
L900056,2026-01-17,13926,13738,7906,
L900056,2026-01-18,13364,13135,7631,
L900056,2026-01-19,11324,11074,6459,
L900056,2026-01-20,10721,10390,5910,
L900056,2026-01-21,11153,11036,6391,
L900056,2026-01-22,10865,10587,6209,
L900056,2026-01-23,9625,9443,5338,
L900056,2026-01-24,13326,13127,7388,
L900056,2026-01-25,15408,14840,8612,
L900056,2026-01-26,11420,11250,6416,
L900056,2026-01-27,11246,11025,6126,
L900056,2026-01-28,11107,10747,6031,
L900056,2026-01-29,11010,10646,5629,
L900056,2026-01-30,10244,10083,6143,
L900056,2026-01-31,14537,14331,8690,
L900056,2026-02-01,15144,14986,8893,
L900056,2026-02-02,10852,10593,5924,
L900056,2026-02-03,12293,12156,7066,
L900056,2026-02-04,13507,13254,7590,
L900056,2026-02-05,13038,12584,7259,
L900056,2026-02-06,12464,12014,7375,
L900056,2026-02-07,12515,12090,6894,
L900056,2026-02-08,12504,12212,6782,
L900056,2026-02-09,11861,11467,6605,
L900056,2026-02-10,11307,11007,6506,
L900056,2026-02-11,9587,9353,5665,
L900057,2025-11-13,27552,26646,20048,
L900057,2025-11-14,29325,28849,21287,
L900057,2025-11-15,26555,25613,18982,
L900057,2025-11-16,32504,31313,22523,
L900057,2025-11-17,26738,26186,19188,
L900057,2025-11-18,23588,23033,17353,
L900057,2025-11-19,25235,24248,17746,
L900057,2025-11-20,25449,25133,19219,
L900057,2025-11-21,26340,25410,18843,
L900057,2025-11-22,30862,30443,22809,
L900057,2025-11-23,35443,34248,25787,
L900057,2025-11-24,27879,26908,20238,
L900057,2025-11-25,23508,23179,16746,
L900057,2025-11-26,25993,25673,18625,
L900057,2025-11-27,24176,23725,16668,
L900057,2025-11-28,23580,23030,16924,
L900057,2025-11-29,31812,30741,22260,
L900057,2025-11-30,32192,31045,22703,
L900057,2025-12-01,28732,27621,20350,
L900057,2025-12-02,27899,26880,20000,
L900057,2025-12-03,23462,22653,16722,
L900057,2025-12-04,23814,22986,16959,
L900057,2025-12-05,24851,23858,17837,
L900057,2025-12-06,28555,27466,20332,
L900057,2025-12-07,33455,32640,24746,
L900057,2025-12-08,24811,24161,17887,
L900057,2025-12-09,26816,26048,20081,
L900057,2025-12-10,23295,22394,16163,
L900057,2025-12-11,32356,31090,22836,
L900057,2025-12-12,22429,22097,16094,
L900057,2025-12-13,24904,24353,18138,
L900057,2025-12-14,34063,33587,24241,
L900057,2025-12-15,25431,25115,19049,
L900057,2025-12-16,22726,22278,15896,
L900057,2025-12-17,25944,25462,18458,
L900057,2025-12-18,25805,24867,17773,
L900057,2025-12-19,26880,26246,19343,
L900057,2025-12-20,33396,32879,24462,
L900057,2025-12-21,32519,31402,22329,
L900057,2025-12-22,27468,26685,19570,
L900057,2025-12-23,26074,25103,19102,
L900057,2025-12-24,24905,23954,18373,
L900057,2025-12-25,29480,28941,21852,
L900057,2025-12-26,24353,24034,16734,
L900057,2025-12-27,34751,33662,24984,
L900057,2025-12-28,30083,29167,22268,
L900057,2025-12-29,24605,23800,17410,
L900057,2025-12-30,27536,27213,19531,
L900057,2025-12-31,26195,25610,19509,
L900057,2026-01-01,26873,26406,20199,
L900057,2026-01-02,28823,28349,20982,
L900057,2026-01-03,26010,25185,18079,
L900057,2026-01-04,33944,33383,23668,
L900057,2026-01-05,25736,25298,18891,
L900057,2026-01-06,29533,28839,21009,
L900057,2026-01-07,25066,24167,17858,
L900057,2026-01-08,27168,26337,19408,
L900057,2026-01-09,28645,27850,20163,
L900057,2026-01-10,32298,31958,23933,
L900057,2026-01-11,30966,30021,22719,
L900057,2026-01-12,26741,26213,19811,
L900057,2026-01-13,26837,25842,19317,
L900057,2026-01-14,25090,24089,17521,
L900057,2026-01-15,29015,28492,21446,
L900057,2026-01-16,24264,24017,17859,
L900057,2026-01-17,25915,25233,18382,
L900057,2026-01-18,34450,33848,24962,
L900057,2026-01-19,26676,26342,17903,
L900057,2026-01-20,25597,24575,18351,
L900057,2026-01-21,27410,26985,20488,
L900057,2026-01-22,25982,25160,18535,
L900057,2026-01-23,23610,22898,16850,
L900057,2026-01-24,28761,28250,19860,
L900057,2026-01-25,29213,28376,21854,
L900057,2026-01-26,25854,25466,18956,
L900057,2026-01-27,25341,24579,17308,
L900057,2026-01-28,28406,28039,19530,
L900057,2026-01-29,25254,24278,17939,
L900057,2026-01-30,26914,26186,18997,
L900057,2026-01-31,27286,26928,19495,
L900057,2026-02-01,30074,29222,21172,
L900057,2026-02-02,28477,27567,19730,
L900057,2026-02-03,27063,26040,19352,
L900057,2026-02-04,28457,28091,20712,
L900057,2026-02-05,28099,27306,20112,
L900057,2026-02-06,27345,26555,18852,
L900057,2026-02-07,25238,24885,18602,
L900057,2026-02-08,33094,32474,24339,
L900057,2026-02-09,25317,24839,19120,
L900057,2026-02-10,25454,25116,18797,
L900057,2026-02-11,27684,27359,21186,
L900058,2025-11-13,24274,23304,20974,
L900058,2025-11-14,28793,28027,26301,
L900058,2025-11-15,32128,31155,30843,
L900058,2025-11-16,31810,30918,27948,
L900058,2025-11-17,25211,24821,22599,
L900058,2025-11-18,24801,24490,22578,
L900058,2025-11-19,24409,23629,21316,
L900058,2025-11-20,28875,28255,26446,
L900058,2025-11-21,25150,24175,22849,
L900058,2025-11-22,32172,31478,29448,
L900058,2025-11-23,32703,31755,29617,
L900058,2025-11-24,26985,26360,24911,
L900058,2025-11-25,25945,25058,23193,
L900058,2025-11-26,28748,27960,25735,
L900058,2025-11-27,26414,25517,23942,
L900058,2025-11-28,24363,23793,21743,
L900058,2025-11-29,30126,29262,26925,
L900058,2025-11-30,27387,26887,24654,
L900058,2025-12-01,26157,25553,24411,
L900058,2025-12-02,26748,26003,22830,
L900058,2025-12-03,26926,26162,24038,
L900058,2025-12-04,26540,25843,24026,
L900058,2025-12-05,25217,24219,22474,
L900058,2025-12-06,30948,29927,28636,
L900058,2025-12-07,30955,30119,28664,
L900058,2025-12-08,27538,26895,25371,
L900058,2025-12-09,21951,21664,20631,
L900058,2025-12-10,24674,24105,22762,
L900058,2025-12-11,23619,23009,20853,
L900058,2025-12-12,29662,29360,26742,
L900058,2025-12-13,33847,33163,30920,
L900058,2025-12-14,29962,29199,27128,
L900058,2025-12-15,22946,22451,20873,
L900058,2025-12-16,23393,22712,20942,
L900058,2025-12-17,27508,26713,24978,
L900058,2025-12-18,22575,22072,20902,
L900058,2025-12-19,25597,24711,22713,
L900058,2025-12-20,32856,31988,29641,
L900058,2025-12-21,28113,27053,26159,
L900058,2025-12-22,25577,24902,23118,
L900058,2025-12-23,24782,24071,22954,
L900058,2025-12-24,24536,24064,21635,
L900058,2025-12-25,24221,23424,22405,
L900058,2025-12-26,27317,26242,24271,
L900058,2025-12-27,34410,33123,31299,
L900058,2025-12-28,30343,29522,27357,
L900058,2025-12-29,26287,25788,23553,
L900058,2025-12-30,25621,25355,23736,
L900058,2025-12-31,22155,21570,19978,
L900058,2026-01-01,24991,24713,23491,
L900058,2026-01-02,21833,21301,19647,
L900058,2026-01-03,29809,29116,27636,
L900058,2026-01-04,30896,30469,29430,
L900058,2026-01-05,26969,26197,24148,
L900058,2026-01-06,26103,25295,23345,
L900058,2026-01-07,27373,26342,23796,
L900058,2026-01-08,23924,23580,22144,
L900058,2026-01-09,28123,27640,24487,
L900058,2026-01-10,34413,34048,31569,
L900058,2026-01-11,26331,25729,22383,
L900058,2026-01-12,22478,22209,20645,
L900058,2026-01-13,25477,25176,23732,
L900058,2026-01-14,24486,24082,21862,
L900058,2026-01-15,24766,24043,22376,
L900058,2026-01-16,26085,25441,23258,
L900058,2026-01-17,33240,32879,30168,
L900058,2026-01-18,28847,27795,25547,
L900058,2026-01-19,27814,27107,25137,
L900058,2026-01-20,24189,23432,22225,
L900058,2026-01-21,30002,28883,26982,
L900058,2026-01-22,28140,27645,26282,
L900058,2026-01-23,24371,23753,22102,
L900058,2026-01-24,27823,27031,25028,
L900058,2026-01-25,29451,28436,26216,
L900058,2026-01-26,24075,23165,21410,
L900058,2026-01-27,26702,26067,24180,
L900058,2026-01-28,21792,21441,19620,
L900058,2026-01-29,22499,22034,20599,
L900058,2026-01-30,26643,25692,24025,
L900058,2026-01-31,29051,27969,26149,
L900058,2026-02-01,29838,29282,26565,
L900058,2026-02-02,27132,26374,24959,
L900058,2026-02-03,27556,26567,24384,
L900058,2026-02-04,28028,27130,24963,
L900058,2026-02-05,26951,26004,23918,
L900058,2026-02-06,25153,24602,21688,
L900058,2026-02-07,30255,29478,27468,
L900058,2026-02-08,29987,29248,28227,
L900058,2026-02-09,23230,22352,20535,
L900058,2026-02-10,23758,22845,20988,
L900058,2026-02-11,27725,27204,26103,
L900059,2026-05-28,39515,38982,27944,
L900059,2026-05-29,46324,45473,34669,
L900059,2026-05-30,50341,48880,34806,
L900059,2026-05-31,45464,44895,33375,
L900059,2026-06-01,43784,42170,29463,
L900059,2026-06-02,40863,39907,30822,
L900059,2026-06-03,41211,40404,31102,
L900059,2026-06-04,44119,42847,30777,
L900059,2026-06-05,40959,40344,29750,
L900059,2026-06-06,46902,45089,32491,
L900059,2026-06-07,56891,55357,39882,
L900059,2026-06-08,45560,44428,32488,
L900059,2026-06-09,41855,40184,30187,
L900059,2026-06-10,39933,39028,29324,
L900059,2026-06-11,35075,33804,25312,
L900059,2026-06-12,33658,33189,24409,
L900059,2026-06-13,54241,52880,39789,
L900059,2026-06-14,45497,43677,31299,
L900059,2026-06-15,39630,38727,28802,
L900059,2026-06-16,35123,34706,25673,
L900059,2026-06-17,42986,41330,30350,
L900059,2026-06-18,43704,42784,31851,
L900059,2026-06-19,40124,38783,27197,
L900059,2026-06-20,51313,50344,36294,
L900059,2026-06-21,48422,46982,35216,
L900059,2026-06-22,46697,45214,33423,
L900059,2026-06-23,43800,42117,29949,
L900059,2026-06-24,42765,41274,30493,
L900059,2026-06-25,46066,45366,33080,
L900059,2026-06-26,41130,39828,30316,
L900059,2026-06-27,50397,49688,35667,
L900059,2026-06-28,61135,60508,43470,
L900059,2026-06-29,41724,40684,30388,
L900059,2026-06-30,42839,42307,31146,
L900059,2026-07-01,41321,40425,29724,
L900059,2026-07-02,38197,37686,29508,
L900059,2026-07-03,41203,40649,30565,
L900059,2026-07-04,49412,47850,35069,
L900059,2026-07-05,48921,47049,33357,
L900059,2026-07-06,41402,40348,29529,
L900059,2026-07-07,45872,44934,32175,
L900059,2026-07-08,40005,39499,28519,
L900059,2026-07-09,46781,45634,32975,
L900060,2026-06-17,73811,71860,66619,
L900060,2026-06-18,60950,58676,52967,
L900060,2026-06-19,73206,72460,65560,
L900060,2026-06-20,85515,82280,76708,
L900060,2026-06-21,85416,84412,79299,
L900060,2026-06-22,63378,61873,56334,
L900060,2026-06-23,72412,71538,65629,
L900060,2026-06-24,53425,52526,49530,
L900060,2026-06-25,62816,60315,56656,
L900060,2026-06-26,76127,73232,68130,
L900060,2026-06-27,89520,88050,82157,
L900060,2026-06-28,93444,92349,83922,
L900060,2026-06-29,68450,67029,63239,
L900060,2026-06-30,67451,66276,63163,
L900060,2026-07-01,66127,63598,61778,
L900060,2026-07-02,80123,77197,72228,
L900060,2026-07-03,71523,69459,66252,
L900060,2026-07-04,75040,72040,65106,
L900060,2026-07-05,91249,88086,82402,
L900060,2026-07-06,67253,65498,60927,
L900060,2026-07-07,55420,54545,50518,
L900060,2026-07-08,64368,63687,60398,
L900060,2026-07-09,73947,72446,68210,
L900060,2026-07-10,70662,68503,61656,
L900060,2026-07-11,86833,84473,79623,
L900060,2026-07-12,91174,89571,87095,
L900060,2026-07-13,59220,56928,52500,
L900060,2026-07-14,64427,62551,58388,
L900060,2026-07-15,68568,67773,62711,
L900061,2026-06-17,321504,316959,177236,
L900061,2026-06-18,323681,315012,180436,
L900061,2026-06-19,317917,313028,181252,
L900061,2026-06-20,421145,406019,229104,
L900061,2026-06-21,456629,438964,254076,
L900061,2026-06-22,382543,372547,214623,
L900061,2026-06-23,351888,346359,196989,
L900061,2026-06-24,352371,344551,204747,
L900061,2026-06-25,340968,334289,197353,
L900061,2026-06-26,329646,316505,188377,
L900061,2026-06-27,406995,396623,236797,
L900061,2026-06-28,428877,423379,258438,
L900061,2026-06-29,320019,315186,173502,
L900061,2026-06-30,335189,328354,181352,
L900061,2026-07-01,313569,309278,183225,
L900061,2026-07-02,352452,344423,196461,
L900061,2026-07-03,341656,331190,188134,
L900061,2026-07-04,483145,474130,268020,
L900061,2026-07-05,381653,374391,223107,
L900061,2026-07-06,346485,334985,207950,
L900061,2026-07-07,337728,330762,197438,
L900061,2026-07-08,383094,376935,214692,
L900061,2026-07-09,331616,323543,192452,
L900061,2026-07-10,368785,358605,197873,
L900061,2026-07-11,388267,379204,200701,
L900061,2026-07-12,447124,432100,248355,
L900061,2026-07-13,347997,343028,187351,
L900061,2026-07-14,321597,312057,178010,
L900061,2026-07-15,333607,326219,189975,
L900062,2025-05-14,91604,88257,82043,
L900062,2025-05-15,84446,83186,75982,
L900062,2025-05-16,67139,64630,59650,
L900062,2025-05-17,81854,80113,74528,
L900062,2025-05-18,87990,86373,76950,
L900062,2025-05-19,88295,87215,80172,
L900062,2025-05-20,67371,66651,63182,
L900062,2025-05-21,73008,70530,67130,
L900062,2025-05-22,72979,70740,65022,
L900062,2025-05-23,79666,77766,73245,
L900062,2025-05-24,99619,96271,89359,
L900062,2025-05-25,97818,96166,90868,
L900062,2025-05-26,78772,77448,71805,
L900062,2025-05-27,68563,65893,62070,
L900062,2025-05-28,77789,75452,69546,
L900062,2025-05-29,85453,82428,74304,
L900062,2025-05-30,87724,86253,80176,
L900062,2025-05-31,96233,94300,86953,
L900062,2025-06-01,81333,79063,73307,
L900062,2025-06-02,79604,78054,73645,
L900062,2025-06-03,76299,73404,65046,
L900062,2025-06-04,67966,67066,65123,
L900062,2025-06-05,70751,68373,65538,
L900062,2025-06-06,71734,70761,65549,
L900062,2025-06-07,98543,96938,88562,
L900062,2025-06-08,105804,102714,95679,
L900062,2025-06-09,80386,77788,71926,
L900062,2025-06-10,81613,80218,77135,
L900062,2025-06-11,76713,75540,72865,
L900062,2025-06-12,73734,71530,67616,
L900062,2025-06-13,80561,79558,72288,
L900062,2025-06-14,95455,92841,86355,
L900062,2025-06-15,87443,84103,78817,
L900062,2025-06-16,78435,77326,71800,
L900062,2025-06-17,77102,76282,70804,
L900062,2025-06-18,75247,73220,68299,
L900062,2025-06-19,73534,72236,71017,
L900062,2025-06-20,68787,66959,61488,
L900062,2025-06-21,90052,88039,85469,
L900062,2025-06-22,83938,81132,76143,
L900062,2025-06-23,79068,77607,72692,
L900062,2025-06-24,85196,82430,78664,
L900062,2025-06-25,74731,72413,67625,
L900062,2025-06-26,65966,64399,60018,
L900062,2025-06-27,72603,70124,64953,
L900062,2025-06-28,81195,78686,73815,
L900063,2025-05-14,114757,110775,61532,
L900063,2025-05-15,105702,104011,62728,
L900063,2025-05-16,118745,115358,69559,
L900063,2025-05-17,154418,152787,86254,
L900063,2025-05-18,153751,151788,83588,
L900063,2025-05-19,120180,118866,67769,
L900063,2025-05-20,104971,101710,60241,
L900063,2025-05-21,121985,120454,72068,
L900063,2025-05-22,115361,112616,65614,
L900063,2025-05-23,118191,114636,67185,
L900063,2025-05-24,143233,137731,80445,
L900063,2025-05-25,146544,144270,78981,
L900063,2025-05-26,112220,110852,61226,
L900063,2025-05-27,115922,113735,69701,
L900063,2025-05-28,109110,106033,61768,
L900063,2025-05-29,120275,117084,63066,
L900063,2025-05-30,108674,105421,61912,
L900063,2025-05-31,105470,101504,56889,
L900063,2025-06-01,149378,147709,88634,
L900063,2025-06-02,116807,112693,67350,
L900063,2025-06-03,115363,112702,66619,
L900063,2025-06-04,110547,108543,63206,
L900063,2025-06-05,107674,103398,62583,
L900063,2025-06-06,127216,122257,74283,
L900063,2025-06-07,132805,131225,73607,
L900063,2025-06-08,151312,149355,88250,
L900063,2025-06-09,116392,112869,64033,
L900063,2025-06-10,117273,112731,62937,
L900063,2025-06-11,119164,116645,70870,
L900063,2025-06-12,128210,124271,73838,
L900063,2025-06-13,100872,96920,56596,
L900063,2025-06-14,160787,159131,89531,
L900063,2025-06-15,136637,131588,80041,
L900063,2025-06-16,119010,115083,72456,
L900063,2025-06-17,106762,105537,59122,
L900063,2025-06-18,124518,123260,68542,
L900063,2025-06-19,111626,108710,62909,
L900063,2025-06-20,122811,119768,70936,
L900063,2025-06-21,142307,138270,79083,
L900063,2025-06-22,150632,147322,97308,
L900063,2025-06-23,119683,117361,68303,
L900063,2025-06-24,101636,98004,55592,
L900063,2025-06-25,111472,109706,62456,
L900063,2025-06-26,113265,111127,68405,
L900063,2025-06-27,124727,121403,70028,
L900063,2025-06-28,124017,120503,73114,
L900064,2025-05-14,1393,1365,1316,
L900064,2025-05-15,1749,1688,1521,
L900064,2025-05-16,1509,1477,1399,
L900064,2025-05-17,2071,2013,1891,
L900064,2025-05-18,1826,1786,1722,
L900064,2025-05-19,1555,1535,1474,
L900064,2025-05-20,1472,1427,1317,
L900064,2025-05-21,1714,1692,1615,
L900064,2025-05-22,1735,1679,1577,
L900064,2025-05-23,1513,1495,1460,
L900064,2025-05-24,1718,1684,1641,
L900064,2025-05-25,2163,2141,2070,
L900064,2025-05-26,1527,1506,1406,
L900064,2025-05-27,1589,1557,1438,
L900064,2025-05-28,1492,1440,1386,
L900064,2025-05-29,1700,1677,1557,
L900064,2025-05-30,1703,1674,1605,
L900064,2025-05-31,2193,2164,2080,
L900064,2025-06-01,2122,2059,1975,
L900064,2025-06-02,1743,1723,1592,
L900064,2025-06-03,1600,1536,1458,
L900064,2025-06-04,1584,1561,1496,
L900064,2025-06-05,1698,1668,1597,
L900064,2025-06-06,1593,1562,1460,
L900064,2025-06-07,2128,2046,1958,
L900064,2025-06-08,1797,1742,1648,
L900064,2025-06-09,1390,1348,1281,
L900064,2025-06-10,1590,1567,1470,
L900064,2025-06-11,1821,1798,1666,
L900064,2025-06-12,1707,1685,1668,
L900064,2025-06-13,1755,1703,1616,
L900064,2025-06-14,1779,1750,1614,
L900064,2025-06-15,1892,1855,1736,
L900064,2025-06-16,1523,1488,1403,
L900064,2025-06-17,1603,1560,1497,
L900064,2025-06-18,1456,1436,1344,
L900064,2025-06-19,1595,1547,1463,
L900064,2025-06-20,1853,1803,1721,
L900064,2025-06-21,1704,1638,1569,
L900064,2025-06-22,2042,2011,1905,
L900064,2025-06-23,1459,1405,1384,
L900064,2025-06-24,1478,1438,1385,
L900064,2025-06-25,1642,1585,1524,
L900064,2025-06-26,1837,1770,1701,
L900064,2025-06-27,1544,1509,1466,
L900064,2025-06-28,1857,1785,1701,
L900065,2026-06-13,8916,8758,6489,
L900065,2026-06-14,10006,9808,6923,
L900065,2026-06-15,8349,8176,5916,
L900065,2026-06-16,8851,8739,6405,
L900065,2026-06-17,7307,7160,5309,
L900065,2026-06-18,7441,7328,5608,
L900065,2026-06-19,8029,7719,5688,
L900065,2026-06-20,10180,10072,7250,
L900065,2026-06-21,8717,8443,6316,
L900065,2026-06-22,7323,7178,5153,
L900065,2026-06-23,8567,8279,6213,
L900065,2026-06-24,7224,7000,5093,
L900065,2026-06-25,7449,7312,5670,
L900065,2026-06-26,8611,8319,6086,
L900065,2026-06-27,10168,10034,7153,
L900065,2026-06-28,9197,8861,6575,
L900065,2026-06-29,8320,8056,5945,
L900065,2026-06-30,8188,7891,5851,
L900065,2026-07-01,7924,7614,5589,
L900065,2026-07-02,7755,7494,5580,
L900065,2026-07-03,8293,7972,5930,
L900065,2026-07-04,8803,8612,6200,
L900065,2026-07-05,10030,9921,7633,
L900065,2026-07-06,8127,7871,5759,
L900065,2026-07-07,8173,7863,5639,
L900065,2026-07-08,8870,8595,6392,
L900065,2026-07-09,7599,7434,5476,
L900065,2026-07-10,7691,7405,5673,
L900065,2026-07-11,9562,9243,6868,
L900065,2026-07-12,10166,9958,7221,
L900065,2026-07-13,8154,8043,5995,
L900065,2026-07-14,7031,6879,5125,
L900065,2026-07-15,8000,7721,5733,
L900065,2026-07-16,8052,7861,5857,
L900065,2026-07-17,8888,8624,6178,
L900065,2026-07-18,9454,9288,6996,
L900065,2026-07-19,10094,9965,7465,
L900065,2026-07-20,9798,9607,7227,
L900065,2026-07-21,8756,8495,6234,
L900065,2026-07-22,7391,7105,5213,
L900065,2026-07-23,8486,8245,6168,
L900065,2026-07-24,8288,7964,5859,
L900065,2026-07-25,9429,9167,6750,
L900065,2026-07-26,10283,10021,7584,
L900065,2026-07-27,7383,7296,5510,
L900065,2026-07-28,7611,7309,5477,
L900066,2026-06-13,227801,218820,125085,
L900066,2026-06-14,205335,200640,118805,
L900066,2026-06-15,155542,153720,88933,
L900066,2026-06-16,163668,161583,92057,
L900066,2026-06-17,161352,157548,94881,
L900066,2026-06-18,159227,153209,90596,
L900066,2026-06-19,171444,166575,91959,
L900066,2026-06-20,210851,205195,113212,
L900066,2026-06-21,212615,205786,117268,
L900066,2026-06-22,167347,164560,91185,
L900066,2026-06-23,168872,166653,99748,
L900066,2026-06-24,156439,154856,87936,
L900066,2026-06-25,173317,168989,99634,
L900066,2026-06-26,134668,132086,81934,
L900066,2026-06-27,211003,203356,120780,
L900066,2026-06-28,200118,197455,107196,
L900066,2026-06-29,176262,170363,96884,
L900066,2026-06-30,174512,168546,97019,
L900066,2026-07-01,170420,167940,94802,
L900066,2026-07-02,178799,173292,96390,
L900066,2026-07-03,197278,193523,120905,
L900066,2026-07-04,228885,226503,137149,
L900066,2026-07-05,201073,198229,119597,
L900066,2026-07-06,165948,159412,87505,
L900066,2026-07-07,187346,182058,109703,
L900066,2026-07-08,166816,162437,90233,
L900066,2026-07-09,159392,156644,85148,
L900066,2026-07-10,179879,177251,97121,
L900066,2026-07-11,207088,200880,113120,
L900066,2026-07-12,179336,172205,100699,
L900066,2026-07-13,162769,157042,93716,
L900066,2026-07-14,150276,145833,82374,
L900066,2026-07-15,135291,129924,69679,
L900066,2026-07-16,191293,186471,115923,
L900066,2026-07-17,168476,166717,93948,
L900066,2026-07-18,197609,191560,114451,
L900066,2026-07-19,194112,187104,109409,
L900066,2026-07-20,167064,162341,92310,
L900066,2026-07-21,160195,155161,90903,
L900066,2026-07-22,154165,150123,88427,
L900066,2026-07-23,160926,155718,90713,
L900066,2026-07-24,185751,181564,104696,
L900066,2026-07-25,217339,212738,115763,
L900066,2026-07-26,194825,190898,110826,
L900066,2026-07-27,192967,188563,101975,
L900066,2026-07-28,165948,163188,99403,
L900067,2026-06-13,12287,12287,7161,25923.7
L900067,2026-06-14,12215,12215,7324,23615.9
L900067,2026-06-15,11340,11340,6262,32913.6
L900067,2026-06-16,12128,12128,7709,32750.6
L900067,2026-06-17,10318,10318,7055,30690.9
L900067,2026-06-18,10535,10535,5867,22566.0
L900067,2026-06-19,8443,8443,5450,26533.9
L900067,2026-06-20,7638,7638,4837,18175.4
L900067,2026-06-21,7593,7593,4464,13815.6
L900067,2026-06-22,6468,6468,4417,12698.7
L900067,2026-06-23,7223,7223,4388,17491.9
L900067,2026-06-24,6238,6238,4174,16610.4
L900067,2026-06-25,5700,5700,3140,17413.2
L900067,2026-06-26,6042,6042,3626,19125.3
L900067,2026-06-27,4800,4800,3296,10885.0
L900067,2026-06-28,5497,5497,3746,14224.0
L900067,2026-06-29,4577,4577,3059,11718.2
L900067,2026-06-30,5051,5051,3022,13091.3
L900067,2026-07-01,4096,4096,2367,8353.3
L900067,2026-07-02,4268,4268,2819,12289.7
L900067,2026-07-03,3849,3849,2296,9058.0
L900067,2026-07-04,3826,3826,2236,11403.1
L900067,2026-07-05,3390,3390,2077,9918.3
L900067,2026-07-06,2633,2633,1518,4770.6
L900067,2026-07-07,3274,3274,2141,7990.5
L900067,2026-07-08,2776,2776,1674,5721.8
L900067,2026-07-09,2846,2846,1674,9040.7
L900067,2026-07-10,2656,2656,1815,7364.7
L900067,2026-07-11,2158,2158,1227,6625.6
L900067,2026-07-12,2002,2002,1135,5849.1
L900067,2026-07-13,2211,2211,1495,4678.3
L900067,2026-07-14,1895,1895,1255,3427.2
L900067,2026-07-15,2012,2012,1163,5594.6
L900067,2026-07-16,1702,1702,979,4605.4
L900067,2026-07-17,1799,1799,1153,4901.1
L900067,2026-07-18,1602,1602,897,4917.6
L900067,2026-07-19,1489,1489,936,2939.7
L900067,2026-07-20,1312,1312,834,3259.5
L900067,2026-07-21,1313,1313,722,3036.3
L900067,2026-07-22,1353,1353,763,2637.0
L900067,2026-07-23,1132,1132,641,2729.4
L900067,2026-07-24,1129,1129,711,2557.5
L900067,2026-07-25,1014,1014,641,2862.0
L900067,2026-07-26,963,963,656,2500.5
L900067,2026-07-27,1050,1050,650,3320.0
L900067,2026-07-28,945,945,543,2614.8
L900068,2026-02-07,46117,46117,28939,128775.3
L900068,2026-02-08,39535,39535,26194,113954.8
L900068,2026-02-09,39350,39350,27056,97204.3
L900068,2026-02-10,38878,38878,25847,108046.2
L900068,2026-02-11,38536,38536,26154,72988.6
L900068,2026-02-12,35953,35953,25054,95351.6
L900068,2026-02-13,28005,28005,16052,86033.1
L900068,2026-02-14,32563,32563,20252,66471.8
L900068,2026-02-15,27689,27689,17343,62698.4
L900068,2026-02-16,23713,23713,16179,71440.8
L900068,2026-02-17,28089,28089,18218,89705.0
L900068,2026-02-18,26749,26749,15266,75200.4
L900068,2026-02-19,22555,22555,14018,40637.5
L900068,2026-02-20,22163,22163,12780,46525.7
L900068,2026-02-21,20987,20987,12470,41521.6
L900068,2026-02-22,20918,20918,14412,66333.8
L900068,2026-02-23,18545,18545,10576,57929.4
L900068,2026-02-24,14118,14118,7890,27165.2
L900068,2026-02-25,18413,18413,10897,58596.9
L900068,2026-02-26,15978,15978,10357,45115.5
L900068,2026-02-27,12905,12905,8887,38771.2
L900068,2026-02-28,11488,11488,7606,21740.5
L900068,2026-03-01,12669,12669,8818,39770.3
L900068,2026-03-02,11042,11042,7029,30859.7
L900068,2026-03-03,11050,11050,7239,30303.3
L900068,2026-03-04,10822,10822,7146,30612.2
L900068,2026-03-05,8950,8950,5093,24054.6
L900068,2026-03-06,7937,7937,5530,17364.5
L900068,2026-03-07,8739,8739,5742,17556.4
L900068,2026-03-08,7501,7501,5084,14873.1
L900068,2026-03-09,7572,7572,4663,17437.1
L900068,2026-03-10,6084,6084,4195,16874.8
L900068,2026-03-11,6452,6452,3648,14982.2
L900068,2026-03-12,6679,6679,3867,20423.8
L900068,2026-03-13,6226,6226,4133,15594.1
L900068,2026-03-14,5092,5092,3119,15484.1
L900068,2026-03-15,4598,4598,2809,10824.7
L900068,2026-03-16,4911,4911,2703,15607.7
L900068,2026-03-17,4877,4877,2724,13662.2
L900068,2026-03-18,4525,4525,2892,14067.6
L900068,2026-03-19,3886,3886,2393,9495.2
L900068,2026-03-20,3972,3972,2421,10400.2
L900068,2026-03-21,4178,4178,2680,8832.1
L900068,2026-03-22,3491,3491,2322,9625.7
L900068,2026-03-23,2695,2695,1745,8588.8
L900068,2026-03-24,3095,3095,1743,8528.9
L900068,2026-03-25,3441,3441,2312,10906.6
L900068,2026-03-26,2344,2344,1315,5198.9
L900068,2026-03-27,2541,2541,1727,4719.2
L900068,2026-03-28,2332,2332,1613,6097.8
L900068,2026-03-29,2269,2269,1573,4777.2
L900068,2026-03-30,2158,2158,1492,3972.5
L900068,2026-03-31,2220,2220,1303,6996.3
L900068,2026-04-01,1893,1893,1194,4138.6
L900068,2026-04-02,1994,1994,1282,4683.2
L900068,2026-04-03,1645,1645,941,3147.9
L900068,2026-04-04,1513,1513,1029,4712.1
L900068,2026-04-05,1378,1378,844,2507.4
L900068,2026-04-06,1138,1138,635,2695.0
L900068,2026-04-07,1346,1346,918,4248.5
L900068,2026-04-08,1487,1487,911,4695.3
L900068,2026-04-09,1215,1215,739,3809.8
L900068,2026-04-10,1169,1169,796,2170.6
L900068,2026-04-11,987,987,577,2321.0
L900068,2026-04-12,946,946,542,2458.1
L900068,2026-04-13,1003,1003,672,2313.8
L900068,2026-04-14,1033,1033,577,2700.0
L900068,2026-04-15,931,931,620,2696.7
L900068,2026-04-16,824,824,490,1524.9
L900068,2026-04-17,721,721,500,1693.0
L900068,2026-04-18,691,691,400,1540.0
L900068,2026-04-19,589,589,391,1651.7
L900068,2026-04-20,513,513,325,1170.3
L900068,2026-04-21,501,501,298,1325.8
L900068,2026-04-22,535,535,307,1105.1
L900068,2026-04-23,486,486,329,1137.0
L900068,2026-04-24,402,402,247,1193.0
L900068,2026-04-25,443,443,249,1398.2
L900068,2026-04-26,405,405,238,1174.6
L900068,2026-04-27,348,348,226,1074.4
L900068,2026-04-28,357,357,235,1112.8
L900068,2026-04-29,338,338,214,760.1
L900068,2026-04-30,309,309,201,600.1
L900068,2026-05-01,339,339,212,853.8
L900068,2026-05-02,236,236,161,437.8
L900068,2026-05-03,220,220,145,688.3
L900068,2026-05-04,259,259,165,715.4
L900068,2026-05-05,246,246,138,657.3
L900068,2026-05-06,239,239,146,644.2
L900068,2026-05-07,204,204,134,626.4
L900068,2026-05-08,185,185,121,503.4
L900069,2025-09-05,84656,84656,51389,178526.3
L900069,2025-09-06,96347,96347,61079,282007.4
L900069,2025-09-07,76005,76005,51919,213439.6
L900069,2025-09-08,73584,73584,51093,161474.7
L900069,2025-09-09,86915,86915,53812,273016.9
L900069,2025-09-10,64334,64334,43962,175850.2
L900069,2025-09-11,65228,65228,39443,138948.1
L900069,2025-09-12,61954,61954,36356,193849.7
L900069,2025-09-13,58812,58812,40721,108721.5
L900069,2025-09-14,53106,53106,34700,101356.4
L900069,2025-09-15,49549,49549,32502,114566.3
L900069,2025-09-16,46235,46235,30065,115555.7
L900069,2025-09-17,40627,40627,22515,128876.7
L900069,2025-09-18,41921,41921,24735,126140.0
L900069,2025-09-19,45992,45992,30665,107923.3
L900069,2025-09-20,40368,40368,26379,110818.0
L900069,2025-09-21,34942,34942,21835,101838.2
L900069,2025-09-22,34670,34670,21155,96970.2
L900069,2025-09-23,27462,27462,18072,87507.9
L900069,2025-09-24,27587,27587,18159,86067.0
L900069,2025-09-25,29204,29204,20075,66284.5
L900069,2025-09-26,28858,28858,16734,91014.6
L900069,2025-09-27,21835,21835,13439,56553.6
L900069,2025-09-28,21204,21204,14814,46207.7
L900069,2025-09-29,25561,25561,15541,72066.3
L900069,2025-09-30,19952,19952,13298,46592.5
L900069,2025-10-01,22004,22004,14765,52881.6
L900069,2025-10-02,17889,17889,12269,35367.7
L900069,2025-10-03,16913,16913,9751,37204.7
L900069,2025-10-04,15070,15070,8338,41846.9
L900069,2025-10-05,16020,16020,8830,36283.0
L900069,2025-10-06,15659,15659,10582,41741.5
L900069,2025-10-07,11640,11640,8043,29231.1
L900069,2025-10-08,11797,11797,7930,24296.0
L900069,2025-10-09,12570,12570,7666,25135.4
L900069,2025-10-10,10705,10705,7150,24832.4
L900069,2025-10-11,9710,9710,5895,21584.6
L900069,2025-10-12,10590,10590,6534,20735.0
L900069,2025-10-13,10058,10058,6923,18295.1
L900069,2025-10-14,8147,8147,5544,17814.7
L900069,2025-10-15,8205,8205,4807,23693.5
L900069,2025-10-16,6652,6652,4245,13078.7
L900069,2025-10-17,6487,6487,3744,12789.5
L900069,2025-10-18,6794,6794,4565,12729.9
L900069,2025-10-19,6340,6340,4121,13762.1
L900069,2025-10-20,5376,5376,3395,11147.6
L900070,2025-09-05,12576,12372,7288,
L900070,2025-09-06,14023,13528,7572,
L900070,2025-09-07,14162,13772,8103,
L900070,2025-09-08,11765,11335,6581,
L900070,2025-09-09,15551,15291,9380,
L900070,2025-09-10,11762,11604,6799,
L900070,2025-09-11,12660,12234,6803,
L900070,2025-09-12,13623,13408,8106,
L900070,2025-09-13,17441,16980,9605,
L900070,2025-09-14,17581,17095,9147,
L900070,2025-09-15,12920,12658,7133,
L900070,2025-09-16,13834,13470,7757,
L900070,2025-09-17,13592,13090,7546,
L900070,2025-09-18,13773,13597,8033,
L900070,2025-09-19,13912,13732,7886,
L900070,2025-09-20,17177,16505,9845,
L900070,2025-09-21,15902,15573,9013,
L900070,2025-09-22,15026,14754,8231,
L900070,2025-09-23,15733,15337,8484,
L900070,2025-09-24,13368,13046,7318,
L900070,2025-09-25,16154,15680,8936,
L900070,2025-09-26,13197,12735,7291,
L900070,2025-09-27,16770,16568,9500,
L900070,2025-09-28,16465,15845,8071,
L900070,2025-09-29,13811,13560,7869,
L900070,2025-09-30,14890,14493,8785,
L900070,2025-10-01,13541,13371,7973,
L900070,2025-10-02,12536,12244,7289,
L900070,2025-10-03,13118,12718,7075,
L900070,2025-10-04,16395,15842,9632,
L900070,2025-10-05,16883,16620,10137,
L900070,2025-10-06,12924,12662,7609,
L900070,2025-10-07,13031,12798,7480,
L900070,2025-10-08,13986,13500,8008,
L900070,2025-10-09,14024,13837,7820,
L900070,2025-10-10,14716,14350,8819,
L900070,2025-10-11,15865,15449,8393,
L900070,2025-10-12,17307,16753,9605,
L900070,2025-10-13,13604,13337,7883,
L900070,2025-10-14,13246,13069,7509,
L900070,2025-10-15,13638,13296,8102,
L900070,2025-10-16,13781,13276,7371,
L900070,2025-10-17,12433,12008,6998,
L900070,2025-10-18,15139,14971,8215,
L900070,2025-10-19,17488,17244,10237,
L900070,2025-10-20,13343,13183,7723,
L900071,2025-09-26,628180,616084,463353,
L900071,2025-09-27,574233,558342,410487,
L900071,2025-09-28,755524,733041,536432,
L900071,2025-09-29,601034,590371,445738,
L900071,2025-09-30,603178,581721,448017,
L900071,2025-10-01,653330,644933,475721,
L900071,2025-10-02,589803,574399,392310,
L900071,2025-10-03,583644,562610,401104,
L900071,2025-10-04,738306,718297,533735,
L900071,2025-10-05,765852,750886,576630,
L900071,2025-10-06,598039,581414,456763,
L900071,2025-10-07,610443,589595,420850,
L900071,2025-10-08,572350,549514,402543,
L900071,2025-10-09,627687,607826,438275,
L900071,2025-10-10,585012,562698,414584,
L900071,2025-10-11,699458,688841,520921,
L900071,2025-10-12,762687,753344,575051,
L900071,2025-10-13,583427,571104,436352,
L900071,2025-10-14,533903,518266,369125,
L900071,2025-10-15,541104,521935,386328,
L900071,2025-10-16,656945,639325,465401,
L900071,2025-10-17,576444,562672,413946,
L900071,2025-10-18,758712,728923,532439,
L900071,2025-10-19,694508,686230,489345,
L900071,2025-10-20,571888,554596,423461,
L900071,2025-10-21,603657,588912,427080,
L900071,2025-10-22,658564,651663,474603,
L900071,2025-10-23,667376,641409,492648,
L900071,2025-10-24,601983,594532,422134,
L900071,2025-10-25,858343,836468,625465,
L900071,2025-10-26,706669,692869,525972,
L900072,2025-05-08,13317,12810,11999,
L900072,2025-05-09,12360,11934,11054,
L900072,2025-05-10,15368,14966,14210,
L900072,2025-05-11,14919,14701,13922,
L900072,2025-05-12,11811,11407,10638,
L900072,2025-05-13,12815,12465,12213,
L900072,2025-05-14,11516,11264,10825,
L900072,2025-05-15,12470,12056,11455,
L900072,2025-05-16,10581,10339,9552,
L900072,2025-05-17,13679,13456,12207,
L900072,2025-05-18,16234,15959,15278,
L900072,2025-05-19,12024,11621,10530,
L900072,2025-05-20,10294,10005,9504,
L900072,2025-05-21,13953,13732,12853,
L900072,2025-05-22,12886,12638,11884,
L900072,2025-05-23,12106,11801,11497,
L900072,2025-05-24,14187,13689,12815,
L900072,2025-05-25,16246,15613,14846,
L900072,2025-05-26,13105,12628,11823,
L900072,2025-05-27,13409,13024,12444,
L900072,2025-05-28,12472,12102,11528,
L900072,2025-05-29,11566,11349,10781,
L900072,2025-05-30,11626,11341,10991,
L900072,2025-05-31,14354,13948,12833,
L900072,2025-06-01,12630,12468,11414,
L900072,2025-06-02,12649,12153,11265,
L900072,2025-06-03,12342,12087,11515,
L900072,2025-06-04,11991,11718,11234,
L900072,2025-06-05,12206,11948,10703,
L900072,2025-06-06,11741,11442,10967,
L900072,2025-06-07,16505,15966,15706,
L900072,2025-06-08,12999,12528,11813,
L900072,2025-06-09,10543,10239,10038,
L900072,2025-06-10,13030,12749,12200,
L900072,2025-06-11,12213,12027,11757,
L900072,2025-06-12,13221,13033,12683,
L900072,2025-06-13,12493,12249,11550,
L900072,2025-06-14,15486,15289,14774,
L900072,2025-06-15,14368,13857,13066,
L900072,2025-06-16,13146,12679,12467,
L900072,2025-06-17,11330,11112,10497,
L900072,2025-06-18,12391,12198,11706,
L900072,2025-06-19,11549,11165,11027,
L900072,2025-06-20,12460,12191,11711,
L900072,2025-06-21,16644,16424,15455,
L900072,2025-06-22,14487,14169,13105,
L900072,2025-06-23,11887,11473,10557,
L900072,2025-06-24,12774,12373,11858,
L900072,2025-06-25,11786,11616,11011,
L900072,2025-06-26,12787,12540,11628,
L900072,2025-06-27,12250,12064,11629,
L900072,2025-06-28,12510,12302,11855,
L900072,2025-06-29,12636,12214,11574,
L900072,2025-06-30,10931,10609,10382,
L900072,2025-07-01,10937,10541,9666,
L900072,2025-07-02,12182,11849,11158,
L900072,2025-07-03,10602,10205,9802,
L900072,2025-07-04,10133,9834,9138,
L900072,2025-07-05,13919,13376,12921,
L900072,2025-07-06,16103,15650,15212,
L900072,2025-07-07,11905,11752,10593,
L900072,2025-07-08,12430,12138,11888,
L900072,2025-07-09,13243,12895,12369,
L900072,2025-07-10,10906,10637,9993,
L900072,2025-07-11,13918,13523,12463,
L900072,2025-07-12,13251,12918,12515,
L900072,2025-07-13,14087,13929,12903,
L900072,2025-07-14,13526,13295,12752,
L900072,2025-07-15,11685,11500,10661,
L900072,2025-07-16,14027,13815,13117,
L900072,2025-07-17,13400,12944,12528,
L900072,2025-07-18,11551,11102,10433,
L900072,2025-07-19,16279,15634,15309,
L900072,2025-07-20,12400,11950,11483,
L900072,2025-07-21,11936,11600,10780,
L900072,2025-07-22,12305,11943,11023,
L900072,2025-07-23,11603,11433,10678,
L900072,2025-07-24,11571,11394,10808,
L900072,2025-07-25,11074,10814,10613,
L900072,2025-07-26,15166,14965,14753,
L900072,2025-07-27,14404,14069,13211,
L900072,2025-07-28,13749,13430,12603,
L900072,2025-07-29,11881,11748,11329,
L900072,2025-07-30,10859,10654,10272,
L900072,2025-07-31,12615,12475,12167,
L900072,2025-08-01,12911,12585,12282,
L900072,2025-08-02,14462,14227,13270,
L900072,2025-08-03,17053,16693,15348,
L900072,2025-08-04,10677,10545,10136,
L900072,2025-08-05,13620,13386,12767,
L900072,2025-08-06,13017,12704,11561,
L900073,2025-05-08,19952,19952,11746,47157.6
L900073,2025-05-09,24927,24927,14458,60314.9
L900073,2025-05-10,18407,18407,10849,36873.1
L900073,2025-05-11,17887,17887,12466,56341.2
L900073,2025-05-12,20307,20307,14160,64484.1
L900073,2025-05-13,20120,20120,11493,40761.9
L900073,2025-05-14,16857,16857,11071,30741.1
L900073,2025-05-15,17052,17052,9650,45194.6
L900073,2025-05-16,16010,16010,9414,32269.1
L900073,2025-05-17,14000,14000,8876,38338.9
L900073,2025-05-18,11999,11999,7932,24189.9
L900073,2025-05-19,13407,13407,9014,42730.0
L900073,2025-05-20,12684,12684,8177,26101.0
L900073,2025-05-21,12261,12261,8093,28141.9
L900073,2025-05-22,10930,10930,6105,22474.9
L900073,2025-05-23,8816,8816,6023,28123.6
L900073,2025-05-24,10050,10050,6036,23318.3
L900073,2025-05-25,8852,8852,4934,20762.0
L900073,2025-05-26,7935,7935,5355,21342.0
L900073,2025-05-27,7621,7621,5016,22941.4
L900073,2025-05-28,6884,6884,4038,20632.2
L900073,2025-05-29,7583,7583,4301,14237.8
L900073,2025-05-30,5628,5628,3430,16378.5
L900073,2025-05-31,5563,5563,3289,16459.5
L900073,2025-06-01,5626,5626,3099,15396.1
L900073,2025-06-02,6362,6362,3717,16429.5
L900073,2025-06-03,5703,5703,3397,11239.7
L900073,2025-06-04,4061,4061,2575,8154.1
L900073,2025-06-05,5194,5194,3548,9870.8
L900073,2025-06-06,4891,4891,3258,9998.8
L900073,2025-06-07,3582,3582,2325,8998.7
L900073,2025-06-08,2858,2858,1694,6742.1
L900073,2025-06-09,3573,3573,2271,10033.5
L900073,2025-06-10,3770,3770,2444,8823.9
L900073,2025-06-11,3700,3700,2209,8094.1
L900073,2025-06-12,2744,2744,1705,6328.1
L900073,2025-06-13,3327,3327,1955,6327.3
L900073,2025-06-14,2072,2072,1193,5546.1
L900073,2025-06-15,2418,2418,1354,4645.1
L900073,2025-06-16,2266,2266,1578,4928.0
L900073,2025-06-17,2484,2484,1395,7136.5
L900073,2025-06-18,2370,2370,1542,5360.8
L900073,2025-06-19,2164,2164,1278,5620.8
L900073,2025-06-20,1609,1609,1046,4194.2
L900073,2025-06-21,1903,1903,1153,6049.0
L900073,2025-06-22,1734,1734,1107,4215.7
L900073,2025-06-23,1294,1294,808,3787.3
L900073,2025-06-24,1161,1161,649,3395.7
L900073,2025-06-25,1521,1521,1021,2776.5
L900073,2025-06-26,1274,1274,732,4034.7
L900073,2025-06-27,1065,1065,692,2023.0
L900073,2025-06-28,1127,1127,766,2811.4
L900073,2025-06-29,1123,1123,640,3061.6
L900073,2025-06-30,1012,1012,579,1925.4
L900073,2025-07-01,812,812,471,1738.6
L900073,2025-07-02,1076,1076,707,3301.5
L900073,2025-07-03,938,938,603,2296.1
L900073,2025-07-04,776,776,492,1889.9
L900073,2025-07-05,734,734,407,2302.4
L900073,2025-07-06,737,737,457,1403.2
L900073,2025-07-07,595,595,365,1815.0
L900073,2025-07-08,652,652,381,1901.9
L900073,2025-07-09,515,515,359,1060.7
L900073,2025-07-10,556,556,342,1303.9
L900073,2025-07-11,466,466,309,1139.2
L900073,2025-07-12,441,441,264,1149.9
L900073,2025-07-13,545,545,343,1455.3
L900073,2025-07-14,443,443,286,1058.1
L900073,2025-07-15,423,423,247,1138.9
L900073,2025-07-16,312,312,181,837.2
L900073,2025-07-17,346,346,219,1066.4
L900073,2025-07-18,362,362,236,754.5
L900073,2025-07-19,332,332,212,890.4
L900073,2025-07-20,241,241,146,538.0
L900073,2025-07-21,295,295,163,742.7
L900073,2025-07-22,282,282,185,735.9
L900073,2025-07-23,289,289,173,614.5
L900073,2025-07-24,226,226,129,457.0
L900073,2025-07-25,176,176,112,403.5
L900073,2025-07-26,193,193,106,441.7
L900073,2025-07-27,179,179,120,390.4
L900073,2025-07-28,204,204,120,550.0
L900073,2025-07-29,130,130,87,285.7
L900073,2025-07-30,161,161,88,301.1
L900073,2025-07-31,181,181,103,571.1
L900073,2025-08-01,149,149,92,332.1
L900073,2025-08-02,153,153,96,438.7
L900073,2025-08-03,110,110,68,243.9
L900073,2025-08-04,105,105,64,255.2
L900073,2025-08-05,134,134,79,417.7
L900073,2025-08-06,112,112,68,233.2
L900074,2025-05-08,13620,13439,9971,
L900074,2025-05-09,13586,13216,10093,
L900074,2025-05-10,22058,21831,16366,
L900074,2025-05-11,17187,16631,11464,
L900074,2025-05-12,12942,12552,9678,
L900074,2025-05-13,13726,13186,9659,
L900074,2025-05-14,15742,15227,11719,
L900074,2025-05-15,14719,14269,10443,
L900074,2025-05-16,15043,14540,10577,
L900074,2025-05-17,17275,16687,12485,
L900074,2025-05-18,18375,17964,14059,
L900074,2025-05-19,15483,15043,11478,
L900074,2025-05-20,13676,13240,9936,
L900074,2025-05-21,14092,13708,10252,
L900074,2025-05-22,15782,15239,11292,
L900074,2025-05-23,17838,17373,13352,
L900074,2025-05-24,19812,19066,14400,
L900074,2025-05-25,20661,20381,14496,
L900074,2025-05-26,16597,16214,11676,
L900074,2025-05-27,14282,13864,10415,
L900074,2025-05-28,16433,16056,11511,
L900074,2025-05-29,14344,13933,10337,
L900074,2025-05-30,14735,14287,10816,
L900074,2025-05-31,23084,22194,16609,
L900074,2025-06-01,17042,16549,11817,
L900074,2025-06-02,14568,14188,10232,
L900074,2025-06-03,15517,14900,11160,
L900074,2025-06-04,14403,13985,10904,
L900074,2025-06-05,14078,13561,10002,
L900074,2025-06-06,15722,15342,11626,
L900074,2025-06-07,19957,19435,14548,
L900074,2025-06-08,19629,19240,13981,
L900074,2025-06-09,16056,15619,11840,
L900074,2025-06-10,16768,16215,11458,
L900074,2025-06-11,13872,13349,10098,
L900074,2025-06-12,11785,11424,8566,
L900074,2025-06-13,16226,15718,11450,
L900074,2025-06-14,17484,17059,12257,
L900074,2025-06-15,17351,17099,12484,
L900074,2025-06-16,14140,13930,10102,
L900074,2025-06-17,14633,14382,10561,
L900074,2025-06-18,17200,16827,12319,
L900074,2025-06-19,15369,14915,10865,
L900074,2025-06-20,14252,13802,9743,
L900074,2025-06-21,15830,15509,11102,
L900074,2025-06-22,18373,17774,13535,
L900074,2025-06-23,12820,12681,9244,
L900074,2025-06-24,13322,13090,9617,
L900074,2025-06-25,16245,16021,11712,
L900074,2025-06-26,14901,14726,11325,
L900074,2025-06-27,15506,15021,10887,
L900074,2025-06-28,18337,17725,12823,
L900074,2025-06-29,18716,18365,13779,
L900074,2025-06-30,13322,13103,9742,
L900074,2025-07-01,14817,14576,10945,
L900074,2025-07-02,15952,15460,11588,
L900074,2025-07-03,14595,14064,10669,
L900074,2025-07-04,13913,13594,9700,
L900074,2025-07-05,13478,13182,9736,
L900074,2025-07-06,16917,16364,12239,
L900074,2025-07-07,12599,12324,8960,
L900074,2025-07-08,15520,15287,10997,
L900074,2025-07-09,15447,15266,11126,
L900074,2025-07-10,14918,14436,10854,
L900074,2025-07-11,16098,15733,11671,
L900074,2025-07-12,16928,16395,11982,
L900074,2025-07-13,19029,18596,13381,
L900074,2025-07-14,14745,14274,10452,
L900074,2025-07-15,14834,14423,10381,
L900074,2025-07-16,12741,12237,9182,
L900074,2025-07-17,16111,15833,11148,
L900074,2025-07-18,15399,15169,11553,
L900074,2025-07-19,18970,18609,13615,
L900074,2025-07-20,16740,16156,11981,
L900074,2025-07-21,15254,14746,10940,
L900074,2025-07-22,14742,14414,10354,
L900074,2025-07-23,15463,15076,11298,
L900074,2025-07-24,15198,14648,10872,
L900074,2025-07-25,16967,16656,12117,
L900074,2025-07-26,19963,19597,14214,
L900074,2025-07-27,19713,19053,14569,
L900074,2025-07-28,14607,14274,11036,
L900074,2025-07-29,15519,15278,11037,
L900074,2025-07-30,14510,14209,10836,
L900074,2025-07-31,16062,15844,11389,
L900074,2025-08-01,14791,14457,10757,
L900074,2025-08-02,17371,17162,13509,
L900074,2025-08-03,18445,17762,13121,
L900074,2025-08-04,16383,15805,11580,
L900074,2025-08-05,16163,15985,11295,
L900074,2025-08-06,14415,14269,10858,
L900075,2025-05-02,2725,2652,1915,
L900075,2025-05-03,3676,3535,2571,
L900075,2025-05-04,3441,3321,2515,
L900075,2025-05-05,2778,2738,1918,
L900075,2025-05-06,2602,2557,1892,
L900075,2025-05-07,2472,2408,1767,
L900075,2025-05-08,2581,2501,1932,
L900075,2025-05-09,3408,3358,2413,
L900075,2025-05-10,3589,3482,2509,
L900075,2025-05-11,3429,3321,2577,
L900075,2025-05-12,2796,2743,2014,
L900075,2025-05-13,2686,2611,1991,
L900075,2025-05-14,2146,2081,1521,
L900075,2025-05-15,2894,2847,2069,
L900075,2025-05-16,3105,2993,2286,
L900075,2025-05-17,3119,3067,2397,
L900075,2025-05-18,3116,2994,2292,
L900075,2025-05-19,2939,2822,2059,
L900075,2025-05-20,2810,2723,2013,
L900075,2025-05-21,2953,2885,2081,
L900075,2025-05-22,2850,2808,2034,
L900075,2025-05-23,2622,2547,1843,
L900075,2025-05-24,3193,3071,2246,
L900075,2025-05-25,3638,3571,2651,
L900075,2025-05-26,3364,3251,2262,
L900075,2025-05-27,3014,2898,2144,
L900075,2025-05-28,3094,2972,2241,
L900075,2025-05-29,2866,2828,2102,
L900075,2025-05-30,2732,2694,2026,
L900075,2025-05-31,2988,2878,2174,
L900075,2025-06-01,3510,3451,2520,
L900075,2025-06-02,2851,2754,2029,
L900075,2025-06-03,3206,3160,2542,
L900075,2025-06-04,3188,3092,2253,
L900075,2025-06-05,3051,2964,2233,
L900075,2025-06-06,2690,2611,1866,
L900075,2025-06-07,3498,3432,2595,
L900075,2025-06-08,3063,2976,2159,
L900075,2025-06-09,3038,2946,2182,
L900075,2025-06-10,3234,3137,2232,
L900075,2025-06-11,3451,3383,2399,
L900075,2025-06-12,2433,2370,1751,
L900075,2025-06-13,2641,2535,1873,
L900075,2025-06-14,3496,3454,2542,
L900075,2025-06-15,3279,3243,2427,
L900075,2025-06-16,2831,2724,2075,
L900075,2025-06-17,2863,2797,2015,
L900075,2025-06-18,2512,2427,1787,
L900075,2025-06-19,2610,2510,1789,
L900075,2025-06-20,3027,2970,2092,
L900075,2025-06-21,3914,3822,2840,
L900075,2025-06-22,3504,3383,2433,
L900075,2025-06-23,3082,3023,2236,
L900075,2025-06-24,2745,2667,1984,
L900075,2025-06-25,2514,2430,1718,
L900075,2025-06-26,2644,2543,1899,
L900075,2025-06-27,2904,2869,2183,
L900075,2025-06-28,3257,3180,2389,
L900075,2025-06-29,3484,3349,2415,
L900075,2025-06-30,2994,2892,2136,
L900075,2025-07-01,2758,2721,2015,
L900075,2025-07-02,2875,2776,2045,
L900075,2025-07-03,2809,2730,1948,
L900075,2025-07-04,2922,2886,2089,
L900075,2025-07-05,3229,3171,2331,
L900075,2025-07-06,3723,3577,2660,
L900075,2025-07-07,2781,2690,1959,
L900075,2025-07-08,3052,2958,2047,
L900075,2025-07-09,3090,2993,2102,
L900075,2025-07-10,2576,2493,1819,
L900075,2025-07-11,3409,3293,2547,
L900075,2025-07-12,3715,3578,2673,
L900075,2025-07-13,2992,2899,2154,
L900075,2025-07-14,2777,2721,1969,
L900075,2025-07-15,2941,2886,2108,
L900075,2025-07-16,3107,3021,2118,
L900075,2025-07-17,2922,2870,2073,
L900075,2025-07-18,2809,2753,2053,
L900075,2025-07-19,3202,3137,2331,
L900075,2025-07-20,3457,3399,2470,
L900075,2025-07-21,2795,2728,2010,
L900075,2025-07-22,2726,2619,1938,
L900075,2025-07-23,2840,2773,2018,
L900075,2025-07-24,3274,3231,2417,
L900075,2025-07-25,2816,2783,2067,
L900075,2025-07-26,3227,3128,2287,
L900075,2025-07-27,3426,3361,2403,
L900075,2025-07-28,2995,2887,2107,
L900075,2025-07-29,2822,2781,2026,
L900075,2025-07-30,3592,3489,2535,
L900075,2025-07-31,2424,2369,1677,
L900076,2025-05-02,36343,34943,32719,
L900076,2025-05-03,43812,43224,41703,
L900076,2025-05-04,39143,38345,36228,
L900076,2025-05-05,33308,32621,31562,
L900076,2025-05-06,33877,33510,31380,
L900076,2025-05-07,32375,31505,31178,
L900076,2025-05-08,33493,32440,31382,
L900076,2025-05-09,34251,33359,31873,
L900076,2025-05-10,40091,38713,37472,
L900076,2025-05-11,42030,40396,38589,
L900076,2025-05-12,31011,29963,28695,
L900076,2025-05-13,32657,31662,29883,
L900076,2025-05-14,39869,38459,35352,
L900076,2025-05-15,35351,34505,32184,
L900076,2025-05-16,33178,32638,32311,
L900076,2025-05-17,36685,35621,33324,
L900076,2025-05-18,39690,38158,35603,
L900076,2025-05-19,35155,33919,31860,
L900076,2025-05-20,34551,33748,31163,
L900076,2025-05-21,28087,27759,26243,
L900076,2025-05-22,28713,27928,27379,
L900076,2025-05-23,28815,27954,25976,
L900076,2025-05-24,41061,39970,37502,
L900076,2025-05-25,34917,33873,33534,
L900076,2025-05-26,30202,29784,28177,
L900076,2025-05-27,32284,31885,30743,
L900076,2025-05-28,34047,32848,30662,
L900076,2025-05-29,31977,30890,29205,
L900076,2025-05-30,34800,33951,31460,
L900076,2025-05-31,46162,44527,41624,
L900076,2025-06-01,39718,39074,36213,
L900076,2025-06-02,29423,28254,26347,
L900076,2025-06-03,30284,29087,27391,
L900076,2025-06-04,30262,29351,28291,
L900076,2025-06-05,30776,30074,28032,
L900076,2025-06-06,31801,30631,29707,
L900076,2025-06-07,40429,39059,37028,
L900076,2025-06-08,35189,33791,31329,
L900076,2025-06-09,29475,28315,27639,
L900076,2025-06-10,34227,33060,30837,
L900076,2025-06-11,31351,30480,28452,
L900076,2025-06-12,30506,29689,28477,
L900076,2025-06-13,32078,31501,31185,
L900076,2025-06-14,43721,42133,41129,
L900076,2025-06-15,41880,41336,38919,
L900076,2025-06-16,34403,33835,31907,
L900076,2025-06-17,37115,36037,34526,
L900076,2025-06-18,33522,33001,31434,
L900076,2025-06-19,37404,36398,33534,
L900076,2025-06-20,37662,36637,34668,
L900076,2025-06-21,35274,34684,32428,
L900076,2025-06-22,34496,33747,32500,
L900076,2025-06-23,30106,29215,27852,
L900076,2025-06-24,35812,35253,33016,
L900076,2025-06-25,32129,31083,28718,
L900076,2025-06-26,31813,31254,30941,
L900076,2025-06-27,34876,33662,31800,
L900076,2025-06-28,37800,37015,35132,
L900076,2025-06-29,40159,38806,36540,
L900076,2025-06-30,34225,32936,30661,
L900076,2025-07-01,30316,29925,28650,
L900076,2025-07-02,29763,29385,28344,
L900076,2025-07-03,32796,32207,29419,
L900076,2025-07-04,33121,32348,29640,
L900076,2025-07-05,41950,40597,38365,
L900076,2025-07-06,45631,44473,43202,
L900076,2025-07-07,30047,29056,26428,
L900076,2025-07-08,30850,29816,27596,
L900076,2025-07-09,37629,36932,35077,
L900076,2025-07-10,35285,34880,32937,
L900076,2025-07-11,32361,31194,29613,
L900076,2025-07-12,43264,41698,39872,
L900076,2025-07-13,36383,35250,34631,
L900076,2025-07-14,32064,30846,29022,
L900076,2025-07-15,25401,25125,24187,
L900076,2025-07-16,33098,32351,30798,
L900076,2025-07-17,31775,31210,29290,
L900076,2025-07-18,31862,31542,30257,
L900076,2025-07-19,41778,41072,38828,
L900076,2025-07-20,42763,41169,39045,
L900076,2025-07-21,31509,30927,29503,
L900076,2025-07-22,29262,28932,27620,
L900076,2025-07-23,28782,28202,26212,
L900076,2025-07-24,27531,26539,25119,
L900076,2025-07-25,37061,35636,33770,
L900076,2025-07-26,41792,40588,40182,
L900076,2025-07-27,41030,39929,37321,
L900076,2025-07-28,31185,30759,29221,
L900076,2025-07-29,31171,30310,28456,
L900076,2025-07-30,35421,34887,33858,
L900076,2025-07-31,28507,27931,26077,
L900077,2026-05-21,167092,164065,125158,
L900077,2026-05-22,193916,191735,140098,
L900077,2026-05-23,186599,183790,138168,
L900077,2026-05-24,182484,177792,131064,
L900077,2026-05-25,154156,150931,103775,
L900077,2026-05-26,161022,156973,115587,
L900077,2026-05-27,175666,172986,128028,
L900077,2026-05-28,143444,139487,102500,
L900077,2026-05-29,132776,129943,93010,
L900077,2026-05-30,202832,199783,146851,
L900077,2026-05-31,207264,204791,143489,
L900077,2026-06-01,156357,150960,110274,
L900077,2026-06-02,171643,166135,125175,
L900077,2026-06-03,167643,162880,125552,
L900077,2026-06-04,154755,151535,116182,
L900077,2026-06-05,146130,141281,101493,
L900077,2026-06-06,204642,201812,143267,
L900077,2026-06-07,201863,196457,145776,
L900077,2026-06-08,173123,170293,125814,
L900077,2026-06-09,160165,156012,117037,
L900077,2026-06-10,150997,145629,105708,
L900077,2026-06-11,165502,161393,119336,
L900077,2026-06-12,154254,152392,112517,
L900077,2026-06-13,217641,210109,153619,
L900077,2026-06-14,185730,180065,127099,
L900077,2026-06-15,158910,152744,115037,
L900077,2026-06-16,170117,168190,124824,
L900077,2026-06-17,171643,168803,127382,
L900077,2026-06-18,173647,168489,127998,
L900077,2026-06-19,179477,174420,128478,
L900077,2026-06-20,172527,168388,126842,
L900077,2026-06-21,205072,201253,155246,
L900077,2026-06-22,175794,173587,135208,
L900077,2026-06-23,167357,164301,122334,
L900077,2026-06-24,141783,136738,102028,
L900077,2026-06-25,152402,147437,109727,
L900077,2026-06-26,160145,154935,116113,
L900077,2026-06-27,191516,184933,140308,
L900077,2026-06-28,150969,147527,109730,
L900077,2026-06-29,174789,172729,134279,
L900077,2026-06-30,168787,166058,128478,
L900077,2026-07-01,161605,155624,115170,
L900077,2026-07-02,166203,159976,118372,
L900078,2026-03-05,12598,12288,11154,
L900078,2026-03-06,13695,13244,12319,
L900078,2026-03-07,15448,14990,13770,
L900078,2026-03-08,16549,16228,15345,
L900078,2026-03-09,11951,11622,10509,
L900078,2026-03-10,14143,13966,12604,
L900078,2026-03-11,13715,13419,12913,
L900078,2026-03-12,14842,14546,13742,
L900078,2026-03-13,13885,13700,13358,
L900078,2026-03-14,12936,12767,11754,
L900078,2026-03-15,16986,16538,15268,
L900078,2026-03-16,14443,13886,12903,
L900078,2026-03-17,13278,13075,12087,
L900078,2026-03-18,12591,12197,11209,
L900078,2026-03-19,13425,12902,11798,
L900078,2026-03-20,14142,13843,13054,
L900078,2026-03-21,17305,16729,15180,
L900078,2026-03-22,13744,13256,12326,
L900078,2026-03-23,16187,15589,14892,
L900078,2026-03-24,12557,12420,11656,
L900078,2026-03-25,13905,13606,12281,
L900078,2026-03-26,14580,14300,13251,
L900078,2026-03-27,13045,12592,11716,
L900078,2026-03-28,17363,16834,15401,
L900078,2026-03-29,13734,13549,12688,
L900078,2026-03-30,10992,10804,9982,
L900078,2026-03-31,14388,14025,13205,
L900078,2026-04-01,14236,13740,12948,
L900078,2026-04-02,15674,15113,13877,
L900078,2026-04-03,13558,13215,12174,
L900078,2026-04-04,17124,16638,15452,
L900078,2026-04-05,18094,17508,16096,
L900078,2026-04-06,14619,14130,13308,
L900078,2026-04-07,13106,12760,12005,
L900078,2026-04-08,13415,12944,12130,
L900078,2026-04-09,12922,12544,11489,
L900078,2026-04-10,12788,12387,11102,
L900078,2026-04-11,16978,16372,14821,
L900078,2026-04-12,15629,15179,14313,
L900078,2026-04-13,14022,13619,12182,
L900078,2026-04-14,13043,12646,11877,
L900078,2026-04-15,13195,12988,12427,
L900078,2026-04-16,12276,12002,10670,
L900078,2026-04-17,13992,13703,12596,
L900078,2026-04-18,13668,13469,12483,
L900078,2026-04-19,17472,16873,15265,
L900078,2026-04-20,15596,15063,13756,
L900078,2026-04-21,13231,12993,11766,
L900078,2026-04-22,13184,12930,11990,
L900078,2026-04-23,11574,11394,11240,
L900078,2026-04-24,12619,12190,11216,
L900078,2026-04-25,17139,16602,16042,
L900078,2026-04-26,17340,16803,15223,
L900078,2026-04-27,13365,13182,11763,
L900078,2026-04-28,14088,13876,12450,
L900078,2026-04-29,12296,11916,11081,
L900078,2026-04-30,13608,13406,12397,
L900078,2026-05-01,14737,14368,13570,
L900078,2026-05-02,16727,16358,14810,
L900078,2026-05-03,18069,17846,16310,
L900078,2026-05-04,14966,14372,13947,
L900078,2026-05-05,13679,13322,12664,
L900078,2026-05-06,9899,9741,9021,
L900078,2026-05-07,14299,13731,13023,
L900078,2026-05-08,11858,11516,10642,
L900078,2026-05-09,12679,12431,11663,
L900078,2026-05-10,13510,13280,12650,
L900078,2026-05-11,14383,14102,12981,
L900078,2026-05-12,13688,13169,12189,
L900078,2026-05-13,13394,13166,11942,
L900078,2026-05-14,13794,13371,11996,
L900078,2026-05-15,11216,11032,10232,
L900078,2026-05-16,15637,15221,14238,
L900078,2026-05-17,15080,14593,14121,
L900078,2026-05-18,13309,13056,12202,
L900078,2026-05-19,13347,12885,12241,
L900078,2026-05-20,13745,13371,12553,
L900078,2026-05-21,13914,13632,12180,
L900078,2026-05-22,11262,10865,10087,
L900078,2026-05-23,15655,15440,14538,
L900078,2026-05-24,15932,15648,14734,
L900078,2026-05-25,11830,11503,10695,
L900078,2026-05-26,11730,11355,10648,
L900078,2026-05-27,11165,10869,10183,
L900078,2026-05-28,11596,11305,10426,
L900078,2026-05-29,14081,13652,12758,
L900078,2026-05-30,13812,13330,12217,
L900078,2026-05-31,13996,13819,12383,
L900078,2026-06-01,13264,12959,12197,
L900078,2026-06-02,13603,13066,12308,
L900078,2026-06-03,13127,12633,11679,
L900079,2026-03-05,102735,99856,71254,
L900079,2026-03-06,99284,96929,71899,
L900079,2026-03-07,127687,123122,98656,
L900079,2026-03-08,115023,112508,82974,
L900079,2026-03-09,94355,90659,66384,
L900079,2026-03-10,103527,100531,76091,
L900079,2026-03-11,102653,100779,74190,
L900079,2026-03-12,102818,99191,70621,
L900079,2026-03-13,100929,98685,72273,
L900079,2026-03-14,129663,124931,93845,
L900079,2026-03-15,126482,122646,90139,
L900079,2026-03-16,91825,90533,67971,
L900079,2026-03-17,100556,99336,74992,
L900079,2026-03-18,117698,114439,84254,
L900079,2026-03-19,97766,93978,69512,
L900079,2026-03-20,109454,107017,78517,
L900079,2026-03-21,123085,119327,89646,
L900079,2026-03-22,134033,131344,96284,
L900079,2026-03-23,92393,90309,67652,
L900079,2026-03-24,99947,96646,71932,
L900079,2026-03-25,107771,104250,73206,
L900079,2026-03-26,107174,105036,78807,
L900079,2026-03-27,111911,110161,81777,
L900079,2026-03-28,108512,106273,81356,
L900079,2026-03-29,133140,128502,91998,
L900079,2026-03-30,99773,97645,72708,
L900079,2026-03-31,112275,108783,79437,
L900079,2026-04-01,113516,111576,78565,
L900079,2026-04-02,97603,94225,65836,
L900079,2026-04-03,98839,96164,74061,
L900079,2026-04-04,150122,144459,107577,
L900079,2026-04-05,122318,119859,88164,
L900079,2026-04-06,110516,108162,76658,
L900079,2026-04-07,101607,97625,75044,
L900079,2026-04-08,97576,95630,69333,
L900079,2026-04-09,106596,103418,77114,
L900079,2026-04-10,101159,97702,72449,
L900079,2026-04-11,135171,132699,103402,
L900079,2026-04-12,127600,123349,91176,
L900079,2026-04-13,119496,116645,85036,
L900079,2026-04-14,95202,93825,69900,
L900079,2026-04-15,115651,111176,83073,
L900079,2026-04-16,105657,103249,73413,
L900079,2026-04-17,105986,104454,79872,
L900079,2026-04-18,116175,112310,82559,
L900079,2026-04-19,124906,123115,89387,
L900079,2026-04-20,108596,104461,78227,
L900079,2026-04-21,110171,107887,77728,
L900079,2026-04-22,92462,89253,66515,
L900079,2026-04-23,102174,98552,76551,
L900079,2026-04-24,122537,121126,94455,
L900079,2026-04-25,119207,115057,86452,
L900079,2026-04-26,137883,132683,100197,
L900079,2026-04-27,103465,101651,77822,
L900079,2026-04-28,106488,103862,77123,
L900079,2026-04-29,93383,92201,69417,
L900079,2026-04-30,104265,100446,75263,
L900079,2026-05-01,108487,105359,78346,
L900079,2026-05-02,128430,123884,93623,
L900079,2026-05-03,126850,123433,87748,
L900079,2026-05-04,111331,108271,78368,
L900079,2026-05-05,95203,92821,66789,
L900079,2026-05-06,108897,105852,78126,
L900079,2026-05-07,88316,87151,63823,
L900079,2026-05-08,116444,112149,81978,
L900079,2026-05-09,127195,124331,94598,
L900079,2026-05-10,137105,133804,101749,
L900079,2026-05-11,82865,80202,62130,
L900079,2026-05-12,111905,109232,86209,
L900079,2026-05-13,99819,96992,68353,
L900079,2026-05-14,106545,105443,77447,
L900079,2026-05-15,112052,110091,83834,
L900079,2026-05-16,128001,126095,92703,
L900079,2026-05-17,134292,131634,96734,
L900079,2026-05-18,103588,99576,75751,
L900079,2026-05-19,117215,113891,86748,
L900079,2026-05-20,105051,102645,71564,
L900079,2026-05-21,105221,102598,74367,
L900079,2026-05-22,105379,104111,75644,
L900079,2026-05-23,128688,125247,90079,
L900079,2026-05-24,115694,112886,86296,
L900079,2026-05-25,98223,95014,70310,
L900079,2026-05-26,114615,111108,84251,
L900079,2026-05-27,113255,109836,81943,
L900079,2026-05-28,112651,110634,84907,
L900079,2026-05-29,110104,106980,75234,
L900079,2026-05-30,123451,120000,90471,
L900079,2026-05-31,122435,121011,93469,
L900079,2026-06-01,105946,102977,76378,
L900079,2026-06-02,116065,112504,82841,
L900079,2026-06-03,107985,106080,80406,
L900080,2026-01-10,29497,28509,26986,
L900080,2026-01-11,30345,29730,28521,
L900080,2026-01-12,21793,20994,18814,
L900080,2026-01-13,26472,25525,24180,
L900080,2026-01-14,24551,24254,22750,
L900080,2026-01-15,26423,26007,23763,
L900080,2026-01-16,23526,22711,21207,
L900080,2026-01-17,32370,31262,28344,
L900080,2026-01-18,29708,28534,26397,
L900080,2026-01-19,25770,25272,23498,
L900080,2026-01-20,23847,22925,21892,
L900080,2026-01-21,23861,23023,21276,
L900080,2026-01-22,21761,21055,19280,
L900080,2026-01-23,25966,25096,23500,
L900080,2026-01-24,31634,31291,29445,
L900080,2026-01-25,35228,34116,31217,
L900080,2026-01-26,21706,21153,19227,
L900080,2026-01-27,23533,22952,20898,
L900080,2026-01-28,25123,24781,23667,
L900080,2026-01-29,28008,27536,25886,
L900080,2026-01-30,29208,28653,26443,
L900080,2026-01-31,26244,25282,24044,
L900080,2026-02-01,25746,25079,22944,
L900080,2026-02-02,25974,25414,23582,
L900080,2026-02-03,24555,23685,21467,
L900080,2026-02-04,24915,24486,23263,
L900080,2026-02-05,24976,24417,22302,
L900080,2026-02-06,22448,21950,20058,
L900080,2026-02-07,31134,30461,28538,
L900080,2026-02-08,28253,27610,24456,
L900080,2026-02-09,25774,25150,22937,
L900081,2026-01-10,626073,613270,441702,
L900081,2026-01-11,674547,657960,517915,
L900081,2026-01-12,583476,563623,418616,
L900081,2026-01-13,566293,556134,392062,
L900081,2026-01-14,501062,481318,332004,
L900081,2026-01-15,626671,605727,466741,
L900081,2026-01-16,567789,552435,410294,
L900081,2026-01-17,583666,567495,417457,
L900081,2026-01-18,761935,748315,555719,
L900081,2026-01-19,525623,516347,363941,
L900081,2026-01-20,611277,599776,442993,
L900081,2026-01-21,473124,455084,328349,
L900081,2026-01-22,494227,479615,353651,
L900081,2026-01-23,559620,540537,394557,
L900081,2026-01-24,707806,682918,506435,
L900081,2026-01-25,723014,701395,514021,
L900081,2026-01-26,684603,668391,487063,
L900081,2026-01-27,510707,493167,354820,
L900081,2026-01-28,541199,521115,367703,
L900081,2026-01-29,563461,546361,383487,
L900081,2026-01-30,557609,536081,382212,
L900081,2026-01-31,646055,635904,478257,
L900081,2026-02-01,789211,764038,548915,
L900081,2026-02-02,543869,536575,389298,
L900081,2026-02-03,512181,505509,366848,
L900081,2026-02-04,586780,572987,418417,
L900081,2026-02-05,649547,623602,466653,
L900081,2026-02-06,506009,491161,359856,
L900081,2026-02-07,623635,611582,462356,
L900081,2026-02-08,579017,571922,407883,
L900081,2026-02-09,524438,516714,389426,
L900082,2026-04-01,147924,144935,108787,
L900082,2026-04-02,132328,129276,97718,
L900082,2026-04-03,121015,118394,83243,
L900082,2026-04-04,166889,160512,115550,
L900082,2026-04-05,160414,155913,115748,
L900082,2026-04-06,135856,133264,101114,
L900082,2026-04-07,142079,137094,101984,
L900082,2026-04-08,128501,125124,92861,
L900082,2026-04-09,126858,123443,90862,
L900082,2026-04-10,161113,155848,115895,
L900082,2026-04-11,167065,161520,117245,
L900082,2026-04-12,174416,171854,129785,
L900082,2026-04-13,141389,139945,104160,
L900082,2026-04-14,144233,139358,106669,
L900082,2026-04-15,136229,134343,99105,
L900082,2026-04-16,142745,139644,100811,
L900082,2026-04-17,125560,121989,90141,
L900082,2026-04-18,138792,136528,103290,
L900082,2026-04-19,148834,147165,107514,
L900082,2026-04-20,130939,126543,93741,
L900082,2026-04-21,129549,126246,93251,
L900082,2026-04-22,132576,130853,95661,
L900082,2026-04-23,124972,120285,91612,
L900082,2026-04-24,110785,107471,79086,
L900082,2026-04-25,155207,149529,111903,
L900082,2026-04-26,142495,139493,101830,
L900082,2026-04-27,132121,128985,98209,
L900082,2026-04-28,136752,134610,96425,
L900082,2026-04-29,128017,126073,95528,
L900082,2026-04-30,120415,117052,86434,
L900082,2026-05-01,133114,129377,94740,
L900082,2026-05-02,196033,188807,138158,
L900082,2026-05-03,167058,162551,117796,
L900082,2026-05-04,138836,134551,101911,
L900082,2026-05-05,126946,124827,92235,
L900082,2026-05-06,123671,118727,85140,
L900082,2026-05-07,144261,138812,101182,
L900082,2026-05-08,107490,103690,80391,
L900082,2026-05-09,150909,147162,108174,
L900082,2026-05-10,182425,175986,129730,
L900082,2026-05-11,131471,129762,92836,
L900082,2026-05-12,115789,113647,83720,
L900082,2026-05-13,137078,132221,98651,
L900082,2026-05-14,128083,125545,92954,
L900082,2026-05-15,113633,111982,83897,
L900082,2026-05-16,163338,160386,125016,
L900083,2026-04-01,23522,23522,13726,71902.0
L900083,2026-04-02,24333,24333,15066,64242.1
L900083,2026-04-03,22278,22278,15113,56579.4
L900083,2026-04-04,22635,22635,13553,70464.0
L900083,2026-04-05,20483,20483,13527,56951.8
L900083,2026-04-06,16815,16815,10272,51351.6
L900083,2026-04-07,15154,15154,9455,29292.1
L900083,2026-04-08,17512,17512,9745,50044.5
L900083,2026-04-09,18292,18292,12045,54066.2
L900083,2026-04-10,15254,15254,8771,41013.8
L900083,2026-04-11,15411,15411,10635,39016.1
L900083,2026-04-12,14782,14782,10028,43437.0
L900083,2026-04-13,12978,12978,7619,24724.2
L900083,2026-04-14,10935,10935,6223,28971.0
L900083,2026-04-15,11430,11430,7926,22442.7
L900083,2026-04-16,11833,11833,8137,32809.5
L900083,2026-04-17,10470,10470,6311,27544.4
L900083,2026-04-18,10065,10065,6410,25630.9
L900083,2026-04-19,8411,8411,4937,23297.6
L900083,2026-04-20,8137,8137,4902,20313.8
L900083,2026-04-21,7729,7729,5102,14092.2
L900083,2026-04-22,7328,7328,4817,20698.9
L900083,2026-04-23,7747,7747,5076,18032.1
L900083,2026-04-24,4999,4999,3271,14750.9
L900083,2026-04-25,6171,6171,3888,17705.9
L900083,2026-04-26,5748,5748,3688,13194.3
L900083,2026-04-27,4708,4708,3175,9386.4
L900083,2026-04-28,5484,5484,3384,12236.3
L900083,2026-04-29,4489,4489,2810,11634.2
L900083,2026-04-30,4395,4395,3045,10024.1
L900083,2026-05-01,5086,5086,2967,11097.4
L900083,2026-05-02,4451,4451,2738,11977.8
L900083,2026-05-03,4026,4026,2675,11407.4
L900083,2026-05-04,3722,3722,2542,9718.4
L900083,2026-05-05,3321,3321,2129,8047.0
L900083,2026-05-06,3816,3816,2457,7631.3
L900083,2026-05-07,3235,3235,2078,7739.0
L900083,2026-05-08,2609,2609,1821,5808.5
L900083,2026-05-09,2284,2284,1518,5946.9
L900083,2026-05-10,2643,2643,1610,4837.3
L900083,2026-05-11,2342,2342,1289,6779.1
L900083,2026-05-12,1901,1901,1175,5247.5
L900083,2026-05-13,2179,2179,1361,5627.9
L900083,2026-05-14,1914,1914,1249,5724.5
L900083,2026-05-15,1951,1951,1156,4265.1
L900083,2026-05-16,1822,1822,1262,3773.3
L900084,2025-08-31,51789,50500,36867,
L900084,2025-09-01,39311,38095,27784,
L900084,2025-09-02,44405,43176,31707,
L900084,2025-09-03,45192,43713,33906,
L900084,2025-09-04,38314,37745,25726,
L900084,2025-09-05,44124,43046,31559,
L900084,2025-09-06,45878,44909,32703,
L900084,2025-09-07,47658,46046,35268,
L900084,2025-09-08,41242,40499,31008,
L900084,2025-09-09,42331,41318,30319,
L900084,2025-09-10,39449,38502,28923,
L900084,2025-09-11,43394,42956,32643,
L900084,2025-09-12,39869,38624,28717,
L900084,2025-09-13,51597,50437,36936,
L900084,2025-09-14,44818,43062,31171,
L900084,2025-09-15,39936,38686,29140,
L900084,2025-09-16,44822,43042,30683,
L900084,2025-09-17,38775,37927,27794,
L900084,2025-09-18,43310,42438,30955,
L900084,2025-09-19,39321,38355,27299,
L900084,2025-09-20,51200,49757,36659,
L900084,2025-09-21,46714,44859,32962,
L900084,2025-09-22,44392,43901,31604,
L900084,2025-09-23,37979,36594,27996,
L900084,2025-09-24,40968,40420,30452,
L900084,2025-09-25,42030,40388,29858,
L900084,2025-09-26,39586,38475,29111,
L900084,2025-09-27,53877,53275,40578,
L900084,2025-09-28,44619,42886,32854,
L900084,2025-09-29,39555,38447,27870,
L900084,2025-09-30,40169,39228,29680,
L900084,2025-10-01,42481,41930,30814,
L900084,2025-10-02,43450,41735,31000,
L900084,2025-10-03,38854,37934,27533,
L900084,2025-10-04,50912,49288,36391,
L900084,2025-10-05,43869,43211,32708,
L900084,2025-10-06,39156,38010,29337,
L900084,2025-10-07,36150,34817,25638,
L900084,2025-10-08,38441,37158,26772,
L900084,2025-10-09,39135,38222,29637,
L900084,2025-10-10,41188,40207,29116,
L900084,2025-10-11,42082,41100,28999,
L900084,2025-10-12,47178,46529,33841,
L900084,2025-10-13,39991,39356,27334,
L900084,2025-10-14,40422,39205,29817,
L900084,2025-10-15,46008,44588,31305,
L900084,2025-10-16,38110,37517,27121,
L900084,2025-10-17,41196,40229,28788,
L900084,2025-10-18,55928,54729,40547,
L900084,2025-10-19,48808,47934,36998,
L900084,2025-10-20,40669,39361,29442,
L900084,2025-10-21,38275,37725,26882,
L900084,2025-10-22,38732,38338,30047,
L900084,2025-10-23,42783,41781,31147,
L900084,2025-10-24,37540,36506,27679,
L900084,2025-10-25,43940,43323,30701,
L900084,2025-10-26,47090,45226,35235,
L900084,2025-10-27,46904,46330,33866,
L900084,2025-10-28,38524,37499,26519,
L900084,2025-10-29,40975,39791,29574,
L900084,2025-10-30,43293,41577,31524,
L900085,2025-08-31,34948,33911,31062,
L900085,2025-09-01,28828,28012,25766,
L900085,2025-09-02,28657,28094,26340,
L900085,2025-09-03,27793,26766,25317,
L900085,2025-09-04,24168,23845,21667,
L900085,2025-09-05,27043,26592,23962,
L900085,2025-09-06,32371,31421,28986,
L900085,2025-09-07,36965,35711,33313,
L900085,2025-09-08,29917,29538,27648,
L900085,2025-09-09,26456,26152,24391,
L900085,2025-09-10,29253,28422,27110,
L900085,2025-09-11,27348,26333,23622,
L900085,2025-09-12,23842,23075,21309,
L900085,2025-09-13,27202,26575,25668,
L900085,2025-09-14,35058,34523,31667,
L900085,2025-09-15,25187,24919,23687,
L900085,2025-09-16,25178,24673,22443,
L900085,2025-09-17,25947,25607,23872,
L900085,2025-09-18,29013,28108,26810,
L900085,2025-09-19,29951,29156,27115,
L900085,2025-09-20,36191,34799,31896,
L900085,2025-09-21,28586,28095,25751,
L900085,2025-09-22,25858,25532,23422,
L900085,2025-09-23,25519,25196,23199,
L900085,2025-09-24,29012,28420,27405,
L900085,2025-09-25,23825,23251,21024,
L900085,2025-09-26,25890,24980,23613,
L900085,2025-09-27,32911,32461,29718,
L900085,2025-09-28,35378,34815,33043,
L900085,2025-09-29,27599,26520,24230,
L900085,2025-09-30,28238,27643,25579,
L900085,2025-10-01,27108,26189,24087,
L900085,2025-10-02,29686,28830,26955,
L900085,2025-10-03,29931,29351,28080,
L900085,2025-10-04,34688,33350,30677,
L900085,2025-10-05,36244,35089,32959,
L900085,2025-10-06,33397,32357,30292,
L900085,2025-10-07,29183,28847,26995,
L900085,2025-10-08,27421,26531,24536,
L900085,2025-10-09,28291,27669,26020,
L900085,2025-10-10,30193,29835,27930,
L900085,2025-10-11,32221,31312,28915,
L900085,2025-10-12,29918,28967,27901,
L900085,2025-10-13,26444,25658,24358,
L900085,2025-10-14,28252,27479,25722,
L900085,2025-10-15,27381,27027,24709,
L900085,2025-10-16,25499,24785,23906,
L900085,2025-10-17,27893,27544,26235,
L900085,2025-10-18,37167,35864,33058,
L900085,2025-10-19,34593,34184,31821,
L900085,2025-10-20,25082,24363,22567,
L900085,2025-10-21,28940,28466,26189,
L900085,2025-10-22,26922,25946,24039,
L900085,2025-10-23,32310,31331,27988,
L900085,2025-10-24,28750,27896,25801,
L900085,2025-10-25,31745,31044,28698,
L900085,2025-10-26,35246,34758,32828,
L900085,2025-10-27,28052,27045,25742,
L900085,2025-10-28,30446,30079,28464,
L900085,2025-10-29,26433,25984,24422,
L900085,2025-10-30,28744,27753,25357,
L900086,2025-12-21,44627,43009,40918,
L900086,2025-12-22,45032,43241,40056,
L900086,2025-12-23,47664,46094,43929,
L900086,2025-12-24,48731,48144,46093,
L900086,2025-12-25,40231,39403,37794,
L900086,2025-12-26,46341,44897,42160,
L900086,2025-12-27,47100,46336,44112,
L900086,2025-12-28,48980,47400,46092,
L900086,2025-12-29,42550,41240,40600,
L900086,2025-12-30,36509,36035,34330,
L900086,2025-12-31,49013,47498,44277,
L900086,2026-01-01,43423,42062,39619,
L900086,2026-01-02,41577,40893,39048,
L900086,2026-01-03,47725,46349,43928,
L900086,2026-01-04,55441,53593,50682,
L900086,2026-01-05,40464,39376,38218,
L900086,2026-01-06,46553,44929,41746,
L900086,2026-01-07,39430,38856,36173,
L900086,2026-01-08,45902,45192,43181,
L900086,2026-01-09,46763,45642,43062,
L900086,2026-01-10,49304,47794,46282,
L900086,2026-01-11,50886,49597,47302,
L900086,2026-01-12,38529,37082,34805,
L900086,2026-01-13,47535,45829,42881,
L900086,2026-01-14,46849,45443,41052,
L900086,2026-01-15,42015,40772,38593,
L900086,2026-01-16,50115,48263,44721,
L900086,2026-01-17,56101,55037,53448,
L900086,2026-01-18,50170,49460,46617,
L900086,2026-01-19,44482,43497,40033,
L900086,2026-01-20,42382,40690,39693,
L900086,2026-01-21,45822,44331,41975,
L900086,2026-01-22,44381,42775,41133,
L900086,2026-01-23,46701,45091,42334,
L900086,2026-01-24,59780,57552,56189,
L900086,2026-01-25,56128,55346,51645,
L900086,2026-01-26,40393,39903,37647,
L900086,2026-01-27,44197,43462,39751,
L900086,2026-01-28,45724,44219,43146,
L900086,2026-01-29,46012,45246,42371,
L900086,2026-01-30,41188,39717,37969,
L900086,2026-01-31,52590,52016,49876,
L900086,2026-02-01,55806,54401,52868,
L900086,2026-02-02,40000,38910,37136,
L900086,2026-02-03,42704,41342,39193,
L900086,2026-02-04,47025,46050,44643,
L900086,2026-02-05,48904,48021,46028,
L900086,2026-02-06,43596,42659,40310,
L900086,2026-02-07,45854,44784,43744,
L900086,2026-02-08,51872,50905,48874,
L900086,2026-02-09,46372,44964,41595,
L900086,2026-02-10,40734,39501,38748,
L900086,2026-02-11,45005,43449,40772,
L900086,2026-02-12,43539,42670,41463,
L900086,2026-02-13,47271,45621,42002,
L900086,2026-02-14,60204,59316,57496,
L900086,2026-02-15,52593,50710,46965,
L900086,2026-02-16,47692,47013,45110,
L900086,2026-02-17,38854,37418,35373,
L900086,2026-02-18,54983,52974,50342,
L900086,2026-02-19,41372,40340,37509,
L900086,2026-02-20,50219,48947,47329,
L900086,2026-02-21,59238,57961,55350,
L900086,2026-02-22,58584,57029,53209,
L900086,2026-02-23,44555,42845,40948,
L900086,2026-02-24,48848,48236,46131,
L900086,2026-02-25,41782,40773,38786,
L900086,2026-02-26,38084,37288,33692,
L900086,2026-02-27,46908,45542,42923,
L900086,2026-02-28,52129,50981,49279,
L900086,2026-03-01,59193,57284,55032,
L900086,2026-03-02,50767,49427,47452,
L900086,2026-03-03,45047,43608,41637,
L900086,2026-03-04,39460,38154,36975,
L900086,2026-03-05,35378,34351,32230,
L900086,2026-03-06,44064,42585,39783,
L900086,2026-03-07,51319,50455,49788,
L900086,2026-03-08,57945,56144,52566,
L900086,2026-03-09,42331,41747,38593,
L900086,2026-03-10,46464,45625,43115,
L900086,2026-03-11,37064,36530,34777,
L900086,2026-03-12,45528,44110,42754,
L900086,2026-03-13,43725,43069,40594,
L900086,2026-03-14,61703,60797,57765,
L900086,2026-03-15,56308,54256,50957,
L900086,2026-03-16,46411,45362,41773,
L900086,2026-03-17,42357,41555,38473,
L900086,2026-03-18,41854,41410,40375,
L900086,2026-03-19,41829,40732,39280,
L900086,2026-03-20,49322,47733,45320,
L900086,2026-03-21,57476,56638,54407,
L900088,2025-12-29,312836,312836,182916,786708.4
L900088,2025-12-30,324480,324480,179938,672754.1
L900088,2025-12-31,241648,241648,152112,577490.2
L900088,2026-01-01,219750,219750,149666,416669.5
L900088,2026-01-02,205609,205609,119285,607718.0
L900088,2026-01-03,237017,237017,148888,626015.4
L900088,2026-01-04,225954,225954,130450,702914.6
L900088,2026-01-05,180933,180933,113435,453859.3
L900088,2026-01-06,141604,141604,96778,415879.5
L900088,2026-01-07,158138,158138,100183,362717.5
L900088,2026-01-08,168454,168454,97048,431347.9
L900088,2026-01-09,149401,149401,86569,328583.2
L900088,2026-01-10,144200,144200,91311,296696.7
L900088,2026-01-11,126415,126415,82503,283023.6
L900088,2026-01-12,138368,138368,78639,383018.3
L900088,2026-01-13,122373,122373,74805,362765.6
L900088,2026-01-14,117957,117957,68639,266395.6
L900088,2026-01-15,106603,106603,62252,313096.7
L900088,2026-01-16,104005,104005,69437,194489.7
L900088,2026-01-17,97335,97335,61007,292868.1
L900088,2026-01-18,79513,79513,47981,219438.6
L900088,2026-01-19,85623,85623,49507,187591.7
L900088,2026-01-20,83889,83889,50939,161291.0
L900088,2026-01-21,81666,81666,50786,231868.5
L900088,2026-01-22,71815,71815,49554,188836.5
L900088,2026-01-23,58663,58663,35762,182148.6
L900088,2026-01-24,56188,56188,39221,118797.0
L900088,2026-01-25,55083,55083,37018,109679.7
L900088,2026-01-26,55262,55262,35405,119351.2
L900088,2026-01-27,50452,50452,30594,146886.6
L900088,2026-01-28,42696,42696,25160,131010.5
L900088,2026-01-29,40183,40183,22418,105382.3
L900088,2026-01-30,33710,33710,21502,62046.3
L900088,2026-01-31,27644,27644,15357,51625.6
L900088,2026-02-01,37340,37340,23872,85000.7
L900088,2026-02-02,43903,43903,25647,80067.9
L900088,2026-02-03,39589,39589,27153,117410.1
L900088,2026-02-04,28513,28513,18606,64910.8
L900088,2026-02-05,30211,30211,17047,57974.2
L900088,2026-02-06,23926,23926,15292,65294.0
L900088,2026-02-07,22935,22935,13613,50514.0
L900088,2026-02-08,21884,21884,14171,51335.6
L900088,2026-02-09,22885,22885,15113,57680.3
L900088,2026-02-10,21648,21648,13584,57734.2
L900088,2026-02-11,21291,21291,14709,63343.3
L900088,2026-02-12,20854,20854,13393,50903.6
L900089,2025-12-29,40724,39547,28399,
L900089,2025-12-30,36239,34975,24832,
L900089,2025-12-31,42716,42174,30923,
L900089,2026-01-01,34528,33531,24770,
L900089,2026-01-02,36550,35937,27786,
L900089,2026-01-03,46879,45693,34435,
L900089,2026-01-04,53438,52318,37716,
L900089,2026-01-05,40854,39919,29981,
L900089,2026-01-06,40982,40270,30090,
L900089,2026-01-07,36287,34973,26267,
L900089,2026-01-08,39027,38072,28439,
L900089,2026-01-09,43595,41996,31638,
L900089,2026-01-10,50527,49403,37192,
L900089,2026-01-11,51862,50066,38546,
L900089,2026-01-12,40496,38962,28959,
L900089,2026-01-13,43634,42864,31298,
L900089,2026-01-14,36269,35321,26485,
L900089,2026-01-15,39937,38985,27907,
L900089,2026-01-16,42233,41380,31805,
L900089,2026-01-17,42746,41885,31851,
L900089,2026-01-18,39178,38352,28073,
L900089,2026-01-19,46586,44825,32876,
L900089,2026-01-20,40899,39431,29780,
L900089,2026-01-21,35030,34184,25345,
L900089,2026-01-22,40815,39412,30632,
L900089,2026-01-23,36592,35796,26215,
L900089,2026-01-24,45505,44858,32266,
L900089,2026-01-25,53589,52890,39166,
L900089,2026-01-26,38802,37787,27571,
L900089,2026-01-27,38777,38303,27981,
L900089,2026-01-28,36499,35860,26350,
L900089,2026-01-29,39440,38488,27897,
L900089,2026-01-30,41110,40595,30235,
L900089,2026-01-31,46966,45457,33507,
L900089,2026-02-01,57644,55906,43741,
L900089,2026-02-02,37182,35805,25840,
L900089,2026-02-03,37165,35974,27381,
L900089,2026-02-04,39312,38831,28921,
L900089,2026-02-05,47094,45811,33890,
L900089,2026-02-06,42901,42163,31639,
L900089,2026-02-07,46842,45192,34399,
L900089,2026-02-08,45814,45348,34772,
L900089,2026-02-09,38698,38290,27968,
L900089,2026-02-10,37070,35703,25760,
L900089,2026-02-11,39220,37865,26178,
L900089,2026-02-12,39849,38515,28109,
L900090,2025-12-29,45612,44255,40530,
L900090,2025-12-30,42500,41353,38264,
L900090,2025-12-31,49363,48182,44016,
L900090,2026-01-01,41578,40882,37097,
L900090,2026-01-02,38888,38006,35578,
L900090,2026-01-03,54274,53095,50740,
L900090,2026-01-04,57856,57252,55989,
L900090,2026-01-05,43858,43201,39951,
L900090,2026-01-06,39530,38043,35909,
L900090,2026-01-07,44537,44018,41510,
L900090,2026-01-08,40098,38898,36448,
L900090,2026-01-09,44843,43064,40169,
L900090,2026-01-10,50488,49712,47414,
L900090,2026-01-11,62167,61056,55426,
L900090,2026-01-12,46662,45659,39834,
L900090,2026-01-13,46479,45898,40968,
L900090,2026-01-14,42266,41800,37776,
L900090,2026-01-15,43358,42560,40294,
L900090,2026-01-16,37563,36770,33931,
L900090,2026-01-17,51214,49421,47524,
L900090,2026-01-18,55252,53216,48237,
L900090,2026-01-19,42455,41352,39744,
L900090,2026-01-20,46640,44840,40877,
L900090,2026-01-21,43176,41857,38730,
L900090,2026-01-22,42220,41240,36942,
L900090,2026-01-23,41727,40590,38876,
L900090,2026-01-24,51778,50363,46733,
L900090,2026-01-25,54007,52183,50845,
L900090,2026-01-26,44150,43474,41381,
L900090,2026-01-27,42007,40797,37729,
L900090,2026-01-28,44163,43228,39532,
L900090,2026-01-29,43400,42519,40297,
L900090,2026-01-30,41294,40564,37724,
L900090,2026-01-31,56435,55089,50324,
L900090,2026-02-01,58087,55799,51974,
L900090,2026-02-02,43536,42737,38028,
L900090,2026-02-03,42800,42322,39673,
L900090,2026-02-04,50279,48285,45453,
L900090,2026-02-05,48094,47376,42914,
L900090,2026-02-06,43671,42341,40410,
L900090,2026-02-07,49614,47817,45392,
L900090,2026-02-08,56540,54947,51402,
L900090,2026-02-09,42959,42202,38415,
L900090,2026-02-10,50385,48553,45767,
L900090,2026-02-11,45321,44290,40823,
L900090,2026-02-12,44252,43527,40623,
L900091,2025-06-08,32212,31752,29032,
L900091,2025-06-09,22185,21381,19920,
L900091,2025-06-10,21620,21127,19511,
L900091,2025-06-11,24110,23488,22074,
L900091,2025-06-12,29120,28072,25015,
L900091,2025-06-13,29706,29289,27102,
L900091,2025-06-14,31272,30349,27365,
L900091,2025-06-15,32852,31777,29578,
L900091,2025-06-16,25010,24329,21683,
L900091,2025-06-17,25282,24706,23394,
L900091,2025-06-18,24659,24183,23058,
L900091,2025-06-19,27412,26585,24383,
L900091,2025-06-20,28341,27662,25750,
L900091,2025-06-21,30546,29416,27415,
L900091,2025-06-22,30594,29831,26173,
L900091,2025-06-23,24761,23861,21539,
L900091,2025-06-24,28404,27509,26456,
L900091,2025-06-25,26847,25822,23891,
L900091,2025-06-26,23107,22276,20423,
L900091,2025-06-27,29040,28063,25710,
L900091,2025-06-28,24691,24044,22856,
L900091,2025-06-29,34077,33123,31903,
L900091,2025-06-30,27222,26872,25636,
L900091,2025-07-01,25240,24936,22154,
L900091,2025-07-02,25190,24783,23356,
L900091,2025-07-03,24862,24263,22476,
L900091,2025-07-04,23195,22410,20392,
L900091,2025-07-05,34899,34296,33180,
L900091,2025-07-06,30419,29329,27441,
L900092,2025-06-08,50355,49005,48279,
L900092,2025-06-09,34723,33560,32193,
L900092,2025-06-10,41269,40049,38469,
L900092,2025-06-11,44763,43940,43500,
L900092,2025-06-12,38824,37738,36359,
L900092,2025-06-13,39830,38529,36115,
L900092,2025-06-14,48930,47491,45754,
L900092,2025-06-15,48724,47942,44699,
L900092,2025-06-16,38096,36641,34474,
L900092,2025-06-17,36897,35428,33878,
L900092,2025-06-18,40887,39661,38454,
L900092,2025-06-19,36849,35730,33530,
L900092,2025-06-20,44484,43870,41532,
L900092,2025-06-21,48008,47169,44645,
L900092,2025-06-22,52234,51666,50293,
L900092,2025-06-23,43087,41480,39428,
L900092,2025-06-24,36802,36028,35613,
L900092,2025-06-25,42274,40953,38531,
L900092,2025-06-26,44070,43187,40565,
L900092,2025-06-27,44028,42380,41513,
L900092,2025-06-28,44362,43032,41381,
L900092,2025-06-29,50890,49443,48948,
L900092,2025-06-30,37214,36144,35372,
L900092,2025-07-01,39618,38728,35830,
L900092,2025-07-02,39184,38284,36371,
L900092,2025-07-03,36212,35151,33612,
L900092,2025-07-04,42595,41900,40004,
L900092,2025-07-05,45817,44143,41804,
L900092,2025-07-06,47875,46505,44381,
L900093,2025-06-08,45515,44030,24302,
L900093,2025-06-09,35144,34746,20268,
L900093,2025-06-10,40108,39241,23778,
L900093,2025-06-11,42024,41175,23989,
L900093,2025-06-12,39046,38466,21191,
L900093,2025-06-13,38065,37582,20989,
L900093,2025-06-14,44323,43177,27659,
L900093,2025-06-15,45628,44051,24788,
L900093,2025-06-16,38000,36512,20799,
L900093,2025-06-17,33971,32773,20386,
L900093,2025-06-18,39940,39054,22921,
L900093,2025-06-19,35646,35286,20246,
L900093,2025-06-20,41340,40492,23733,
L900093,2025-06-21,33560,32630,20505,
L900093,2025-06-22,45199,43856,25737,
L900093,2025-06-23,39998,38697,22804,
L900093,2025-06-24,38998,37645,21515,
L900093,2025-06-25,33179,31933,18700,
L900093,2025-06-26,41014,40366,22889,
L900093,2025-06-27,34656,33536,20269,
L900093,2025-06-28,42917,42252,24159,
L900093,2025-06-29,43217,42373,24521,
L900093,2025-06-30,32166,30953,17618,
L900093,2025-07-01,37477,36982,21614,
L900093,2025-07-02,40208,39351,24271,
L900093,2025-07-03,41252,40463,24208,
L900093,2025-07-04,36361,35952,20404,
L900093,2025-07-05,44610,43258,25596,
L900093,2025-07-06,47476,46846,27754,
L900094,2026-08-17,43148,42551,32560,
L900094,2026-08-18,43451,42540,31452,
L900094,2026-08-19,37885,36710,26535,
L900094,2026-08-20,38381,37799,28165,
L900094,2026-08-21,42281,40644,28926,
L900094,2026-08-22,47158,45799,34114,
L900094,2026-08-23,45602,43948,32902,
L900094,2026-08-24,39595,38235,27740,
L900094,2026-08-25,40766,39820,29779,
L900094,2026-08-26,37837,36324,26703,
L900094,2026-08-27,42112,41047,29749,
L900094,2026-08-28,35209,34026,24133,
L900094,2026-08-29,47495,45971,32806,
L900094,2026-08-30,47772,46558,36003,
L900094,2026-08-31,36116,34897,25626,
L900094,2026-09-01,47518,45808,34271,
L900094,2026-09-02,39399,38836,28616,
L900094,2026-09-03,41987,41406,32044,
L900094,2026-09-04,38869,37621,27269,
L900094,2026-09-05,43719,42310,31396,
L900094,2026-09-06,43613,42222,30852,
L900094,2026-09-07,37642,36267,27616,
L900094,2026-09-08,38942,38266,28620,
L900094,2026-09-09,35384,34212,25406,
L900094,2026-09-10,36686,35567,26016,
L900094,2026-09-11,47774,46166,35023,
L900094,2026-09-12,48634,46720,37561,
L900094,2026-09-13,45541,44281,33799,
L900094,2026-09-14,35616,35043,25760,
L900094,2026-09-15,36216,35221,26244,
L900094,2026-09-16,40775,39635,29086,
L900094,2026-09-17,44139,43293,31545,
L900094,2026-09-18,41654,41063,31060,
L900094,2026-09-19,43308,42432,30764,
L900095,2026-08-02,55381,54694,52420,
L900095,2026-08-03,42802,41821,38628,
L900095,2026-08-04,40513,39102,36622,
L900095,2026-08-05,42519,41502,38369,
L900095,2026-08-06,43227,42610,40097,
L900095,2026-08-07,41590,41097,37585,
L900095,2026-08-08,54544,53195,46252,
L900095,2026-08-09,50177,49321,44732,
L900095,2026-08-10,47746,47084,43372,
L900095,2026-08-11,41600,40877,37975,
L900095,2026-08-12,41479,40256,37113,
L900095,2026-08-13,43892,43263,39869,
L900095,2026-08-14,42058,40674,37005,
L900095,2026-08-15,47857,47136,43893,
L900095,2026-08-16,54016,52387,47223,
L900095,2026-08-17,46202,45391,42907,
L900095,2026-08-18,46950,45711,42785,
L900095,2026-08-19,45774,45104,43917,
L900095,2026-08-20,42503,40960,37236,
L900095,2026-08-21,38209,36985,35694,
L900095,2026-08-22,60184,58131,52986,
L900095,2026-08-23,49655,48624,44905,
L900095,2026-08-24,47820,46516,42062,
L900095,2026-08-25,36701,35841,34885,
L900095,2026-08-26,44642,43606,40949,
L900095,2026-08-27,42839,41279,38774,
L900095,2026-08-28,38278,36868,33667,
L900095,2026-08-29,53167,51652,45690,
L900095,2026-08-30,51447,50673,46756,
L900095,2026-08-31,42499,41144,37810,
L900095,2026-09-01,40084,39347,35158,
L900095,2026-09-02,44058,43391,40093,
L900095,2026-09-03,38762,37447,34872,
L900095,2026-09-04,42526,42033,38703,
L900095,2026-09-05,43626,42653,40249,
L900095,2026-09-06,47522,46704,43493,
L900095,2026-09-07,40738,40209,37081,
L900095,2026-09-08,47569,46390,43635,
L900095,2026-09-09,47491,45884,42975,
L900095,2026-09-10,44934,43770,39146,
L900095,2026-09-11,42447,41579,38481,
L900095,2026-09-12,57884,56192,51689,
L900095,2026-09-13,53840,52513,49074,
L900095,2026-09-14,47588,46729,43332,
L900095,2026-09-15,46438,44879,40207,
L900095,2026-09-16,37930,36735,32485,
L900096,2026-08-02,79462,77415,58675,
L900096,2026-08-03,58910,56578,41230,
L900096,2026-08-04,61682,59679,45885,
L900096,2026-08-05,70726,68390,51694,
L900096,2026-08-06,63935,61393,47070,
L900096,2026-08-07,61011,58593,42900,
L900096,2026-08-08,74620,73679,53080,
L900096,2026-08-09,74343,73470,52725,
L900096,2026-08-10,67393,65403,49109,
L900096,2026-08-11,69409,67700,47891,
L900096,2026-08-12,71762,70262,49784,
L900096,2026-08-13,56315,54770,39849,
L900096,2026-08-14,68802,66097,49209,
L900096,2026-08-15,73928,72179,52268,
L900096,2026-08-16,67099,65211,49733,
L900096,2026-08-17,66265,64307,49326,
L900096,2026-08-18,64263,63210,43435,
L900096,2026-08-19,56084,55472,41565,
L900096,2026-08-20,60443,59700,43510,
L900096,2026-08-21,56788,54632,41463,
L900096,2026-08-22,78150,77010,57759,
L900096,2026-08-23,71577,70565,52466,
L900096,2026-08-24,55620,53783,39659,
L900096,2026-08-25,49689,47828,33892,
L900096,2026-08-26,60680,58316,45923,
L900096,2026-08-27,53313,52223,37346,
L900096,2026-08-28,63366,61687,47831,
L900096,2026-08-29,76618,73861,55694,
L900096,2026-08-30,73362,71018,51828,
L900096,2026-08-31,62695,60712,44127,
L900096,2026-09-01,65895,63298,44807,
L900096,2026-09-02,66720,65466,48496,
L900096,2026-09-03,61216,59675,42198,
L900096,2026-09-04,57403,56125,42877,
L900096,2026-09-05,74140,72740,54232,
L900096,2026-09-06,70093,67498,49909,
L900096,2026-09-07,55448,53587,39761,
L900096,2026-09-08,64132,62087,46342,
L900096,2026-09-09,57783,57201,41937,
L900096,2026-09-10,64962,62831,46229,
L900096,2026-09-11,60854,59425,46236,
L900096,2026-09-12,69662,67032,51052,
L900096,2026-09-13,68434,66972,50436,
L900096,2026-09-14,65814,64592,47138,
L900096,2026-09-15,56219,54492,38176,
L900096,2026-09-16,59221,58548,43941,
L900097,2026-08-02,63029,62254,57303,
L900097,2026-08-03,50700,48891,45324,
L900097,2026-08-04,51345,49717,46732,
L900097,2026-08-05,46747,46212,43292,
L900097,2026-08-06,47806,45934,42430,
L900097,2026-08-07,56142,55126,51972,
L900097,2026-08-08,51525,50326,47182,
L900097,2026-08-09,67121,64740,60517,
L900097,2026-08-10,57858,56220,52445,
L900097,2026-08-11,53748,52010,50487,
L900097,2026-08-12,53528,52885,48786,
L900097,2026-08-13,47771,46443,45207,
L900097,2026-08-14,48341,46673,45250,
L900097,2026-08-15,60391,58651,55884,
L900097,2026-08-16,55609,55039,51617,
L900097,2026-08-17,48049,47340,45186,
L900097,2026-08-18,52052,51208,49121,
L900097,2026-08-19,49639,47929,44640,
L900097,2026-08-20,52422,50347,46792,
L900097,2026-08-21,56125,55281,52390,
L900097,2026-08-22,60912,59743,57308,
L900097,2026-08-23,62162,60931,55863,
L900097,2026-08-24,47280,45633,44316,
L900097,2026-08-25,52014,50088,45899,
L900097,2026-08-26,53122,51847,48674,
L900097,2026-08-27,48052,47026,43597,
L900097,2026-08-28,55800,53627,48837,
L900097,2026-08-29,58354,56554,53862,
L900097,2026-08-30,70442,68735,66059,
L900097,2026-08-31,48170,46386,45485,
L900097,2026-09-01,46066,44750,42749,
L900097,2026-09-02,53683,51616,48125,
L900097,2026-09-03,54550,52387,49229,
L900097,2026-09-04,54540,53252,48630,
L900097,2026-09-05,64220,62515,58873,
L900097,2026-09-06,68297,66902,63498,
L900097,2026-09-07,56831,54653,52475,
L900097,2026-09-08,51140,50521,48790,
L900097,2026-09-09,54949,54035,51843,
L900097,2026-09-10,42192,40544,37720,
L900097,2026-09-11,57388,55669,51487,
L900097,2026-09-12,66960,65873,63510,
L900097,2026-09-13,58913,57247,52100,
L900097,2026-09-14,49315,48529,48043,
L900097,2026-09-15,48099,47216,44105,
L900097,2026-09-16,47544,45742,44566,
L900098,2026-08-02,122196,122196,73813,289968.4
L900098,2026-08-03,140116,140116,88490,258324.6
L900098,2026-08-04,122315,122315,73492,301642.8
L900098,2026-08-05,98872,98872,59021,186265.5
L900098,2026-08-06,89994,89994,56177,179194.8
L900098,2026-08-07,107754,107754,74705,278901.8
L900098,2026-08-08,91098,91098,50272,265818.7
L900098,2026-08-09,72382,72382,42157,177051.5
L900098,2026-08-10,66279,66279,38337,191557.5
L900098,2026-08-11,67486,67486,43741,137693.8
L900098,2026-08-12,62673,62673,35349,130727.8
L900098,2026-08-13,53589,53589,36009,138952.0
L900098,2026-08-14,56474,56474,37356,139019.8
L900098,2026-08-15,54263,54263,30459,127289.4
L900098,2026-08-16,53672,53672,30667,105622.8
L900098,2026-08-17,61970,61970,41559,133572.6
L900098,2026-08-18,48580,48580,33059,135728.8
L900098,2026-08-19,46217,46217,27355,109558.2
L900098,2026-08-20,46522,46522,26367,116043.0
L900098,2026-08-21,40700,40700,25861,104437.0
L900098,2026-08-22,40833,40833,28539,77409.7
L900098,2026-08-23,38013,38013,25663,92626.4
L900098,2026-08-24,35249,35249,21006,83536.2
L900098,2026-08-25,41867,41867,29201,83842.0
L900098,2026-08-26,33698,33698,19674,74881.9
L900098,2026-08-27,25939,25939,17600,80487.2
L900098,2026-08-28,28406,28406,16184,65469.1
L900098,2026-08-29,23754,23754,13395,55970.0
L900098,2026-08-30,25379,25379,14506,52116.2
L900098,2026-08-31,19733,19733,13550,42975.1
L900098,2026-09-01,19160,19160,10774,60087.5
L900098,2026-09-02,20990,20990,14421,57303.7
L900098,2026-09-03,21017,21017,11612,45822.0
L900098,2026-09-04,18902,18902,12499,45828.1
L900098,2026-09-05,18397,18397,12443,55864.7
L900098,2026-09-06,16559,16559,10040,30330.2
L900098,2026-09-07,15292,15292,9957,36531.6
L900098,2026-09-08,13444,13444,8655,30143.2
L900098,2026-09-09,14417,14417,8415,28585.6
L900098,2026-09-10,13843,13843,8462,37544.5
L900098,2026-09-11,11750,11750,7524,26086.8
L900098,2026-09-12,11006,11006,6973,34764.8
L900098,2026-09-13,12157,12157,7921,26483.9
L900098,2026-09-14,9857,9857,5931,27292.6
L900098,2026-09-15,9372,9372,5976,21471.8
L900098,2026-09-16,9184,9184,5577,18220.9
L900100,2025-09-01,15988,15988,9560,49597.9
L900100,2025-09-02,17022,17022,10846,50695.5
L900100,2025-09-03,15387,15387,8856,36956.7
L900100,2025-09-04,17227,17227,11750,54966.4
L900100,2025-09-05,14780,14780,9687,41761.0
L900100,2025-09-06,12134,12134,8134,36873.5
L900100,2025-09-07,13037,13037,7669,33614.6
L900100,2025-09-08,11796,11796,7887,36232.8
L900100,2025-09-09,12188,12188,7642,29127.1
L900100,2025-09-10,9617,9617,5597,22418.4
L900100,2025-09-11,9738,9738,5441,17660.3
L900100,2025-09-12,8912,8912,5604,19933.9
L900100,2025-09-13,8527,8527,5020,21450.9
L900100,2025-09-14,7277,7277,4254,21461.4
L900100,2025-09-15,7952,7952,5038,15299.6
L900100,2025-09-16,7377,7377,4682,19184.9
L900100,2025-09-17,7525,7525,4692,20073.7
L900100,2025-09-18,6274,6274,3984,12046.4
L900100,2025-09-19,5671,5671,3374,10607.6
L900100,2025-09-20,6009,6009,3819,16924.6
L900100,2025-09-21,4829,4829,3039,14262.1
L900100,2025-09-22,5476,5476,3745,17327.6
L900100,2025-09-23,5156,5156,3139,16224.5
L900100,2025-09-24,4932,4932,3175,14633.5
L900100,2025-09-25,4281,4281,2858,13577.2
L900100,2025-09-26,3697,3697,2187,8047.0
L900100,2025-09-27,3699,3699,2276,8983.6
L900100,2025-09-28,3577,3577,2477,8963.4
L900100,2025-09-29,3064,3064,1739,7977.8
L900100,2025-09-30,3464,3464,2179,7780.1
L900100,2025-10-01,3046,3046,1872,6114.1
L900100,2025-10-02,2469,2469,1674,5025.5
L900100,2025-10-03,3034,3034,2122,6307.8
L900100,2025-10-04,2428,2428,1600,6703.3
L900100,2025-10-05,2016,2016,1333,6073.6
L900100,2025-10-06,1955,1955,1180,4419.1
L900100,2025-10-07,2307,2307,1572,6611.6
L900100,2025-10-08,2236,2236,1230,4089.4
L900100,2025-10-09,1961,1961,1239,4564.6
L900100,2025-10-10,1899,1899,1270,5395.6
L900100,2025-10-11,1772,1772,1238,4314.5
L900100,2025-10-12,1570,1570,1003,4171.6
L900100,2025-10-13,1447,1447,796,3660.2
L900101,2025-09-01,23801,23397,21880,
L900101,2025-09-02,23794,23247,22762,
L900101,2025-09-03,22107,21282,20084,
L900101,2025-09-04,23335,22578,21155,
L900101,2025-09-05,20110,19550,19021,
L900101,2025-09-06,26228,25180,23930,
L900101,2025-09-07,25882,25296,24677,
L900101,2025-09-08,24012,23668,22370,
L900101,2025-09-09,20356,19598,18482,
L900101,2025-09-10,23503,22963,21901,
L900101,2025-09-11,22674,22271,21251,
L900101,2025-09-12,23842,22997,21827,
L900101,2025-09-13,28190,27261,25359,
L900101,2025-09-14,32769,32132,30342,
L900101,2025-09-15,22844,22068,21214,
L900101,2025-09-16,21739,21167,20111,
L900101,2025-09-17,22470,22131,20619,
L900101,2025-09-18,23266,22805,20912,
L900101,2025-09-19,25630,25331,24466,
L900101,2025-09-20,28601,27952,25583,
L900101,2025-09-21,25485,24817,24265,
L900101,2025-09-22,29943,29388,28620,
L900101,2025-09-23,24342,23400,22475,
L900101,2025-09-24,20954,20121,19515,
L900101,2025-09-25,20497,20166,18669,
L900101,2025-09-26,20188,19584,18986,
L900101,2025-09-27,27085,26443,25174,
L900101,2025-09-28,27176,26775,24833,
L900101,2025-09-29,21272,20473,19195,
L900101,2025-09-30,19951,19664,18482,
L900101,2025-10-01,20533,20272,19492,
L900101,2025-10-02,23666,23021,21274,
L900101,2025-10-03,21944,21724,21444,
L900101,2025-10-04,25075,24364,23353,
L900101,2025-10-05,27440,26375,25632,
L900101,2025-10-06,23009,22104,20808,
L900101,2025-10-07,22598,22098,21029,
L900101,2025-10-08,22313,21983,20303,
L900101,2025-10-09,24713,24161,23468,
L900101,2025-10-10,20600,19947,18829,
L900101,2025-10-11,26720,25826,23937,
L900101,2025-10-12,23146,22521,21092,
L900101,2025-10-13,21837,21546,19847,
L900102,2025-09-11,544,526,398,
L900102,2025-09-12,492,478,336,
L900102,2025-09-13,637,629,467,
L900102,2025-09-14,623,607,472,
L900102,2025-09-15,465,447,305,
L900102,2025-09-16,456,439,329,
L900102,2025-09-17,499,488,349,
L900102,2025-09-18,441,431,315,
L900102,2025-09-19,448,439,329,
L900102,2025-09-20,583,565,411,
L900102,2025-09-21,566,545,406,
L900102,2025-09-22,499,487,362,
L900102,2025-09-23,505,496,366,
L900102,2025-09-24,456,439,318,
L900102,2025-09-25,482,462,360,
L900102,2025-09-26,444,434,317,
L900102,2025-09-27,607,597,438,
L900102,2025-09-28,654,640,469,
L900102,2025-09-29,488,469,354,
L900102,2025-09-30,570,550,422,
L900102,2025-10-01,492,483,356,
L900102,2025-10-02,499,483,358,
L900102,2025-10-03,464,451,342,
L900102,2025-10-04,612,595,439,
L900102,2025-10-05,541,525,389,
L900102,2025-10-06,422,412,300,
L900102,2025-10-07,475,464,346,
L900102,2025-10-08,572,553,415,
L900102,2025-10-09,555,547,411,
L900102,2025-10-10,542,524,407,
L900102,2025-10-11,567,551,398,
L900102,2025-10-12,635,618,457,
L900102,2025-10-13,506,496,364,
L900102,2025-10-14,474,456,352,
L900102,2025-10-15,454,443,333,
L900102,2025-10-16,518,501,354,
L900102,2025-10-17,464,454,329,
L900102,2025-10-18,630,605,443,
L900102,2025-10-19,598,576,409,
L900102,2025-10-20,590,580,430,
L900102,2025-10-21,517,510,371,
L900102,2025-10-22,472,462,359,
L900102,2025-10-23,421,406,302,
L900103,2025-09-11,61226,59030,55325,
L900103,2025-09-12,58285,56342,53564,
L900103,2025-09-13,60861,59242,55906,
L900103,2025-09-14,76045,75107,69309,
L900103,2025-09-15,70937,68714,64461,
L900103,2025-09-16,62074,59593,55907,
L900103,2025-09-17,62864,62161,60679,
L900103,2025-09-18,75795,73652,71067,
L900103,2025-09-19,68784,66102,65066,
L900103,2025-09-20,78123,75810,74400,
L900103,2025-09-21,81454,80363,76576,
L900103,2025-09-22,65050,63417,57935,
L900103,2025-09-23,64755,63502,58366,
L900103,2025-09-24,55049,54341,51833,
L900103,2025-09-25,57637,56139,53324,
L900103,2025-09-26,63977,62933,60016,
L900103,2025-09-27,71058,68979,66769,
L900103,2025-09-28,76051,75224,72126,
L900103,2025-09-29,57220,55637,52656,
L900103,2025-09-30,68831,66407,64375,
L900103,2025-10-01,59240,58524,54959,
L900103,2025-10-02,58272,56543,52973,
L900103,2025-10-03,56194,54712,51825,
L900103,2025-10-04,80478,77279,72201,
L900103,2025-10-05,76043,73200,69217,
L900103,2025-10-06,68618,67149,62970,
L900103,2025-10-07,60365,59747,55748,
L900103,2025-10-08,57518,56183,53968,
L900103,2025-10-09,62592,60350,57398,
L900103,2025-10-10,69729,68406,66808,
L900103,2025-10-11,66510,64063,61689,
L900103,2025-10-12,77981,75133,70682,
L900103,2025-10-13,64935,63153,57814,
L900103,2025-10-14,70681,68001,65301,
L900103,2025-10-15,58897,56853,53344,
L900103,2025-10-16,54655,53504,50492,
L900103,2025-10-17,60833,58997,54483,
L900103,2025-10-18,81357,79480,77535,
L900103,2025-10-19,76430,74030,69875,
L900103,2025-10-20,65478,64560,61306,
L900103,2025-10-21,57798,56175,52632,
L900103,2025-10-22,61776,60942,58197,
L900103,2025-10-23,63324,60906,58116,
L900104,2025-11-12,57053,55145,52391,
L900104,2025-11-13,65233,63141,59494,
L900104,2025-11-14,55572,54029,53488,
L900104,2025-11-15,66593,64036,60747,
L900104,2025-11-16,60398,58213,57081,
L900104,2025-11-17,49147,47538,45567,
L900104,2025-11-18,52118,50257,47553,
L900104,2025-11-19,48000,46204,45134,
L900104,2025-11-20,52967,50990,47201,
L900104,2025-11-21,59599,58786,55253,
L900104,2025-11-22,67330,66469,64264,
L900104,2025-11-23,68062,65748,59572,
L900104,2025-11-24,57184,56447,53511,
L900104,2025-11-25,52745,51533,48843,
L900104,2025-11-26,47193,46707,44551,
L900104,2025-11-27,48258,47235,44603,
L900104,2025-11-28,54848,52767,51262,
L900104,2025-11-29,61275,58988,57751,
L900104,2025-11-30,70542,67782,63810,
L900104,2025-12-01,49366,48730,44886,
L900104,2025-12-02,55348,54705,51163,
L900104,2025-12-03,59368,58267,54561,
L900104,2025-12-04,50267,48273,46084,
L900104,2025-12-05,51197,50278,47772,
L900104,2025-12-06,70747,68840,65559,
L900104,2025-12-07,66210,64207,61260,
L900104,2025-12-08,46833,46302,44349,
L900104,2025-12-09,54864,53939,52205,
L900104,2025-12-10,56796,55768,52754,
L900104,2025-12-11,58645,58012,54771,
L900104,2025-12-12,55242,53460,50454,
L900104,2025-12-13,67997,66056,62255,
L900104,2025-12-14,74218,71351,70637,
L900104,2025-12-15,57958,57161,56064,
L900104,2025-12-16,47500,46533,42883,
L900104,2025-12-17,52777,52081,49519,
L900104,2025-12-18,53312,52744,48374,
L900104,2025-12-19,59161,57538,56962,
L900104,2025-12-20,72295,69877,67900,
L900104,2025-12-21,66761,65360,60990,
L900104,2025-12-22,54485,52931,52401,
L900104,2025-12-23,52645,52065,48988,
L900104,2025-12-24,58969,56799,55292,
L900104,2025-12-25,50496,48609,45924,
L900104,2025-12-26,51995,50284,47839,
L900104,2025-12-27,71365,69293,64714,
L900105,2025-11-12,134248,132094,128992,
L900105,2025-11-13,136562,135126,125405,
L900105,2025-11-14,139288,137744,127173,
L900105,2025-11-15,138049,133807,123796,
L900105,2025-11-16,157895,155583,139737,
L900105,2025-11-17,132387,128122,113856,
L900105,2025-11-18,129462,125641,117458,
L900105,2025-11-19,134199,132700,122320,
L900105,2025-11-20,132254,127293,116386,
L900105,2025-11-21,133281,131944,122861,
L900105,2025-11-22,149591,146007,136568,
L900105,2025-11-23,164572,158794,147150,
L900105,2025-11-24,158958,154115,142893,
L900105,2025-11-25,130191,125380,115544,
L900105,2025-11-26,122822,120412,113634,
L900105,2025-11-27,125855,123939,113855,
L900105,2025-11-28,127431,124888,113685,
L900105,2025-11-29,138618,133835,123227,
L900105,2025-11-30,172463,167908,156815,
L900105,2025-12-01,149791,143816,135908,
L900105,2025-12-02,138747,134828,130466,
L900105,2025-12-03,132131,128503,119669,
L900105,2025-12-04,133043,130951,125827,
L900105,2025-12-05,133192,131600,120681,
L900105,2025-12-06,168779,166746,152351,
L900105,2025-12-07,168080,165305,155101,
L900105,2025-12-08,131148,129650,122041,
L900105,2025-12-09,117316,115635,107917,
L900105,2025-12-10,128236,124168,122584,
L900105,2025-12-11,134826,129742,119112,
L900105,2025-12-12,118482,117036,111899,
L900105,2025-12-13,156686,154551,141286,
L900105,2025-12-14,165537,163304,153994,
L900105,2025-12-15,139919,136038,126569,
L900105,2025-12-16,134861,131674,123067,
L900105,2025-12-17,136749,133373,125170,
L900105,2025-12-18,144825,142700,132872,
L900105,2025-12-19,124464,122435,113511,
L900105,2025-12-20,170921,165588,148080,
L900105,2025-12-21,138236,134643,127690,
L900105,2025-12-22,149360,143746,130046,
L900105,2025-12-23,134236,129509,119408,
L900105,2025-12-24,130387,125406,117393,
L900105,2025-12-25,119392,115360,104730,
L900105,2025-12-26,129956,124816,115715,
L900105,2025-12-27,146680,142629,134897,
L900106,2025-11-21,44907,44196,42236,
L900106,2025-11-22,55680,53959,52164,
L900106,2025-11-23,52059,50860,46895,
L900106,2025-11-24,45324,44861,42671,
L900106,2025-11-25,41863,41411,38191,
L900106,2025-11-26,47154,45445,42484,
L900106,2025-11-27,41075,39817,38594,
L900106,2025-11-28,44127,42721,41567,
L900106,2025-11-29,56389,54487,52083,
L900106,2025-11-30,55308,53184,47700,
L900106,2025-12-01,42249,41479,39300,
L900106,2025-12-02,47832,47179,43131,
L900106,2025-12-03,46277,45472,42177,
L900106,2025-12-04,47348,46232,43902,
L900106,2025-12-05,49240,48670,47274,
L900106,2025-12-06,58326,56256,54411,
L900106,2025-12-07,54684,53048,52517,
L900106,2025-12-08,41944,41068,38581,
L900106,2025-12-09,49827,49094,47378,
L900106,2025-12-10,48288,47232,45508,
L900106,2025-12-11,38729,38052,37358,
L900106,2025-12-12,45718,44113,43006,
L900106,2025-12-13,47108,45586,43540,
L900106,2025-12-14,53724,52841,50803,
L900106,2025-12-15,47655,45773,43819,
L900106,2025-12-16,42539,41347,39232,
L900106,2025-12-17,45806,44923,43121,
L900106,2025-12-18,50154,49353,47033,
L900106,2025-12-19,41731,40866,38910,
L900106,2025-12-20,68012,65470,64351,
L900106,2025-12-21,42873,41317,39303,
L900107,2025-11-21,146499,143586,104932,
L900107,2025-11-22,176123,172314,129415,
L900107,2025-11-23,163432,160690,122730,
L900107,2025-11-24,148002,144509,104234,
L900107,2025-11-25,162040,155948,110582,
L900107,2025-11-26,142065,137007,99818,
L900107,2025-11-27,174167,168501,122382,
L900107,2025-11-28,123038,121280,88335,
L900107,2025-11-29,186525,181464,137129,
L900107,2025-11-30,212743,206190,158382,
L900107,2025-12-01,150903,146394,105721,
L900107,2025-12-02,167983,164220,120312,
L900107,2025-12-03,140840,136421,99813,
L900107,2025-12-04,133774,131932,96402,
L900107,2025-12-05,145895,142259,107350,
L900107,2025-12-06,174379,168339,120303,
L900107,2025-12-07,156876,150905,112302,
L900107,2025-12-08,149532,145869,106325,
L900107,2025-12-09,143108,139902,104614,
L900107,2025-12-10,165206,160678,116394,
L900107,2025-12-11,149725,143840,109198,
L900107,2025-12-12,139437,135554,100267,
L900107,2025-12-13,179419,173639,123939,
L900107,2025-12-14,182392,179332,132818,
L900107,2025-12-15,155270,150677,107924,
L900107,2025-12-16,148786,143273,109981,
L900107,2025-12-17,173377,166965,127828,
L900107,2025-12-18,134668,129458,96966,
L900107,2025-12-19,142922,137595,102601,
L900107,2025-12-20,168849,166224,117309,
L900107,2025-12-21,175006,169953,128221,
L900108,2025-11-21,351590,339594,198433,
L900108,2025-11-22,425661,418208,246989,
L900108,2025-11-23,403257,388121,225753,
L900108,2025-11-24,388112,381043,222087,
L900108,2025-11-25,341770,330633,192447,
L900108,2025-11-26,334672,321579,183715,
L900108,2025-11-27,346296,339801,193647,
L900108,2025-11-28,336645,323693,182624,
L900108,2025-11-29,415880,406871,240739,
L900108,2025-11-30,405327,400678,216298,
L900108,2025-12-01,356697,346965,202073,
L900108,2025-12-02,313545,308752,183851,
L900108,2025-12-03,302504,292579,175813,
L900108,2025-12-04,339047,326932,174785,
L900108,2025-12-05,345469,339045,193891,
L900108,2025-12-06,393949,385776,218058,
L900108,2025-12-07,408121,397982,226967,
L900108,2025-12-08,290017,278876,168843,
L900108,2025-12-09,333951,321178,181581,
L900108,2025-12-10,309862,298984,178019,
L900108,2025-12-11,305229,302172,176069,
L900108,2025-12-12,324706,313682,178639,
L900108,2025-12-13,375916,367585,208638,
L900108,2025-12-14,412608,402921,235590,
L900108,2025-12-15,319203,312106,180453,
L900108,2025-12-16,364819,356841,195101,
L900108,2025-12-17,340439,336605,188830,
L900108,2025-12-18,311925,300198,175681,
L900108,2025-12-19,325752,320614,178153,
L900108,2025-12-20,455999,438202,262220,
L900108,2025-12-21,348579,334773,184296,
L900109,2025-08-13,81255,81255,56108,238776.6
L900109,2025-08-14,90587,90587,53093,258199.9
L900109,2025-08-15,78752,78752,49177,152657.8
L900109,2025-08-16,71952,71952,48452,206264.7
L900109,2025-08-17,59069,59069,37403,110094.1
L900109,2025-08-18,65005,65005,43058,197516.2
L900109,2025-08-19,50907,50907,33784,154642.7
L900109,2025-08-20,62127,62127,35619,197736.1
L900109,2025-08-21,53938,53938,32536,151102.2
L900109,2025-08-22,44719,44719,31154,142513.8
L900109,2025-08-23,49595,49595,32646,107210.4
L900109,2025-08-24,52918,52918,33723,116358.9
L900109,2025-08-25,39825,39825,27747,97703.6
L900109,2025-08-26,40450,40450,25426,121927.2
L900109,2025-08-27,34548,34548,23775,92594.2
L900109,2025-08-28,34294,34294,19258,107734.1
L900109,2025-08-29,27197,27197,16348,61812.7
L900109,2025-08-30,30157,30157,17335,59322.8
L900109,2025-08-31,28526,28526,17711,57994.9
L900109,2025-09-01,31561,31561,19860,95128.6
L900109,2025-09-02,20669,20669,12743,58752.6
L900109,2025-09-03,23057,23057,14312,66661.1
L900109,2025-09-04,25220,25220,16136,47381.7
L900109,2025-09-05,20532,20532,11990,40175.6
L900109,2025-09-06,19476,19476,11925,46692.8
L900109,2025-09-07,17107,17107,10826,43054.6
L900109,2025-09-08,15936,15936,10627,39170.3
L900109,2025-09-09,13529,13529,9135,26810.3
L900109,2025-09-10,14607,14607,8478,38475.0
L900109,2025-09-11,13227,13227,8779,35544.1
L900109,2025-09-12,13988,13988,8499,34600.3
L900109,2025-09-13,11994,11994,7990,30580.7
L900109,2025-09-14,11673,11673,7269,34698.0
L900109,2025-09-15,11025,11025,6130,33401.7
L900109,2025-09-16,10822,10822,6860,21086.2
L900109,2025-09-17,9700,9700,6648,19932.4
L900109,2025-09-18,8621,8621,5112,15697.9
L900109,2025-09-19,9161,9161,6031,23531.5
L900109,2025-09-20,9468,9468,6321,23213.0
L900109,2025-09-21,8160,8160,5675,15047.6
L900109,2025-09-22,7124,7124,4099,15385.3
L900109,2025-09-23,7057,7057,4800,14620.8
L900109,2025-09-24,5349,5349,3558,11225.4
L900110,2025-08-13,53746,52233,48646,
L900110,2025-08-14,52184,50388,47455,
L900110,2025-08-15,59933,59280,57610,
L900110,2025-08-16,62223,59960,56340,
L900110,2025-08-17,64565,63115,60981,
L900110,2025-08-18,56171,55254,52593,
L900110,2025-08-19,57906,56257,52773,
L900110,2025-08-20,61583,60355,57335,
L900110,2025-08-21,51722,50246,47502,
L900110,2025-08-22,60997,59202,55738,
L900110,2025-08-23,72320,70416,66014,
L900110,2025-08-24,63097,61327,59069,
L900110,2025-08-25,51642,50307,48619,
L900110,2025-08-26,57086,55468,51725,
L900110,2025-08-27,55207,53731,50454,
L900110,2025-08-28,57074,55959,55273,
L900110,2025-08-29,53878,51830,49791,
L900110,2025-08-30,67345,65903,62639,
L900110,2025-08-31,66325,63907,59615,
L900110,2025-09-01,57013,55721,52613,
L900110,2025-09-02,51505,50962,49447,
L900110,2025-09-03,55964,55289,52272,
L900110,2025-09-04,61477,60303,55073,
L900110,2025-09-05,61178,60455,56368,
L900110,2025-09-06,68351,67551,63378,
L900110,2025-09-07,62251,59927,58505,
L900110,2025-09-08,63770,61324,57986,
L900110,2025-09-09,57014,54930,52246,
L900110,2025-09-10,63211,61453,55783,
L900110,2025-09-11,57199,55422,51844,
L900110,2025-09-12,45059,43452,40966,
L900110,2025-09-13,77151,74233,69547,
L900110,2025-09-14,71466,69637,67824,
L900110,2025-09-15,55468,53265,50730,
L900110,2025-09-16,47901,46268,43291,
L900110,2025-09-17,59553,57253,54459,
L900110,2025-09-18,57156,56483,53809,
L900110,2025-09-19,65261,64243,60477,
L900110,2025-09-20,75846,74001,70498,
L900110,2025-09-21,76324,73861,68358,
L900110,2025-09-22,56345,55412,52205,
L900110,2025-09-23,56144,54373,52983,
L900110,2025-09-24,57207,55282,53867,
L900111,2025-08-13,239686,235477,174328,
L900111,2025-08-14,255782,246414,181430,
L900111,2025-08-15,236899,231247,176666,
L900111,2025-08-16,301576,291522,224040,
L900111,2025-08-17,310908,299749,225701,
L900111,2025-08-18,268023,261658,189313,
L900111,2025-08-19,264113,255868,199210,
L900111,2025-08-20,261740,251788,190861,
L900111,2025-08-21,270806,260165,194119,
L900111,2025-08-22,260403,252341,189494,
L900111,2025-08-23,329557,317433,226315,
L900111,2025-08-24,316736,308105,226863,
L900111,2025-08-25,248539,244632,187368,
L900111,2025-08-26,241527,232406,165497,
L900111,2025-08-27,272908,262118,186521,
L900111,2025-08-28,217002,213908,162177,
L900111,2025-08-29,259833,249804,187216,
L900111,2025-08-30,299598,288521,205516,
L900111,2025-08-31,281128,277571,203891,
L900111,2025-09-01,230458,223846,167020,
L900111,2025-09-02,247083,242534,180372,
L900111,2025-09-03,259760,255320,190911,
L900111,2025-09-04,266828,261872,191984,
L900111,2025-09-05,260352,257663,191886,
L900111,2025-09-06,250240,245472,184823,
L900111,2025-09-07,314317,305556,229558,
L900111,2025-09-08,230162,226439,166134,
L900111,2025-09-09,234171,226427,170927,
L900111,2025-09-10,227734,224553,161998,
L900111,2025-09-11,267543,261773,190416,
L900111,2025-09-12,237519,230369,174650,
L900111,2025-09-13,334140,323880,244348,
L900111,2025-09-14,331680,319315,234814,
L900111,2025-09-15,252376,242304,176164,
L900111,2025-09-16,260018,249750,182178,
L900111,2025-09-17,247686,238659,179471,
L900111,2025-09-18,280889,276066,206487,
L900111,2025-09-19,293406,289698,210288,
L900111,2025-09-20,264923,257668,194357,
L900111,2025-09-21,291414,286477,210424,
L900111,2025-09-22,220249,212466,153403,
L900111,2025-09-23,225741,220135,160987,
L900111,2025-09-24,248477,244563,181416,
L900112,2025-10-18,130671,128797,91131,
L900112,2025-10-19,129988,125265,92976,
L900112,2025-10-20,101599,98975,73196,
L900112,2025-10-21,104076,101635,73803,
L900112,2025-10-22,100907,97842,74719,
L900112,2025-10-23,96634,94986,68333,
L900112,2025-10-24,101895,100461,72069,
L900112,2025-10-25,106874,103037,75537,
L900112,2025-10-26,138324,135988,100526,
L900112,2025-10-27,103863,102530,71504,
L900112,2025-10-28,105990,104636,77626,
L900112,2025-10-29,96953,94033,69923,
L900112,2025-10-30,103794,99948,71843,
L900112,2025-10-31,105119,101652,77656,
L900112,2025-11-01,121698,118188,85408,
L900112,2025-11-02,122198,119373,90376,
L900112,2025-11-03,92354,90063,67688,
L900112,2025-11-04,96846,93963,69987,
L900112,2025-11-05,97777,94627,68950,
L900112,2025-11-06,114878,111580,79424,
L900112,2025-11-07,106377,105118,81427,
L900112,2025-11-08,130757,125705,89675,
L900112,2025-11-09,111250,109040,79050,
L900112,2025-11-10,103694,101408,75500,
L900112,2025-11-11,91983,88747,64123,
L900112,2025-11-12,95753,94032,69243,
L900112,2025-11-13,118659,113979,82217,
L900112,2025-11-14,94397,91458,65606,
L900112,2025-11-15,130261,126194,93279,
L900112,2025-11-16,115071,113086,82863,
L900112,2025-11-17,95916,94503,70491,
L900112,2025-11-18,124391,120795,90719,
L900112,2025-11-19,101639,98427,71526,
L900112,2025-11-20,91395,89859,67814,
L900112,2025-11-21,107966,105165,76841,
L900112,2025-11-22,135991,130700,96773,
L900112,2025-11-23,131642,126631,94457,
L900112,2025-11-24,100949,97219,70085,
L900112,2025-11-25,101208,98558,74592,
L900112,2025-11-26,98238,94488,70752,
L900112,2025-11-27,93531,91192,68904,
L900112,2025-11-28,104964,101151,72419,
L900112,2025-11-29,121737,118270,89723,
L900112,2025-11-30,111473,107895,77531,
L900112,2025-12-01,101831,99750,78070,
L900112,2025-12-02,96891,94560,70911,
L900113,2025-10-18,15727,15206,14190,
L900113,2025-10-19,15914,15594,14390,
L900113,2025-10-20,11823,11371,10569,
L900113,2025-10-21,14616,14074,13104,
L900113,2025-10-22,14824,14372,13532,
L900113,2025-10-23,13570,13425,12316,
L900113,2025-10-24,13104,12788,11516,
L900113,2025-10-25,16153,15883,14817,
L900113,2025-10-26,18771,18520,17419,
L900113,2025-10-27,12691,12296,11081,
L900113,2025-10-28,13409,12901,12207,
L900113,2025-10-29,13394,12979,12211,
L900113,2025-10-30,13437,13240,12503,
L900113,2025-10-31,11892,11668,11225,
L900113,2025-11-01,15036,14737,13939,
L900113,2025-11-02,16146,15685,14550,
L900113,2025-11-03,13372,12902,12064,
L900113,2025-11-04,14134,13641,12974,
L900113,2025-11-05,15171,14682,13751,
L900113,2025-11-06,15504,15233,14195,
L900113,2025-11-07,14810,14522,13629,
L900113,2025-11-08,15780,15339,14320,
L900113,2025-11-09,17170,16559,15389,
L900113,2025-11-10,14085,13712,12989,
L900113,2025-11-11,13609,13291,11578,
L900113,2025-11-12,15465,15233,14076,
L900113,2025-11-13,12737,12608,11441,
L900113,2025-11-14,13268,12915,11865,
L900113,2025-11-15,15532,15110,13846,
L900113,2025-11-16,17205,16587,16099,
L900113,2025-11-17,14530,14142,13469,
L900113,2025-11-18,13223,13048,12161,
L900113,2025-11-19,14100,13824,12673,
L900113,2025-11-20,13170,12700,12028,
L900113,2025-11-21,14824,14651,13645,
L900113,2025-11-22,14927,14714,13597,
L900113,2025-11-23,14602,14327,13345,
L900113,2025-11-24,13913,13750,12713,
L900113,2025-11-25,13898,13428,12600,
L900113,2025-11-26,13915,13587,12309,
L900113,2025-11-27,13359,13193,12377,
L900113,2025-11-28,15357,14961,13832,
L900113,2025-11-29,17233,16901,16014,
L900113,2025-11-30,16246,15770,15028,
L900113,2025-12-01,14946,14404,13793,
L900113,2025-12-02,14135,13948,13630,
L900114,2025-10-18,351928,342403,203855,
L900114,2025-10-19,333069,324781,186294,
L900114,2025-10-20,265285,258455,157280,
L900114,2025-10-21,226881,218160,125820,
L900114,2025-10-22,205929,203226,117146,
L900114,2025-10-23,232275,227820,131143,
L900114,2025-10-24,306619,301688,185343,
L900114,2025-10-25,266172,259653,153484,
L900114,2025-10-26,320039,316225,181273,
L900114,2025-10-27,252042,249473,146071,
L900114,2025-10-28,221727,216791,121267,
L900114,2025-10-29,251922,243611,141778,
L900114,2025-10-30,234411,225439,127172,
L900114,2025-10-31,246712,239320,143047,
L900114,2025-11-01,298972,290336,177817,
L900114,2025-11-02,284068,274710,160392,
L900114,2025-11-03,241454,231839,137192,
L900114,2025-11-04,232959,229149,141739,
L900114,2025-11-05,214888,210723,129449,
L900114,2025-11-06,250286,247359,146201,
L900114,2025-11-07,275027,269009,160639,
L900114,2025-11-08,283244,273144,161701,
L900114,2025-11-09,345753,333997,187791,
L900114,2025-11-10,290611,282631,166106,
L900114,2025-11-11,239885,230892,129792,
L900114,2025-11-12,244058,240920,130312,
L900114,2025-11-13,240242,234929,135023,
L900114,2025-11-14,227138,221114,131553,
L900114,2025-11-15,295548,292162,165738,
L900114,2025-11-16,292983,288088,169137,
L900114,2025-11-17,249953,242311,137143,
L900114,2025-11-18,250995,246089,142482,
L900114,2025-11-19,225845,221810,127369,
L900114,2025-11-20,260014,252823,149530,
L900114,2025-11-21,243926,234591,139238,
L900114,2025-11-22,277230,270080,151520,
L900114,2025-11-23,294766,288240,175812,
L900114,2025-11-24,251743,245172,140849,
L900114,2025-11-25,279194,273978,157334,
L900114,2025-11-26,292923,284231,161947,
L900114,2025-11-27,228384,220336,127061,
L900114,2025-11-28,243545,240017,135332,
L900114,2025-11-29,363429,355288,208331,
L900114,2025-11-30,311985,307579,175554,
L900114,2025-12-01,237013,229247,137665,
L900114,2025-12-02,215182,211618,117901,
L900115,2025-05-09,57625,56144,51793,
L900115,2025-05-10,65048,64124,59670,
L900115,2025-05-11,69481,68264,61321,
L900115,2025-05-12,55066,53078,49151,
L900115,2025-05-13,55852,54838,50100,
L900115,2025-05-14,52106,50303,46678,
L900115,2025-05-15,47834,46934,42446,
L900115,2025-05-16,49589,47866,44639,
L900115,2025-05-17,59141,57917,53480,
L900115,2025-05-18,53455,52089,48056,
L900115,2025-05-19,56263,54192,51162,
L900115,2025-05-20,51643,49693,46456,
L900115,2025-05-21,48558,47292,45518,
L900115,2025-05-22,60607,58857,54931,
L900115,2025-05-23,62782,61941,56762,
L900115,2025-05-24,56652,55109,50469,
L900115,2025-05-25,61847,59597,58181,
L900115,2025-05-26,50834,49550,45229,
L900115,2025-05-27,48266,46947,44731,
L900115,2025-05-28,56153,54003,49698,
L900115,2025-05-29,44200,42822,38857,
L900115,2025-05-30,59165,57893,54638,
L900115,2025-05-31,63282,61781,59765,
L900115,2025-06-01,72815,70151,65190,
L900115,2025-06-02,51931,50271,46166,
L900115,2025-06-03,50820,49629,44679,
L900115,2025-06-04,45804,44764,40088,
L900115,2025-06-05,56515,54648,49116,
L900115,2025-06-06,60117,58388,53447,
L900115,2025-06-07,71702,70855,65377,
L900115,2025-06-08,55065,54242,51837,
L900115,2025-06-09,57836,57180,52141,
L900115,2025-06-10,50624,48610,44326,
L900115,2025-06-11,51503,50346,46930,
L900115,2025-06-12,50542,49743,44451,
L900115,2025-06-13,49588,47882,45203,
L900115,2025-06-14,61900,61092,56415,
L900115,2025-06-15,58265,57239,52533,
L900115,2025-06-16,57866,57278,51962,
L900115,2025-06-17,55003,54426,50667,
L900115,2025-06-18,53023,52166,47750,
L900115,2025-06-19,50541,48540,45136,
L900115,2025-06-20,49838,49334,46207,
L900115,2025-06-21,65256,64389,62679,
L900115,2025-06-22,64354,62135,55409,
L900115,2025-06-23,56843,55247,51154,
L900116,2025-05-09,10179,9923,7242,
L900116,2025-05-10,11661,11221,8170,
L900116,2025-05-11,11027,10725,8081,
L900116,2025-05-12,9918,9528,7221,
L900116,2025-05-13,9162,8815,6960,
L900116,2025-05-14,8841,8610,6094,
L900116,2025-05-15,8076,7967,6130,
L900116,2025-05-16,9051,8694,6461,
L900116,2025-05-17,10546,10192,7449,
L900116,2025-05-18,10330,10226,7663,
L900116,2025-05-19,9036,8783,6575,
L900116,2025-05-20,9354,9034,6608,
L900116,2025-05-21,8044,7936,5627,
L900116,2025-05-22,11312,10872,8366,
L900116,2025-05-23,10084,9784,7108,
L900116,2025-05-24,11033,10595,7667,
L900116,2025-05-25,9867,9482,6905,
L900116,2025-05-26,10073,9846,7451,
L900116,2025-05-27,8400,8116,5954,
L900116,2025-05-28,9653,9386,6838,
L900116,2025-05-29,9165,8924,6675,
L900116,2025-05-30,9392,9087,6770,
L900116,2025-05-31,10448,10117,7375,
L900116,2025-06-01,10025,9797,6943,
L900116,2025-06-02,9024,8893,6725,
L900116,2025-06-03,8101,7986,5953,
L900116,2025-06-04,9679,9419,6624,
L900116,2025-06-05,8910,8704,6727,
L900116,2025-06-06,9509,9351,6569,
L900116,2025-06-07,11605,11291,8186,
L900116,2025-06-08,11634,11252,8171,
L900116,2025-06-09,9069,8857,6458,
L900116,2025-06-10,9109,8892,6479,
L900116,2025-06-11,8944,8843,6335,
L900116,2025-06-12,9465,9095,6762,
L900116,2025-06-13,7929,7706,5855,
L900116,2025-06-14,10869,10737,7980,
L900116,2025-06-15,11699,11322,8452,
L900116,2025-06-16,9956,9604,7050,
L900116,2025-06-17,9861,9570,7105,
L900116,2025-06-18,9477,9305,6960,
L900116,2025-06-19,10011,9856,7435,
L900116,2025-06-20,8784,8577,6236,
L900116,2025-06-21,10981,10577,7666,
L900116,2025-06-22,10097,9875,6887,
L900116,2025-06-23,7978,7835,6109,
L900117,2026-06-03,2163,2086,1956,
L900117,2026-06-04,1870,1837,1653,
L900117,2026-06-05,1878,1813,1754,
L900117,2026-06-06,2556,2519,2356,
L900117,2026-06-07,2064,1991,1813,
L900117,2026-06-08,1749,1709,1633,
L900117,2026-06-09,2122,2089,1950,
L900117,2026-06-10,1832,1770,1700,
L900117,2026-06-11,1730,1694,1577,
L900117,2026-06-12,1947,1886,1721,
L900117,2026-06-13,2157,2120,1941,
L900117,2026-06-14,2530,2490,2411,
L900117,2026-06-15,1895,1822,1684,
L900117,2026-06-16,1787,1760,1636,
L900117,2026-06-17,1795,1761,1634,
L900117,2026-06-18,1939,1887,1739,
L900117,2026-06-19,1849,1810,1676,
L900117,2026-06-20,2215,2181,2009,
L900117,2026-06-21,2411,2347,2099,
L900117,2026-06-22,2114,2039,1901,
L900117,2026-06-23,1969,1928,1820,
L900117,2026-06-24,1771,1719,1567,
L900117,2026-06-25,1722,1663,1538,
L900117,2026-06-26,1982,1931,1773,
L900117,2026-06-27,2383,2332,2058,
L900117,2026-06-28,2202,2155,2054,
L900117,2026-06-29,1852,1798,1642,
L900117,2026-06-30,1779,1731,1504,
L900117,2026-07-01,1725,1656,1575,
L900117,2026-07-02,1790,1764,1624,
L900117,2026-07-03,1527,1485,1332,
L900117,2026-07-04,2489,2450,2308,
L900117,2026-07-05,2037,1981,1817,
L900117,2026-07-06,1873,1825,1653,
L900117,2026-07-07,1576,1530,1418,
L900117,2026-07-08,1963,1908,1797,
L900117,2026-07-09,2009,1981,1780,
L900117,2026-07-10,1886,1820,1682,
L900117,2026-07-11,2257,2203,2039,
L900117,2026-07-12,2152,2108,1833,
L900117,2026-07-13,2052,2026,1897,
L900117,2026-07-14,1654,1615,1517,
L900117,2026-07-15,1810,1783,1643,
L900117,2026-07-16,1762,1700,1599,
L900117,2026-07-17,1757,1689,1533,
L900117,2026-07-18,2478,2392,2216,
L900117,2026-07-19,2246,2161,2039,
L900117,2026-07-20,1777,1725,1588,
L900117,2026-07-21,1923,1893,1702,
L900117,2026-07-22,1910,1850,1692,
L900117,2026-07-23,2006,1974,1857,
L900117,2026-07-24,1940,1898,1704,
L900117,2026-07-25,2254,2182,1977,
L900117,2026-07-26,2266,2212,1954,
L900117,2026-07-27,1646,1625,1549,
L900117,2026-07-28,1933,1889,1743,
L900117,2026-07-29,1741,1680,1525,
L900117,2026-07-30,1907,1839,1697,
L900117,2026-07-31,2110,2086,1932,
L900117,2026-08-01,2283,2208,1992,
L900117,2026-08-02,2207,2130,1988,
L900118,2026-06-03,13683,13528,12940,
L900118,2026-06-04,15962,15440,14712,
L900118,2026-06-05,15540,14949,14387,
L900118,2026-06-06,18729,18066,16942,
L900118,2026-06-07,16948,16460,15570,
L900118,2026-06-08,14859,14555,14057,
L900118,2026-06-09,14379,13946,13493,
L900118,2026-06-10,13595,13399,12966,
L900118,2026-06-11,15393,14804,14264,
L900118,2026-06-12,14389,14080,13576,
L900118,2026-06-13,16001,15711,14987,
L900118,2026-06-14,17648,17465,16127,
L900118,2026-06-15,14777,14311,13238,
L900118,2026-06-16,13749,13527,12861,
L900118,2026-06-17,13404,13142,12506,
L900118,2026-06-18,14312,13753,12839,
L900118,2026-06-19,14883,14669,13711,
L900118,2026-06-20,20388,19927,18887,
L900118,2026-06-21,15619,15375,14303,
L900118,2026-06-22,15543,15298,14407,
L900118,2026-06-23,12683,12284,11879,
L900118,2026-06-24,13763,13535,13035,
L900118,2026-06-25,15302,14976,14309,
L900118,2026-06-26,16965,16670,15261,
L900118,2026-06-27,16106,15580,14721,
L900118,2026-06-28,20351,20071,19789,
L900118,2026-06-29,15704,15214,14211,
L900118,2026-06-30,13465,13025,12157,
L900118,2026-07-01,13344,13178,12912,
L900118,2026-07-02,13959,13648,12935,
L900118,2026-07-03,15118,14573,13359,
L900118,2026-07-04,17306,17035,15809,
L900118,2026-07-05,16828,16168,15169,
L900118,2026-07-06,13510,13198,12597,
L900118,2026-07-07,14488,14230,13455,
L900118,2026-07-08,14659,14512,13534,
L900118,2026-07-09,15013,14516,13730,
L900118,2026-07-10,13686,13190,12320,
L900118,2026-07-11,16901,16714,16503,
L900118,2026-07-12,17146,16598,15388,
L900118,2026-07-13,15283,14795,13915,
L900118,2026-07-14,14560,14048,13175,
L900118,2026-07-15,15695,15340,14391,
L900118,2026-07-16,15828,15405,14311,
L900118,2026-07-17,13903,13485,13188,
L900118,2026-07-18,17466,17080,16909,
L900118,2026-07-19,16863,16346,15612,
L900118,2026-07-20,16406,16180,14881,
L900118,2026-07-21,12371,12099,11301,
L900118,2026-07-22,15163,14617,13415,
L900118,2026-07-23,14916,14344,13777,
L900118,2026-07-24,16531,15940,15476,
L900118,2026-07-25,17736,17541,17140,
L900118,2026-07-26,17977,17474,16439,
L900118,2026-07-27,12933,12444,11680,
L900118,2026-07-28,14191,13819,13176,
L900118,2026-07-29,11805,11541,10913,
L900118,2026-07-30,14269,13817,13277,
L900118,2026-07-31,16089,15477,14760,
L900118,2026-08-01,15980,15347,14021,
L900118,2026-08-02,18181,17553,16370,
L900119,2026-06-03,16373,16098,11415,
L900119,2026-06-04,15379,14887,11401,
L900119,2026-06-05,15927,15334,10704,
L900119,2026-06-06,16609,16045,11462,
L900119,2026-06-07,18573,18079,13527,
L900119,2026-06-08,11548,11301,8294,
L900119,2026-06-09,15670,15417,11454,
L900119,2026-06-10,14899,14564,10671,
L900119,2026-06-11,13479,13012,9624,
L900119,2026-06-12,14788,14394,10828,
L900119,2026-06-13,18820,18464,13695,
L900119,2026-06-14,19388,18670,13675,
L900119,2026-06-15,13025,12649,9480,
L900119,2026-06-16,14875,14602,10950,
L900119,2026-06-17,13237,12758,9897,
L900119,2026-06-18,15563,15138,11114,
L900119,2026-06-19,13624,13467,10255,
L900119,2026-06-20,16255,15835,12434,
L900119,2026-06-21,16952,16350,12661,
L900119,2026-06-22,14509,14299,11033,
L900119,2026-06-23,13861,13568,10045,
L900119,2026-06-24,15674,15234,11474,
L900119,2026-06-25,16023,15566,11367,
L900119,2026-06-26,14826,14632,11193,
L900119,2026-06-27,16821,16219,12187,
L900119,2026-06-28,17514,16826,12520,
L900119,2026-06-29,14826,14509,10507,
L900119,2026-06-30,14419,13894,10321,
L900119,2026-07-01,14605,14375,11089,
L900119,2026-07-02,15916,15388,11476,
L900119,2026-07-03,13827,13275,9604,
L900119,2026-07-04,20642,20183,14527,
L900119,2026-07-05,17989,17625,13169,
L900119,2026-07-06,14360,14164,10197,
L900119,2026-07-07,13802,13623,9932,
L900119,2026-07-08,13890,13465,10321,
L900119,2026-07-09,14716,14188,10350,
L900119,2026-07-10,14852,14285,10761,
L900119,2026-07-11,17335,16728,12680,
L900119,2026-07-12,16014,15424,11775,
L900119,2026-07-13,14716,14283,10555,
L900119,2026-07-14,13910,13449,9621,
L900119,2026-07-15,12763,12379,8971,
L900119,2026-07-16,15419,14806,10671,
L900119,2026-07-17,12902,12422,8966,
L900119,2026-07-18,17278,16695,12238,
L900119,2026-07-19,17643,17345,13193,
L900119,2026-07-20,16198,15598,12168,
L900119,2026-07-21,12812,12545,9068,
L900119,2026-07-22,15549,15066,11012,
L900119,2026-07-23,15740,15424,11477,
L900119,2026-07-24,16587,15948,12134,
L900119,2026-07-25,19340,19060,13947,
L900119,2026-07-26,17688,17237,12650,
L900119,2026-07-27,12952,12663,9743,
L900119,2026-07-28,15605,15279,11201,
L900119,2026-07-29,16263,15739,11448,
L900119,2026-07-30,12561,12286,9339,
L900119,2026-07-31,13220,12741,9378,
L900119,2026-08-01,18121,17772,13288,
L900119,2026-08-02,19037,18419,13844,
L900120,2025-04-13,120493,119182,88896,
L900120,2025-04-14,93461,91129,70282,
L900120,2025-04-15,94337,91232,66879,
L900120,2025-04-16,95048,93580,67882,
L900120,2025-04-17,106374,104124,75950,
L900120,2025-04-18,115986,113696,84650,
L900120,2025-04-19,123866,121514,89595,
L900120,2025-04-20,141181,137819,104491,
L900120,2025-04-21,96579,93032,67577,
L900120,2025-04-22,110296,106480,79547,
L900120,2025-04-23,97330,96145,72587,
L900120,2025-04-24,98686,94760,72593,
L900120,2025-04-25,110760,108893,78115,
L900120,2025-04-26,123186,120043,87519,
L900120,2025-04-27,130275,125225,92155,
L900120,2025-04-28,96522,94087,67000,
L900120,2025-04-29,110927,107761,80360,
L900120,2025-04-30,107157,104717,78057,
L900120,2025-05-01,100998,99871,74272,
L900120,2025-05-02,127839,126102,96277,
L900120,2025-05-03,125662,123491,90090,
L900120,2025-05-04,99195,96979,73837,
L900120,2025-05-05,112946,111769,81493,
L900120,2025-05-06,94089,91539,65623,
L900120,2025-05-07,110037,105950,78213,
L900120,2025-05-08,112139,110589,82027,
L900120,2025-05-09,114478,113136,84556,
L900120,2025-05-10,137159,132355,92411,
L900120,2025-05-11,115928,112915,82734,
L900120,2025-05-12,115437,112699,87635,
L900120,2025-05-13,104863,101580,73926,
L900120,2025-05-14,89641,87220,66049,
L900120,2025-05-15,101582,97693,78072,
L900120,2025-05-16,99974,97533,76281,
L900120,2025-05-17,136331,133481,96030,
L900120,2025-05-18,131019,128866,97348,
L900120,2025-05-19,104345,101295,76655,
L900120,2025-05-20,113196,110458,83056,
L900120,2025-05-21,106119,102485,73430,
L900120,2025-05-22,105607,103723,77120,
L900120,2025-05-23,90312,87164,64796,
L900120,2025-05-24,127634,125495,89611,
L900120,2025-05-25,125203,122822,90122,
L900120,2025-05-26,122667,120375,89607,
L900120,2025-05-27,115067,112113,82699,
L900120,2025-05-28,90330,87813,66162,
L900120,2025-05-29,100664,97156,71243,
L900120,2025-05-30,97308,95574,70863,
L900120,2025-05-31,139591,135121,102510,
L900120,2025-06-01,144953,141252,109408,
L900120,2025-06-02,88868,87068,62351,
L900120,2025-06-03,90888,89376,67267,
L900120,2025-06-04,100368,97444,71155,
L900120,2025-06-05,104418,103135,77109,
L900120,2025-06-06,93633,92309,65984,
L900120,2025-06-07,128643,125958,96228,
L900120,2025-06-08,128369,124462,90131,
L900120,2025-06-09,87998,85463,64870,
L900120,2025-06-10,100003,98360,70529,
L900120,2025-06-11,91678,89088,63360,
L900120,2025-06-12,98088,95798,70432,
L900121,2025-04-13,61701,59552,34246,
L900121,2025-04-14,59152,58329,31842,
L900121,2025-04-15,50873,48851,28503,
L900121,2025-04-16,46083,44386,25828,
L900121,2025-04-17,53316,51476,29955,
L900121,2025-04-18,55787,54776,29384,
L900121,2025-04-19,56701,55561,33864,
L900121,2025-04-20,65234,63868,37733,
L900121,2025-04-21,55179,53249,28843,
L900121,2025-04-22,53421,52699,31687,
L900121,2025-04-23,47577,46101,29162,
L900121,2025-04-24,51013,49235,26397,
L900121,2025-04-25,51756,50324,28463,
L900121,2025-04-26,66464,64979,38399,
L900121,2025-04-27,57889,56010,34168,
L900121,2025-04-28,53999,52131,29372,
L900121,2025-04-29,49613,47647,28127,
L900121,2025-04-30,48760,48054,27549,
L900121,2025-05-01,50372,48613,27159,
L900121,2025-05-02,41253,39804,23276,
L900121,2025-05-03,51124,50493,28283,
L900121,2025-05-04,52181,50230,27477,
L900121,2025-05-05,51937,50747,29207,
L900121,2025-05-06,49186,47476,26286,
L900121,2025-05-07,47589,45701,26850,
L900121,2025-05-08,50015,48034,28650,
L900121,2025-05-09,54102,53077,30516,
L900121,2025-05-10,51789,50366,28450,
L900121,2025-05-11,60322,58217,32861,
L900121,2025-05-12,45987,45104,26223,
L900121,2025-05-13,59989,57660,32879,
L900121,2025-05-14,50213,48821,27035,
L900121,2025-05-15,55220,53011,31673,
L900121,2025-05-16,53461,52795,32056,
L900121,2025-05-17,58719,57941,33255,
L900121,2025-05-18,69114,68066,40339,
L900121,2025-05-19,41307,39719,23398,
L900121,2025-05-20,47887,46805,27987,
L900121,2025-05-21,51864,50458,27509,
L900121,2025-05-22,51304,49536,28939,
L900121,2025-05-23,51684,50356,29786,
L900121,2025-05-24,68074,65933,38786,
L900121,2025-05-25,60909,58544,35299,
L900121,2025-05-26,59235,58140,34785,
L900121,2025-05-27,51053,49952,29404,
L900121,2025-05-28,51253,49279,28600,
L900121,2025-05-29,58924,57910,32720,
L900121,2025-05-30,54864,53615,30961,
L900121,2025-05-31,53597,51848,29876,
L900121,2025-06-01,58138,57143,33803,
L900121,2025-06-02,50591,49385,27633,
L900121,2025-06-03,56134,54187,32609,
L900121,2025-06-04,56597,54605,31929,
L900121,2025-06-05,50080,49333,29307,
L900121,2025-06-06,47904,46122,26870,
L900121,2025-06-07,59943,59253,32635,
L900121,2025-06-08,61417,59369,33910,
L900121,2025-06-09,49249,48538,28505,
L900121,2025-06-10,55337,54277,30559,
L900121,2025-06-11,48872,47532,26841,
L900121,2025-06-12,46888,45042,25588,
L900122,2025-04-13,14985,14985,9430,36652.8
L900122,2025-04-14,13759,13759,8927,30937.4
L900122,2025-04-15,11228,11228,6648,21953.6
L900122,2025-04-16,13354,13354,8716,31851.7
L900122,2025-04-17,12187,12187,8239,30023.9
L900122,2025-04-18,9542,9542,5872,18909.6
L900122,2025-04-19,11085,11085,6564,30951.5
L900122,2025-04-20,9605,9605,6310,22049.1
L900122,2025-04-21,8622,8622,4761,19449.4
L900122,2025-04-22,8544,8544,5292,17770.1
L900122,2025-04-23,7749,7749,4754,18772.5
L900122,2025-04-24,7715,7715,4735,15470.6
L900122,2025-04-25,7019,7019,4095,13728.1
L900122,2025-04-26,6270,6270,4373,19063.8
L900122,2025-04-27,4873,4873,3255,9553.7
L900122,2025-04-28,6058,6058,3916,17626.3
L900122,2025-04-29,5217,5217,3072,14594.9
L900122,2025-04-30,5501,5501,3821,12209.7
L900122,2025-05-01,5038,5038,3480,14114.4
L900122,2025-05-02,4370,4370,2658,9554.7
L900122,2025-05-03,4699,4699,3160,9223.3
L900122,2025-05-04,4097,4097,2713,10011.7
L900122,2025-05-05,3843,3843,2381,10460.2
L900122,2025-05-06,3512,3512,2136,8101.5
L900122,2025-05-07,3918,3918,2713,11957.8
L900122,2025-05-08,2933,2933,1944,7012.2
L900122,2025-05-09,2878,2878,1881,8363.6
L900122,2025-05-10,2454,2454,1572,5035.8
L900122,2025-05-11,2830,2830,1970,8338.0
L900122,2025-05-12,2340,2340,1595,6861.8
L900122,2025-05-13,2230,2230,1384,6693.8
L900122,2025-05-14,2089,2089,1180,5370.1
L900122,2025-05-15,2088,2088,1154,4011.4
L900122,2025-05-16,1710,1710,1157,4561.6
L900122,2025-05-17,1427,1427,905,2913.1
L900122,2025-05-18,1812,1812,1186,3366.1
L900122,2025-05-19,1287,1287,740,3326.3
L900122,2025-05-20,1668,1668,1028,3625.0
L900122,2025-05-21,1673,1673,987,4811.6
L900122,2025-05-22,1341,1341,771,2918.2
L900122,2025-05-23,1451,1451,891,3292.8
L900122,2025-05-24,1206,1206,698,3561.9
L900122,2025-05-25,1321,1321,840,3207.5
L900122,2025-05-26,1023,1023,679,1856.8
L900122,2025-05-27,771,771,465,1704.5
L900122,2025-05-28,943,943,594,2681.4
L900122,2025-05-29,1049,1049,636,3005.9
L900122,2025-05-30,888,888,544,2304.3
L900122,2025-05-31,753,753,445,1848.4
L900122,2025-06-01,772,772,447,1858.5
L900122,2025-06-02,773,773,507,1459.8
L900122,2025-06-03,658,658,363,2066.2
L900122,2025-06-04,789,789,504,1671.1
L900122,2025-06-05,558,558,380,1493.3
L900122,2025-06-06,609,609,363,1728.8
L900122,2025-06-07,561,561,331,1081.6
L900122,2025-06-08,457,457,301,972.6
L900122,2025-06-09,443,443,295,1171.6
L900122,2025-06-10,480,480,324,885.8
L900122,2025-06-11,416,416,277,1026.6
L900122,2025-06-12,399,399,224,1093.6
L900123,2026-07-24,157143,153161,114219,
L900123,2026-07-25,179817,176117,131597,
L900123,2026-07-26,174824,169984,123775,
L900123,2026-07-27,146418,140973,103011,
L900123,2026-07-28,175353,169507,128526,
L900123,2026-07-29,137740,134317,104864,
L900123,2026-07-30,144137,142291,105379,
L900123,2026-07-31,160027,154883,108511,
L900123,2026-08-01,177314,171350,124834,
L900123,2026-08-02,183706,176640,132020,
L900123,2026-08-03,148385,145689,107449,
L900123,2026-08-04,162030,155949,116342,
L900123,2026-08-05,149803,147192,109357,
L900123,2026-08-06,171237,168719,125434,
L900123,2026-08-07,143163,141572,99358,
L900123,2026-08-08,160007,155293,113466,
L900123,2026-08-09,179174,174241,127002,
L900123,2026-08-10,153502,151488,110378,
L900123,2026-08-11,138384,136373,102586,
L900123,2026-08-12,165665,159691,114635,
L900123,2026-08-13,152219,150134,105379,
L900123,2026-08-14,131695,129410,94239,
L900123,2026-08-15,197151,191655,138839,
L900123,2026-08-16,168941,166869,123603,
L900123,2026-08-17,149751,147810,107058,
L900123,2026-08-18,173032,170170,125022,
L900123,2026-08-19,150664,146299,107085,
L900123,2026-08-20,154563,149757,114519,
L900123,2026-08-21,169180,165935,120262,
L900123,2026-08-22,196658,191856,144082,
L900123,2026-08-23,194832,191810,141586,
L900124,2025-11-21,101071,98760,74968,
L900124,2025-11-22,128086,126568,94162,
L900124,2025-11-23,112854,108844,75189,
L900124,2025-11-24,81911,79802,58424,
L900124,2025-11-25,85749,84108,63609,
L900124,2025-11-26,84177,82266,60052,
L900124,2025-11-27,90556,87232,66653,
L900124,2025-11-28,89456,87963,65888,
L900124,2025-11-29,115610,112054,84944,
L900124,2025-11-30,121570,116856,86395,
L900124,2025-12-01,81271,79128,58187,
L900124,2025-12-02,93882,92496,68976,
L900124,2025-12-03,88483,86435,65934,
L900124,2025-12-04,94134,90426,65250,
L900124,2025-12-05,90585,89614,69770,
L900124,2025-12-06,119878,116389,88568,
L900124,2025-12-07,104343,102526,74456,
L900124,2025-12-08,88906,86492,64323,
L900124,2025-12-09,92723,89952,65683,
L900124,2025-12-10,91293,87741,63534,
L900124,2025-12-11,92679,90934,69315,
L900124,2025-12-12,82649,80444,60086,
L900124,2025-12-13,126396,124809,91901,
L900124,2025-12-14,109012,106588,80845,
L900124,2025-12-15,86628,83801,61974,
L900124,2025-12-16,86209,82830,58196,
L900124,2025-12-17,92888,90518,64696,
L900124,2025-12-18,93944,91426,69694,
L900124,2025-12-19,107981,104345,77410,
L900124,2025-12-20,123109,121203,90657,
L900124,2025-12-21,110339,107484,75400,
L900124,2025-12-22,106267,104539,75165,
L900124,2025-12-23,104434,103091,77394,
L900124,2025-12-24,86690,84647,63166,
L900124,2025-12-25,110077,106121,81788,
L900124,2025-12-26,90175,88556,64270,
L900124,2025-12-27,114741,111599,82213,
L900124,2025-12-28,124753,123085,92903,
L900124,2025-12-29,81302,79209,59341,
L900124,2025-12-30,92685,90575,67092,
L900124,2025-12-31,95904,92876,70954,
L900124,2026-01-01,101387,97578,70744,
L900124,2026-01-02,93591,89892,65713,
L900124,2026-01-03,98513,96085,70892,
L900124,2026-01-04,130627,127393,89908,
L900124,2026-01-05,93851,91524,67625,
L900124,2026-01-06,96196,93297,67243,
L900124,2026-01-07,83311,81234,57873,
L900124,2026-01-08,104044,100910,72690,
L900124,2026-01-09,90274,88281,69043,
L900124,2026-01-10,107142,105512,78801,
L900124,2026-01-11,123515,120009,91244,
L900124,2026-01-12,84015,82548,59907,
L900124,2026-01-13,96306,94108,73270,
L900124,2026-01-14,88303,85312,62288,
L900124,2026-01-15,97188,95282,71689,
L900124,2026-01-16,99149,95686,69187,
L900124,2026-01-17,108983,106307,79125,
L900124,2026-01-18,125323,122633,90163,
L900124,2026-01-19,93864,92496,66549,
L900124,2026-01-20,108048,106176,78897,
L900125,2025-11-21,142835,142835,99714,261916.3
L900125,2025-11-22,135259,135259,91512,394732.8
L900125,2025-11-23,107356,107356,69314,320718.0
L900125,2025-11-24,93366,93366,63169,251296.5
L900125,2025-11-25,126047,126047,80121,251413.2
L900125,2025-11-26,106322,106322,60358,259167.9
L900125,2025-11-27,101406,101406,59764,304119.3
L900125,2025-11-28,81882,81882,50225,227650.2
L900125,2025-11-29,80162,80162,45023,241291.3
L900125,2025-11-30,91804,91804,59894,222156.0
L900125,2025-12-01,91756,91756,56069,191614.6
L900125,2025-12-02,69031,69031,46653,197949.9
L900125,2025-12-03,73972,73972,45147,150015.4
L900125,2025-12-04,66521,66521,45875,182708.7
L900125,2025-12-05,60738,60738,41420,149682.3
L900125,2025-12-06,68622,68622,47453,179261.5
L900125,2025-12-07,52056,52056,30015,154698.4
L900125,2025-12-08,57723,57723,39014,110373.8
L900125,2025-12-09,50206,50206,35108,147754.3
L900125,2025-12-10,45468,45468,31353,113067.7
L900125,2025-12-11,48777,48777,30938,116389.3
L900125,2025-12-12,41567,41567,24874,126238.9
L900125,2025-12-13,37675,37675,21874,110236.9
L900125,2025-12-14,40769,40769,25258,99499.1
L900125,2025-12-15,37955,37955,26081,68641.8
L900125,2025-12-16,35595,35595,21835,105455.2
L900125,2025-12-17,18290,18290,11735,37316.4
L900125,2025-12-18,29423,29423,18774,59458.9
L900125,2025-12-19,27104,27104,15745,75176.7
L900125,2025-12-20,24908,24908,15700,78090.4
L900125,2025-12-21,24975,24975,14614,75873.7
L900125,2025-12-22,22746,22746,14811,48502.8
L900125,2025-12-23,22293,22293,13354,61571.6
L900125,2025-12-24,19135,19135,12360,52989.8
L900125,2025-12-25,21291,21291,12070,49018.5
L900125,2025-12-26,18797,18797,11933,59581.8
L900125,2025-12-27,17314,17314,10690,55256.5
L900125,2025-12-28,16230,16230,10384,30657.1
L900125,2025-12-29,16251,16251,9766,41505.9
L900125,2025-12-30,15119,15119,8746,35000.6
L900125,2025-12-31,12773,12773,8933,32477.9
L900125,2026-01-01,13371,13371,9276,29151.1
L900125,2026-01-02,11657,11657,7393,29348.6
L900125,2026-01-03,12859,12859,8568,35004.3
L900125,2026-01-04,11278,11278,6617,21157.8
L900125,2026-01-05,8971,8971,5131,27094.1
L900125,2026-01-06,11114,11114,7243,31525.2
L900125,2026-01-07,6704,6704,4155,17123.9
L900125,2026-01-08,8503,8503,5205,21281.3
L900125,2026-01-09,7004,7004,4826,16395.7
L900125,2026-01-10,8424,8424,5109,22721.6
L900125,2026-01-11,6846,6846,4446,18819.1
L900125,2026-01-12,5789,5789,3482,15649.3
L900125,2026-01-13,5764,5764,3671,16472.6
L900125,2026-01-14,5179,5179,3549,9697.8
L900125,2026-01-15,5091,5091,3089,15228.6
L900125,2026-01-16,4784,4784,3264,12502.0
L900125,2026-01-17,4308,4308,2836,8610.3
L900125,2026-01-18,4505,4505,3052,11331.9
L900125,2026-01-19,4293,4293,2572,8927.7
L900125,2026-01-20,3503,3503,2162,6532.9
L900126,2025-11-21,44347,43206,41505,
L900126,2025-11-22,55440,54780,52644,
L900126,2025-11-23,58970,58340,56586,
L900126,2025-11-24,52547,51095,50584,
L900126,2025-11-25,37184,36029,32644,
L900126,2025-11-26,43245,42094,40413,
L900126,2025-11-27,43007,41348,39862,
L900126,2025-11-28,42335,40681,38082,
L900126,2025-11-29,50105,49046,46397,
L900126,2025-11-30,55914,53730,50520,
L900126,2025-12-01,42270,41391,39793,
L900126,2025-12-02,42582,41985,40823,
L900126,2025-12-03,40087,39516,36642,
L900126,2025-12-04,44325,43156,41347,
L900126,2025-12-05,40276,39150,38244,
L900126,2025-12-06,60446,58986,55296,
L900126,2025-12-07,58612,57323,51725,
L900126,2025-12-08,46995,45699,42630,
L900126,2025-12-09,46649,45026,41909,
L900126,2025-12-10,43033,42434,39624,
L900126,2025-12-11,42530,41206,40653,
L900126,2025-12-12,42896,41565,41149,
L900126,2025-12-13,50763,49534,48535,
L900126,2025-12-14,45567,44772,42276,
L900126,2025-12-15,41414,39794,39028,
L900126,2025-12-16,43911,43275,39304,
L900126,2025-12-17,38735,37717,35067,
L900126,2025-12-18,46503,45363,43825,
L900126,2025-12-19,42230,41376,38853,
L900126,2025-12-20,55382,54771,50795,
L900126,2025-12-21,54298,53675,51391,
L900126,2025-12-22,42320,40860,39141,
L900126,2025-12-23,43624,42725,41013,
L900126,2025-12-24,38652,37838,36411,
L900126,2025-12-25,46824,45075,43110,
L900126,2025-12-26,45351,44106,41803,
L900126,2025-12-27,56115,53874,51250,
L900126,2025-12-28,47569,47003,45423,
L900126,2025-12-29,37613,36881,35245,
L900126,2025-12-30,41940,41167,38739,
L900126,2025-12-31,43865,43274,40496,
L900126,2026-01-01,45043,43761,41622,
L900126,2026-01-02,41133,39623,38702,
L900126,2026-01-03,53238,52385,50426,
L900126,2026-01-04,58316,56693,55445,
L900126,2026-01-05,45277,43645,41198,
L900126,2026-01-06,38321,37429,35712,
L900126,2026-01-07,47059,45925,43954,
L900126,2026-01-08,31346,30882,29875,
L900126,2026-01-09,46495,44970,42450,
L900126,2026-01-10,56521,54463,52423,
L900126,2026-01-11,49507,47611,46441,
L900126,2026-01-12,38883,38211,36256,
L900126,2026-01-13,42727,41242,38499,
L900126,2026-01-14,44322,43776,42734,
L900126,2026-01-15,47589,45963,44330,
L900126,2026-01-16,37399,36914,34081,
L900126,2026-01-17,53076,51374,48770,
L900126,2026-01-18,50293,48687,48107,
L900126,2026-01-19,43637,42318,40661,
L900126,2026-01-20,46690,45655,43422,
L900127,2025-09-27,106956,106956,61775,230416.9
L900127,2025-09-28,104444,104444,73084,287498.1
L900127,2025-09-29,94835,94835,64606,290193.8
L900127,2025-09-30,114019,114019,64099,206982.4
L900127,2025-10-01,100316,100316,66404,294398.3
L900127,2025-10-02,82700,82700,57027,165370.7
L900127,2025-10-03,75250,75250,43219,227832.0
L900127,2025-10-04,88312,88312,51418,232732.1
L900127,2025-10-05,75694,75694,48280,235734.1
L900127,2025-10-06,78501,78501,45014,165791.0
L900127,2025-10-07,64401,64401,38939,116729.2
L900127,2025-10-08,64139,64139,40580,139358.9
L900127,2025-10-09,59190,59190,36561,174733.9
L900127,2025-10-10,50740,50740,34961,95508.8
L900127,2025-10-11,50232,50232,32224,136060.2
L900127,2025-10-12,42314,42314,26121,83976.5
L900127,2025-10-13,47437,47437,31457,101477.1
L900127,2025-10-14,45811,45811,27382,136619.7
L900127,2025-10-15,44061,44061,30124,98329.8
L900127,2025-10-16,40273,40273,24276,85025.5
L900127,2025-10-17,35102,35102,23329,75756.4
L900127,2025-10-18,38684,38684,25650,107536.8
L900127,2025-10-19,34351,34351,23093,99813.1
L900127,2025-10-20,33824,33824,22554,74065.6
L900127,2025-10-21,32030,32030,17694,68553.8
L900127,2025-10-22,26011,26011,15867,72372.0
L900127,2025-10-23,25770,25770,17422,78815.1
L900127,2025-10-24,25173,25173,15909,49500.2
L900127,2025-10-25,19474,19474,13264,50592.2
L900127,2025-10-26,18386,18386,12864,39498.2
L900127,2025-10-27,16979,16979,10279,52884.5
L900128,2025-09-27,37666,36611,26040,
L900128,2025-09-28,39161,37773,27879,
L900128,2025-09-29,34992,33799,26371,
L900128,2025-09-30,33136,31936,23187,
L900128,2025-10-01,33622,32708,24210,
L900128,2025-10-02,31354,30458,22014,
L900128,2025-10-03,30781,30294,22309,
L900128,2025-10-04,41188,40287,30224,
L900128,2025-10-05,44350,43407,32706,
L900128,2025-10-06,33053,32255,23671,
L900128,2025-10-07,29315,28391,20685,
L900128,2025-10-08,30178,29037,20000,
L900128,2025-10-09,29389,28542,22035,
L900128,2025-10-10,32911,31901,23366,
L900128,2025-10-11,39932,39312,27555,
L900128,2025-10-12,39572,39138,29962,
L900128,2025-10-13,31658,31204,21985,
L900128,2025-10-14,30909,30290,23189,
L900128,2025-10-15,32630,31495,22412,
L900128,2025-10-16,38023,37355,26705,
L900128,2025-10-17,31347,30987,22287,
L900128,2025-10-18,35491,34269,25049,
L900128,2025-10-19,40668,39681,30388,
L900128,2025-10-20,30981,29913,21531,
L900128,2025-10-21,33192,32821,24620,
L900128,2025-10-22,32583,31830,23729,
L900128,2025-10-23,31680,30535,22655,
L900128,2025-10-24,31504,30606,23303,
L900128,2025-10-25,45598,44318,32954,
L900128,2025-10-26,38678,38252,28502,
L900128,2025-10-27,30286,29936,22610,
L900129,2026-06-20,14318,13920,13475,
L900129,2026-06-21,14838,14328,13333,
L900129,2026-06-22,12583,12209,11656,
L900129,2026-06-23,13180,12894,12463,
L900129,2026-06-24,12132,11861,11155,
L900129,2026-06-25,12241,12078,11561,
L900129,2026-06-26,12713,12433,11886,
L900129,2026-06-27,14708,14481,14045,
L900129,2026-06-28,14017,13703,13565,
L900129,2026-06-29,12986,12753,11827,
L900129,2026-06-30,12421,12218,11795,
L900129,2026-07-01,11897,11683,10749,
L900129,2026-07-02,11222,10856,10430,
L900129,2026-07-03,10521,10201,9395,
L900129,2026-07-04,15452,15090,14268,
L900129,2026-07-05,13991,13631,12814,
L900129,2026-07-06,10799,10682,10251,
L900129,2026-07-07,11449,11182,10503,
L900129,2026-07-08,12579,12250,11574,
L900129,2026-07-09,11549,11258,10247,
L900129,2026-07-10,12599,12325,11728,
L900129,2026-07-11,14203,13793,12817,
L900129,2026-07-12,14831,14585,13995,
L900129,2026-07-13,12335,11846,11641,
L900129,2026-07-14,12929,12458,11808,
L900129,2026-07-15,12962,12542,11927,
L900129,2026-07-16,12283,11855,11569,
L900129,2026-07-17,11360,11083,10534,
L900129,2026-07-18,16226,15998,15296,
L900129,2026-07-19,14378,13911,12740,
L900129,2026-07-20,10016,9798,9700,
L900129,2026-07-21,12541,12132,11383,
L900129,2026-07-22,12581,12201,11359,
L900129,2026-07-23,11915,11653,10851,
L900129,2026-07-24,10855,10663,9680,
L900129,2026-07-25,12922,12783,12404,
L900129,2026-07-26,13646,13345,12820,
L900129,2026-07-27,13176,12710,12078,
L900129,2026-07-28,11947,11514,10968,
L900129,2026-07-29,11831,11361,11066,
L900129,2026-07-30,14077,13515,13231,
L900129,2026-07-31,10132,9746,9173,
L900129,2026-08-01,14821,14360,13774,
L900129,2026-08-02,12768,12507,11445,
L900129,2026-08-03,13519,13245,12434,
L900129,2026-08-04,10783,10502,9745,
L900129,2026-08-05,12621,12267,11451,
L900129,2026-08-06,12476,12291,11435,
L900129,2026-08-07,10531,10338,10115,
L900129,2026-08-08,15288,15109,14252,
L900129,2026-08-09,14198,14037,13746,
L900129,2026-08-10,12818,12422,12085,
L900129,2026-08-11,11668,11429,10869,
L900129,2026-08-12,12633,12213,11467,
L900129,2026-08-13,12146,11672,10952,
L900129,2026-08-14,12630,12232,11297,
L900129,2026-08-15,15494,15309,14638,
L900129,2026-08-16,14575,14022,13446,
L900129,2026-08-17,11882,11513,10783,
L900129,2026-08-18,12772,12267,11797,
L900129,2026-08-19,11742,11454,10745,
L900130,2026-06-20,24965,24207,23250,
L900130,2026-06-21,26779,26431,24588,
L900130,2026-06-22,19966,19672,18585,
L900130,2026-06-23,20520,19988,18327,
L900130,2026-06-24,22909,22015,20644,
L900130,2026-06-25,17255,16882,15646,
L900130,2026-06-26,21792,21204,19575,
L900130,2026-06-27,26453,25654,22929,
L900130,2026-06-28,20203,19801,18028,
L900130,2026-06-29,22063,21377,18501,
L900130,2026-06-30,20120,19763,17619,
L900130,2026-07-01,21157,20734,20094,
L900130,2026-07-02,21201,20796,19295,
L900130,2026-07-03,23024,22308,20755,
L900130,2026-07-04,25669,24650,23381,
L900130,2026-07-05,27104,26524,24820,
L900130,2026-07-06,21336,20936,19325,
L900130,2026-07-07,23159,22337,20623,
L900130,2026-07-08,23701,23121,21018,
L900130,2026-07-09,24051,23257,21848,
L900130,2026-07-10,19904,19604,18431,
L900130,2026-07-11,24759,23791,22141,
L900130,2026-07-12,25101,24799,22997,
L900130,2026-07-13,23201,22964,21594,
L900130,2026-07-14,19633,19099,17354,
L900130,2026-07-15,22043,21784,20408,
L900130,2026-07-16,20412,19658,18907,
L900130,2026-07-17,22980,22711,20837,
L900130,2026-07-18,24609,24037,22244,
L900130,2026-07-19,25425,24881,23764,
L900130,2026-07-20,23275,22431,20876,
L900130,2026-07-21,22746,22476,21272,
L900130,2026-07-22,21676,21420,20093,
L900130,2026-07-23,22601,22257,20916,
L900130,2026-07-24,20231,19752,18101,
L900130,2026-07-25,25515,25239,23115,
L900130,2026-07-26,23040,22682,21400,
L900130,2026-07-27,22174,21718,19615,
L900130,2026-07-28,21160,20857,19320,
L900130,2026-07-29,21890,21278,19328,
L900130,2026-07-30,19239,18545,17439,
L900130,2026-07-31,18928,18173,16816,
L900130,2026-08-01,25437,24781,22985,
L900130,2026-08-02,26646,25871,24887,
L900130,2026-08-03,18815,18416,17449,
L900130,2026-08-04,17239,16550,15852,
L900130,2026-08-05,18050,17661,17285,
L900130,2026-08-06,20903,20323,19424,
L900130,2026-08-07,23447,23167,21343,
L900130,2026-08-08,25366,24679,22538,
L900130,2026-08-09,27763,26930,24816,
L900130,2026-08-10,20162,19646,18481,
L900130,2026-08-11,20027,19681,18173,
L900130,2026-08-12,21761,21315,19549,
L900130,2026-08-13,20727,20353,19553,
L900130,2026-08-14,21223,20987,19366,
L900130,2026-08-15,25752,24946,23426,
L900130,2026-08-16,23958,23608,22157,
L900130,2026-08-17,22017,21340,19082,
L900130,2026-08-18,24673,24274,23284,
L900130,2026-08-19,20194,19572,17762,
L900131,2026-06-20,12997,12577,9650,
L900131,2026-06-21,14120,13856,10702,
L900131,2026-06-22,11319,10974,8096,
L900131,2026-06-23,13347,13199,9681,
L900131,2026-06-24,12383,12131,9242,
L900131,2026-06-25,11580,11284,8065,
L900131,2026-06-26,10704,10474,7872,
L900131,2026-06-27,15126,14906,11346,
L900131,2026-06-28,14349,13816,9828,
L900131,2026-06-29,9838,9459,7542,
L900131,2026-06-30,12630,12310,9143,
L900131,2026-07-01,12389,11966,8512,
L900131,2026-07-02,11348,10951,8485,
L900131,2026-07-03,12757,12436,9012,
L900131,2026-07-04,13230,13086,9548,
L900131,2026-07-05,14300,13754,10741,
L900131,2026-07-06,11936,11608,8313,
L900131,2026-07-07,12062,11853,8833,
L900131,2026-07-08,10877,10690,7996,
L900131,2026-07-09,13291,12830,9529,
L900131,2026-07-10,11346,10907,7955,
L900131,2026-07-11,12723,12479,9201,
L900131,2026-07-12,15035,14809,10693,
L900131,2026-07-13,13999,13751,10393,
L900131,2026-07-14,10381,10147,7149,
L900131,2026-07-15,11165,10960,8455,
L900131,2026-07-16,12983,12693,9805,
L900131,2026-07-17,12129,11831,8705,
L900131,2026-07-18,13206,12754,9527,
L900131,2026-07-19,14440,14061,10339,
L900131,2026-07-20,13688,13218,9747,
L900131,2026-07-21,13409,13167,9325,
L900131,2026-07-22,14725,14493,10616,
L900131,2026-07-23,12804,12619,9556,
L900131,2026-07-24,11637,11279,8531,
L900131,2026-07-25,15692,15462,11221,
L900131,2026-07-26,13847,13412,9937,
L900131,2026-07-27,12007,11746,9019,
L900131,2026-07-28,12800,12587,9296,
L900131,2026-07-29,12706,12385,8657,
L900131,2026-07-30,11522,11069,8254,
L900131,2026-07-31,13200,12968,9648,
L900131,2026-08-01,16382,15989,12109,
L900131,2026-08-02,14097,13899,10246,
L900131,2026-08-03,12515,12305,8995,
L900131,2026-08-04,13603,13187,9465,
L900131,2026-08-05,12425,11952,9020,
L900131,2026-08-06,11815,11685,8520,
L900131,2026-08-07,12045,11565,8745,
L900131,2026-08-08,14084,13874,9970,
L900131,2026-08-09,16021,15578,11652,
L900131,2026-08-10,13096,12602,9516,
L900131,2026-08-11,14232,13985,10660,
L900131,2026-08-12,11417,10984,8231,
L900131,2026-08-13,11578,11278,8243,
L900131,2026-08-14,10749,10330,7585,
L900131,2026-08-15,15310,15119,11168,
L900131,2026-08-16,13380,13068,9272,
L900131,2026-08-17,14166,13931,10399,
L900131,2026-08-18,11320,10988,8232,
L900131,2026-08-19,14241,13877,10441,
L900132,2026-09-04,359126,359126,232933,1080764.3
L900132,2026-09-05,217880,217880,139217,416115.9
L900132,2026-09-06,246559,246559,148613,510283.4
L900132,2026-09-07,210214,210214,123683,556441.9
L900132,2026-09-08,206756,206756,115991,602218.2
L900132,2026-09-09,216256,216256,135448,493504.5
L900132,2026-09-10,157017,157017,99186,300008.5
L900132,2026-09-11,184815,184815,122068,357360.3
L900132,2026-09-12,195788,195788,133973,476283.4
L900132,2026-09-13,151461,151461,89466,442428.7
L900132,2026-09-14,134118,134118,81659,310086.7
L900132,2026-09-15,144660,144660,92631,284077.9
L900132,2026-09-16,133486,133486,81393,361114.0
L900132,2026-09-17,122370,122370,82378,220727.3
L900132,2026-09-18,107976,107976,64003,283217.3
L900132,2026-09-19,121393,121393,83013,354664.6
L900133,2026-01-24,42885,41579,38728,
L900133,2026-01-25,47394,45941,42757,
L900133,2026-01-26,39282,38346,37554,
L900133,2026-01-27,38543,38139,35306,
L900133,2026-01-28,39943,39536,37418,
L900133,2026-01-29,38263,37017,35518,
L900133,2026-01-30,40869,40366,38376,
L900133,2026-01-31,46654,45784,45326,
L900133,2026-02-01,51384,49559,47907,
L900133,2026-02-02,39135,37665,35024,
L900133,2026-02-03,42221,41215,39273,
L900133,2026-02-04,36940,36217,34230,
L900133,2026-02-05,35735,34936,33927,
L900133,2026-02-06,40844,39692,37851,
L900133,2026-02-07,46721,45076,42208,
L900133,2026-02-08,38893,38433,35425,
L900133,2026-02-09,36427,35769,33341,
L900133,2026-02-10,39625,38323,37028,
L900133,2026-02-11,38330,37224,36411,
L900133,2026-02-12,36303,35744,33859,
L900133,2026-02-13,38570,37669,36608,
L900133,2026-02-14,47279,46358,44163,
L900133,2026-02-15,40675,39388,36709,
L900133,2026-02-16,42124,41667,37854,
L900133,2026-02-17,42889,42130,40444,
L900133,2026-02-18,36412,35676,33298,
L900133,2026-02-19,44602,43532,42584,
L900133,2026-02-20,38358,36838,35095,
L900133,2026-02-21,44458,43202,41158,
L900134,2026-01-24,69302,69302,39752,192447.5
L900134,2026-01-25,77692,77692,43785,237878.4
L900134,2026-01-26,61360,61360,36347,148016.3
L900134,2026-01-27,52229,52229,33429,157404.2
L900134,2026-01-28,47439,47439,31231,108140.2
L900134,2026-01-29,52404,52404,32104,109006.7
L900134,2026-01-30,45025,45025,31061,119175.0
L900134,2026-01-31,47027,47027,29169,102006.5
L900134,2026-02-01,36222,36222,20034,111239.1
L900134,2026-02-02,43515,43515,29807,124754.1
L900134,2026-02-03,34270,34270,23168,85069.6
L900134,2026-02-04,36269,36269,22698,114281.3
L900134,2026-02-05,32849,32849,20818,104767.3
L900134,2026-02-06,37522,37522,20876,76374.6
L900134,2026-02-07,30672,30672,21374,85939.7
L900134,2026-02-08,33924,33924,21708,90278.1
L900134,2026-02-09,28245,28245,17826,79426.1
L900134,2026-02-10,28778,28778,18818,87485.6
L900134,2026-02-11,23225,23225,13756,49035.0
L900134,2026-02-12,23111,23111,13029,63625.7
L900134,2026-02-13,23602,23602,16204,69273.3
L900134,2026-02-14,21606,21606,13110,41802.2
L900134,2026-02-15,19650,19650,12390,50598.0
L900134,2026-02-16,16996,16996,10777,38752.1
L900134,2026-02-17,16286,16286,10912,34809.0
L900134,2026-02-18,17359,17359,11261,33954.4
L900134,2026-02-19,16653,16653,10798,30729.6
L900134,2026-02-20,13003,13003,9090,37945.5
L900134,2026-02-21,12050,12050,7842,24371.2
L900135,2026-04-26,389745,376796,271824,
L900135,2026-04-27,321671,317537,238442,
L900135,2026-04-28,288757,283081,218333,
L900135,2026-04-29,266604,259747,200833,
L900135,2026-04-30,309625,306082,213807,
L900135,2026-05-01,340373,330468,250972,
L900135,2026-05-02,352965,341795,246333,
L900135,2026-05-03,319608,311428,245501,
L900135,2026-05-04,279620,274292,196044,
L900135,2026-05-05,308394,303366,214553,
L900135,2026-05-06,278215,274293,208435,
L900135,2026-05-07,313135,306987,224798,
L900135,2026-05-08,302365,296428,216733,
L900135,2026-05-09,363673,350627,254121,
L900135,2026-05-10,348520,341276,248376,
L900135,2026-05-11,284390,274692,209007,
L900135,2026-05-12,320524,311970,225040,
L900135,2026-05-13,273074,262671,193550,
L900135,2026-05-14,353981,343967,247465,
L900135,2026-05-15,298029,286764,212714,
L900135,2026-05-16,362309,354529,259102,
L900135,2026-05-17,399259,387348,290158,
L900135,2026-05-18,322352,311816,234419,
L900135,2026-05-19,323515,313217,241705,
L900135,2026-05-20,334073,329493,259144,
L900135,2026-05-21,331326,322902,234624,
L900135,2026-05-22,322389,313241,236249,
L900135,2026-05-23,421633,409930,295418,
L900135,2026-05-24,381799,376523,273498,
L900135,2026-05-25,314303,303426,223232,
L900135,2026-05-26,313504,304036,216410,
L900135,2026-05-27,321082,315549,234806,
L900135,2026-05-28,305599,296821,231224,
L900135,2026-05-29,292684,281001,209864,
L900135,2026-05-30,368417,356245,265032,
L900135,2026-05-31,430449,413406,306448,
L900135,2026-06-01,288221,283168,220139,
L900135,2026-06-02,294491,283362,200590,
L900135,2026-06-03,284029,277223,198233,
L900135,2026-06-04,258447,248236,181892,
L900135,2026-06-05,300227,291586,222658,
L900135,2026-06-06,383889,377895,284054,
L900135,2026-06-07,339369,335030,253851,
L900136,2026-04-26,14585,14004,13422,
L900136,2026-04-27,10498,10363,10063,
L900136,2026-04-28,13344,13017,12450,
L900136,2026-04-29,11125,10696,10126,
L900136,2026-04-30,11287,11149,10511,
L900136,2026-05-01,12285,11812,11287,
L900136,2026-05-02,15275,14772,14142,
L900136,2026-05-03,13162,12791,12023,
L900136,2026-05-04,11154,10787,10207,
L900136,2026-05-05,13357,13155,13011,
L900136,2026-05-06,12462,12102,11525,
L900136,2026-05-07,10408,10032,9574,
L900136,2026-05-08,10942,10678,10492,
L900136,2026-05-09,12322,12066,11555,
L900136,2026-05-10,13150,12879,12232,
L900136,2026-05-11,12302,11968,11614,
L900136,2026-05-12,11623,11450,11051,
L900136,2026-05-13,11061,10825,10336,
L900136,2026-05-14,12616,12333,11798,
L900136,2026-05-15,11185,10741,10144,
L900136,2026-05-16,15288,14775,13713,
L900136,2026-05-17,13071,12565,12087,
L900136,2026-05-18,11270,10859,10000,
L900136,2026-05-19,12942,12488,11588,
L900136,2026-05-20,11494,11311,10605,
L900136,2026-05-21,11402,11027,10280,
L900136,2026-05-22,12347,11863,11296,
L900136,2026-05-23,15252,14808,13887,
L900136,2026-05-24,16552,15901,14500,
L900136,2026-05-25,10199,9871,9723,
L900136,2026-05-26,12123,11695,11190,
L900136,2026-05-27,12083,11672,11221,
L900136,2026-05-28,11960,11819,10999,
L900136,2026-05-29,12445,12229,11779,
L900136,2026-05-30,15755,15393,15166,
L900136,2026-05-31,14513,14235,13173,
L900136,2026-06-01,13336,12949,12037,
L900136,2026-06-02,11996,11824,11172,
L900136,2026-06-03,11278,11021,10638,
L900136,2026-06-04,11908,11726,11260,
L900136,2026-06-05,10918,10798,10220,
L900136,2026-06-06,13269,12754,12065,
L900136,2026-06-07,14005,13706,13526,
L900137,2026-04-26,43525,41840,40078,
L900137,2026-04-27,44880,44246,41032,
L900137,2026-04-28,41807,40716,37094,
L900137,2026-04-29,50040,49415,46007,
L900137,2026-04-30,37300,36868,34528,
L900137,2026-05-01,47503,46934,43795,
L900137,2026-05-02,48661,47680,43397,
L900137,2026-05-03,48595,47027,45166,
L900137,2026-05-04,43074,41704,37384,
L900137,2026-05-05,44654,43712,40775,
L900137,2026-05-06,41767,41288,37555,
L900137,2026-05-07,39635,38101,36261,
L900137,2026-05-08,44181,42792,40206,
L900137,2026-05-09,53470,52224,48910,
L900137,2026-05-10,50478,49375,45715,
L900137,2026-05-11,47360,46450,44512,
L900137,2026-05-12,39087,38609,35745,
L900137,2026-05-13,46232,44694,43247,
L900137,2026-05-14,49499,47653,43558,
L900137,2026-05-15,47742,46630,43420,
L900137,2026-05-16,56825,55627,52610,
L900137,2026-05-17,47140,45425,42744,
L900137,2026-05-18,46808,45705,42487,
L900137,2026-05-19,42469,41266,37080,
L900137,2026-05-20,45692,44726,41781,
L900137,2026-05-21,40127,39159,36162,
L900137,2026-05-22,43858,42476,39028,
L900137,2026-05-23,52455,51677,46250,
L900137,2026-05-24,58105,56274,52352,
L900137,2026-05-25,39512,38322,33754,
L900137,2026-05-26,46890,46393,43663,
L900137,2026-05-27,44053,42498,40257,
L900137,2026-05-28,46306,44686,41731,
L900137,2026-05-29,42442,41755,38483,
L900137,2026-05-30,54209,52643,50428,
L900137,2026-05-31,52012,50123,48094,
L900137,2026-06-01,44616,43656,40932,
L900137,2026-06-02,51658,49672,47836,
L900137,2026-06-03,49140,48205,44061,
L900137,2026-06-04,50920,49463,45919,
L900137,2026-06-05,42534,41132,36476,
L900137,2026-06-06,53812,52969,48113,
L900137,2026-06-07,54156,52156,47293,
L900138,2026-04-26,12750,12750,7815,25440.8
L900138,2026-04-27,13974,13974,8821,25749.6
L900138,2026-04-28,9620,9620,5306,23361.9
L900138,2026-04-29,11656,11656,7530,33346.4
L900138,2026-04-30,7791,7791,5338,18453.3
L900138,2026-05-01,9137,9137,5205,20966.2
L900138,2026-05-02,7897,7897,5521,18260.7
L900138,2026-05-03,7583,7583,4586,14403.2
L900138,2026-05-04,7090,7090,4915,19520.6
L900138,2026-05-05,6397,6397,3583,13578.0
L900138,2026-05-06,5796,5796,3818,18150.6
L900138,2026-05-07,5969,5969,3661,17504.4
L900138,2026-05-08,5949,5949,3553,11157.7
L900138,2026-05-09,6183,6183,3889,16081.5
L900138,2026-05-10,5370,5370,3254,11013.5
L900138,2026-05-11,5485,5485,3265,11479.4
L900138,2026-05-12,3942,3942,2517,8793.1
L900138,2026-05-13,4168,4168,2646,7832.8
L900138,2026-05-14,4395,4395,2664,9536.7
L900138,2026-05-15,3997,3997,2645,8390.9
L900138,2026-05-16,3326,3326,2168,7476.3
L900138,2026-05-17,3747,3747,2588,11559.7
L900138,2026-05-18,3056,3056,1948,6867.0
L900138,2026-05-19,2803,2803,1735,7292.7
L900138,2026-05-20,3002,3002,1982,8591.3
L900138,2026-05-21,2697,2697,1860,7260.6
L900138,2026-05-22,2406,2406,1515,5795.1
L900138,2026-05-23,2258,2258,1493,5013.8
L900138,2026-05-24,2011,2011,1322,5254.8
L900138,2026-05-25,2036,2036,1251,4771.7
L900138,2026-05-26,2217,2217,1260,4720.2
L900138,2026-05-27,1927,1927,1314,5393.4
L900138,2026-05-28,1941,1941,1211,5198.2
L900138,2026-05-29,1754,1754,1111,4129.6
L900138,2026-05-30,1475,1475,1022,3427.8
L900138,2026-05-31,1235,1235,766,3557.8
L900138,2026-06-01,1264,1264,879,4033.9
L900138,2026-06-02,1224,1224,800,3655.6
L900138,2026-06-03,1143,1143,766,2199.3
L900138,2026-06-04,1278,1278,753,3831.1
L900138,2026-06-05,1202,1202,806,2332.3
L900138,2026-06-06,1260,1260,728,2313.0
L900138,2026-06-07,897,897,541,2228.5
L900139,2025-05-13,168996,166547,122471,
L900139,2025-05-14,155592,150038,114751,
L900139,2025-05-15,149206,146400,107936,
L900139,2025-05-16,142389,139677,96768,
L900139,2025-05-17,182496,176360,128002,
L900139,2025-05-18,165861,162623,121714,
L900139,2025-05-19,132507,128042,96815,
L900139,2025-05-20,155712,154146,112834,
L900139,2025-05-21,149153,144998,103846,
L900139,2025-05-22,158911,153789,114380,
L900139,2025-05-23,153053,147785,110844,
L900139,2025-05-24,172146,168155,119325,
L900139,2025-05-25,195371,188337,141963,
L900139,2025-05-26,143492,138785,103836,
L900139,2025-05-27,164999,159210,121441,
L900139,2025-05-28,143142,139111,98800,
L900139,2025-05-29,134115,131984,96845,
L900139,2025-05-30,167450,165595,120127,
L900139,2025-05-31,172815,167852,122139,
L900139,2025-06-01,173753,171282,126710,
L900139,2025-06-02,134561,131813,100400,
L900139,2025-06-03,148175,143396,113222,
L900139,2025-06-04,135838,132194,102026,
L900139,2025-06-05,166599,164525,120393,
L900139,2025-06-06,145174,142075,102517,
L900139,2025-06-07,168264,165112,122180,
L900139,2025-06-08,181773,175722,124402,
L900139,2025-06-09,177418,173168,127245,
L900139,2025-06-10,150699,146199,106356,
L900139,2025-06-11,146710,141460,103667,
L900139,2025-06-12,149877,144496,106884,
L900139,2025-06-13,159565,156466,116495,
L900139,2025-06-14,191698,184154,136237,
L900139,2025-06-15,184830,177957,130829,
L900139,2025-06-16,161943,158811,118544,
L900139,2025-06-17,148017,142096,104617,
L900139,2025-06-18,148602,144544,107050,
L900139,2025-06-19,149236,144112,105032,
L900139,2025-06-20,159086,156355,118292,
L900139,2025-06-21,207371,200166,145706,
L900139,2025-06-22,191148,185101,129907,
L900139,2025-06-23,159855,154124,109561,
L900139,2025-06-24,138107,136566,101966,
L900139,2025-06-25,142459,138874,100660,
L900139,2025-06-26,144098,138639,104615,
L900139,2025-06-27,138724,135634,100222,
L900139,2025-06-28,175976,169725,128379,
L900139,2025-06-29,193783,189566,133320,
L900139,2025-06-30,162446,159845,116332,
L900139,2025-07-01,152746,148850,107353,
L900139,2025-07-02,154363,151985,120224,
L900139,2025-07-03,151437,149295,109105,
L900139,2025-07-04,147128,142691,101398,
L900139,2025-07-05,202509,196041,146297,
L900139,2025-07-06,166245,161301,116084,
L900139,2025-07-07,150096,148129,112376,
L900139,2025-07-08,136108,130898,99779,
L900139,2025-07-09,148813,146994,106040,
L900139,2025-07-10,144303,139931,108442,
L900139,2025-07-11,133263,130204,94445,
L900139,2025-07-12,195302,191060,142211,
L900140,2026-08-11,490169,490169,310113,1034056.7
L900140,2026-08-12,463624,463624,257041,1299663.0
L900140,2026-08-13,409627,409627,249463,900394.7
L900140,2026-08-14,350532,350532,205719,961442.1
L900140,2026-08-15,335537,335537,193821,960211.4
L900140,2026-08-16,340602,340602,238058,958654.6
L900140,2026-08-17,270971,270971,155153,536412.4
L900140,2026-08-18,332726,332726,205428,816378.8
L900140,2026-08-19,323651,323651,187899,616751.0
L900140,2026-08-20,254364,254364,173731,638129.3
L900140,2026-08-21,254077,254077,176332,797018.8
L900140,2026-08-22,258451,258451,157725,573304.5
L900140,2026-08-23,260150,260150,161740,805351.1
L900140,2026-08-24,236832,236832,145993,495042.7
L900140,2026-08-25,159497,159497,96372,340248.0
L900140,2026-08-26,176017,176017,117867,399396.9
L900140,2026-08-27,179738,179738,107299,480523.6
L900140,2026-08-28,153233,153233,102577,304838.8
L900140,2026-08-29,178877,178877,106100,504271.5
L900140,2026-08-30,166267,166267,92384,409363.2
L900140,2026-08-31,123659,123659,81146,348606.4
L900140,2026-09-01,124745,124745,71084,311174.2
L900140,2026-09-02,110468,110468,61063,299059.6
L900140,2026-09-03,110271,110271,67833,319135.5
L900140,2026-09-04,103528,103528,62636,210555.9
L900140,2026-09-05,109266,109266,67528,217746.2
L900140,2026-09-06,85592,85592,54383,154355.6
L900140,2026-09-07,65318,65318,44997,193509.1
L900140,2026-09-08,69948,69948,38616,129824.4
L900140,2026-09-09,70396,70396,46178,145527.8
L900140,2026-09-10,69049,69049,43242,219227.6
L900140,2026-09-11,70894,70894,45736,206401.1
L900140,2026-09-12,58462,58462,40430,177505.4
L900140,2026-09-13,54247,54247,36308,169479.0
L900140,2026-09-14,52725,52725,34763,115774.3
L900140,2026-09-15,48635,48635,30016,108995.2
L900140,2026-09-16,48696,48696,30330,127616.5
L900140,2026-09-17,45652,45652,25824,141312.8
L900140,2026-09-18,48875,48875,34072,135802.9
L900140,2026-09-19,38801,38801,24662,96155.4
L900141,2026-08-11,21825,21328,16127,
L900141,2026-08-12,22538,22002,16743,
L900141,2026-08-13,20716,20060,14824,
L900141,2026-08-14,21768,21548,15417,
L900141,2026-08-15,27475,27026,20935,
L900141,2026-08-16,25739,24908,18368,
L900141,2026-08-17,20424,20167,14335,
L900141,2026-08-18,21382,20851,15242,
L900141,2026-08-19,22079,21218,15605,
L900141,2026-08-20,19810,19457,14154,
L900141,2026-08-21,23736,23419,16693,
L900141,2026-08-22,26839,26420,19705,
L900141,2026-08-23,25895,24870,18573,
L900141,2026-08-24,20043,19410,14708,
L900141,2026-08-25,23487,23042,17076,
L900141,2026-08-26,24873,24371,17874,
L900141,2026-08-27,21692,20917,16052,
L900141,2026-08-28,26180,25460,18487,
L900141,2026-08-29,27373,26994,20539,
L900141,2026-08-30,27451,26597,19998,
L900141,2026-08-31,24244,23367,17028,
L900141,2026-09-01,23585,23168,17141,
L900141,2026-09-02,20598,20376,14674,
L900141,2026-09-03,21629,20930,15876,
L900141,2026-09-04,24575,23872,18023,
L900141,2026-09-05,28597,27565,20625,
L900141,2026-09-06,28237,27240,20379,
L900141,2026-09-07,23688,23129,16465,
L900141,2026-09-08,21377,20973,15088,
L900141,2026-09-09,24841,24503,18942,
L900141,2026-09-10,18860,18561,14316,
L900141,2026-09-11,22978,22110,16809,
L900141,2026-09-12,28743,28340,21788,
L900141,2026-09-13,28087,27051,19280,
L900141,2026-09-14,22627,22140,16611,
L900141,2026-09-15,22425,21906,16498,
L900141,2026-09-16,22700,22023,16034,
L900141,2026-09-17,20837,20160,14760,
L900141,2026-09-18,23193,22268,15605,
L900141,2026-09-19,25900,24920,17445,
L900142,2026-08-11,8386,8160,7395,
L900142,2026-08-12,8083,7929,7825,
L900142,2026-08-13,8543,8436,7868,
L900142,2026-08-14,8178,7890,7121,
L900142,2026-08-15,8098,7995,7439,
L900142,2026-08-16,9559,9410,8957,
L900142,2026-08-17,7305,7225,6747,
L900142,2026-08-18,7750,7603,7050,
L900142,2026-08-19,7608,7373,6730,
L900142,2026-08-20,7824,7627,7122,
L900142,2026-08-21,7383,7125,6721,
L900142,2026-08-22,10026,9892,9333,
L900142,2026-08-23,8491,8313,7747,
L900142,2026-08-24,7095,6883,6414,
L900142,2026-08-25,7097,6965,6655,
L900142,2026-08-26,8132,7988,7613,
L900142,2026-08-27,8297,8138,7524,
L900142,2026-08-28,7392,7110,6859,
L900142,2026-08-29,9142,8917,8051,
L900142,2026-08-30,10011,9761,9105,
L900142,2026-08-31,8575,8268,7729,
L900142,2026-09-01,7640,7555,7256,
L900142,2026-09-02,6711,6483,5953,
L900142,2026-09-03,7109,6936,6145,
L900142,2026-09-04,8187,7993,7344,
L900142,2026-09-05,9935,9681,9078,
L900142,2026-09-06,9714,9421,8675,
L900142,2026-09-07,7185,7015,6536,
L900142,2026-09-08,8216,8096,7521,
L900142,2026-09-09,7223,6948,6295,
L900142,2026-09-10,7778,7588,6972,
L900142,2026-09-11,7609,7392,6839,
L900142,2026-09-12,8935,8598,8046,
L900142,2026-09-13,9675,9500,9208,
L900142,2026-09-14,8117,7962,7658,
L900142,2026-09-15,7152,6920,6214,
L900142,2026-09-16,7644,7485,7089,
L900142,2026-09-17,8082,7855,7495,
L900142,2026-09-18,6100,5941,5674,
L900142,2026-09-19,9513,9412,8462,
L900143,2026-08-11,181489,177493,104299,
L900143,2026-08-12,193374,191280,112588,
L900143,2026-08-13,157963,156234,90168,
L900143,2026-08-14,155889,151483,89826,
L900143,2026-08-15,241001,236805,131467,
L900143,2026-08-16,205115,198907,111855,
L900143,2026-08-17,172559,167874,98751,
L900143,2026-08-18,172715,168106,99695,
L900143,2026-08-19,194323,188120,113254,
L900143,2026-08-20,163044,160313,97425,
L900143,2026-08-21,200063,194382,118777,
L900143,2026-08-22,214022,211134,119282,
L900143,2026-08-23,199691,194947,108773,
L900143,2026-08-24,179229,177281,105829,
L900143,2026-08-25,197778,194947,111176,
L900143,2026-08-26,178507,175961,101690,
L900143,2026-08-27,169961,165430,98383,
L900143,2026-08-28,184259,178001,103745,
L900143,2026-08-29,222972,219431,129970,
L900143,2026-08-30,227258,218513,123073,
L900143,2026-08-31,191902,187352,109621,
L900143,2026-09-01,172836,168898,98752,
L900143,2026-09-02,183996,177412,106737,
L900143,2026-09-03,164076,157924,95780,
L900143,2026-09-04,179394,174375,99372,
L900143,2026-09-05,207451,199199,111545,
L900143,2026-09-06,186570,181450,107699,
L900143,2026-09-07,207438,201357,110272,
L900143,2026-09-08,165447,160410,95449,
L900143,2026-09-09,178408,173678,103631,
L900143,2026-09-10,177605,173199,98444,
L900143,2026-09-11,175826,173809,92528,
L900143,2026-09-12,196930,191005,114405,
L900143,2026-09-13,237427,232670,141492,
L900143,2026-09-14,185377,180869,96742,
L900143,2026-09-15,169965,165198,100191,
L900143,2026-09-16,202312,196208,119147,
L900143,2026-09-17,175677,172648,95624,
L900143,2026-09-18,178480,176098,102188,
L900143,2026-09-19,243907,236726,138379,
L900144,2026-06-06,109733,105910,79220,
L900144,2026-06-07,114559,111592,80961,
L900144,2026-06-08,82494,79873,61295,
L900144,2026-06-09,78288,75172,58089,
L900144,2026-06-10,76344,74175,54022,
L900144,2026-06-11,97126,94541,69960,
L900144,2026-06-12,80628,78663,58881,
L900144,2026-06-13,109676,107951,79417,
L900144,2026-06-14,103646,102013,75419,
L900144,2026-06-15,85924,84693,66796,
L900144,2026-06-16,88389,85625,62722,
L900144,2026-06-17,86214,82914,64303,
L900144,2026-06-18,78302,75337,56290,
L900144,2026-06-19,88394,85872,61100,
L900144,2026-06-20,101943,98646,73623,
L900144,2026-06-21,101548,97810,72887,
L900144,2026-06-22,102585,99020,73612,
L900144,2026-06-23,79640,77067,55724,
L900144,2026-06-24,88061,85337,62548,
L900144,2026-06-25,91215,87754,65486,
L900144,2026-06-26,102595,100067,74042,
L900144,2026-06-27,99036,96891,73935,
L900144,2026-06-28,120114,118671,88368,
L900144,2026-06-29,88343,84822,63824,
L900144,2026-06-30,88597,87183,60930,
L900144,2026-07-01,94181,92767,70303,
L900144,2026-07-02,100509,97096,70431,
L900144,2026-07-03,91749,89198,66448,
L900144,2026-07-04,109837,107204,79577,
L900144,2026-07-05,109416,106437,79214,
L900144,2026-07-06,95459,93108,71172,
L900144,2026-07-07,84666,81872,60303,
L900144,2026-07-08,87072,84420,61515,
L900144,2026-07-09,78468,76435,56598,
L900144,2026-07-10,93575,89949,66283,
L900144,2026-07-11,109013,104860,78473,
L900144,2026-07-12,121407,116623,85321,
L900144,2026-07-13,81672,79005,58320,
L900144,2026-07-14,103699,100154,71788,
L900144,2026-07-15,94806,93522,71372,
L900144,2026-07-16,73064,70795,52969,
L900144,2026-07-17,94469,93344,68575,
L900144,2026-07-18,103450,99789,72665,
L900144,2026-07-19,106224,102651,75341,
L900144,2026-07-20,86581,84787,62158,
L900144,2026-07-21,98704,94935,67946,
L900144,2026-07-22,77509,74513,56938,
L900144,2026-07-23,88735,87032,63727,
L900144,2026-07-24,89317,87703,65267,
L900144,2026-07-25,104518,102032,76536,
L900144,2026-07-26,100693,98888,72580,
L900144,2026-07-27,74152,71682,54725,
L900144,2026-07-28,88849,87915,66235,
L900144,2026-07-29,93555,91993,69086,
L900144,2026-07-30,90063,87211,65213,
L900144,2026-07-31,83189,80034,57350,
L900144,2026-08-01,108209,104754,76093,
L900144,2026-08-02,121532,118779,88787,
L900144,2026-08-03,84953,83042,61000,
L900144,2026-08-04,91078,88618,65456,
L900144,2026-08-05,92078,88577,65668,
L900144,2026-08-06,80093,78348,54607,
L900144,2026-08-07,87425,85492,64222,
L900144,2026-08-08,105929,104450,79876,
L900144,2026-08-09,108682,107332,82339,
L900144,2026-08-10,98424,97130,73918,
L900144,2026-08-11,81442,80328,59470,
L900144,2026-08-12,98935,95378,71099,
L900144,2026-08-13,94116,91121,64900,
L900144,2026-08-14,103953,102882,74504,
L900144,2026-08-15,91685,89544,65633,
L900144,2026-08-16,87731,84509,60702,
L900144,2026-08-17,108565,105403,77197,
L900144,2026-08-18,79825,78091,57826,
L900144,2026-08-19,83646,81621,61810,
L900144,2026-08-20,83706,81108,60459,
L900144,2026-08-21,81849,80820,64007,
L900144,2026-08-22,113487,110527,81468,
L900144,2026-08-23,106535,103404,75374,
L900144,2026-08-24,84633,83202,60257,
L900144,2026-08-25,102219,100435,73211,
L900144,2026-08-26,74767,72880,52231,
L900144,2026-08-27,96807,95803,70410,
L900144,2026-08-28,89152,88190,67323,
L900144,2026-08-29,102309,98260,73955,
L900144,2026-08-30,103263,100129,75248,
L900144,2026-08-31,87299,85483,62844,
L900144,2026-09-01,96032,94937,71673,
L900144,2026-09-02,88926,86897,63484,
L900144,2026-09-03,101648,99646,74912,
L900144,2026-09-04,87299,86133,62613,
L900145,2026-04-13,223970,219230,126436,
L900145,2026-04-14,223962,218688,128316,
L900145,2026-04-15,220915,213008,128672,
L900145,2026-04-16,244279,241708,142761,
L900145,2026-04-17,246327,236481,137199,
L900145,2026-04-18,283478,278238,166967,
L900145,2026-04-19,290542,281107,168191,
L900145,2026-04-20,233127,224830,139201,
L900145,2026-04-21,212339,209399,120801,
L900145,2026-04-22,218113,214993,123113,
L900145,2026-04-23,186613,183635,111557,
L900145,2026-04-24,203705,201481,117543,
L900145,2026-04-25,238084,231087,136899,
L900145,2026-04-26,251762,245697,136922,
L900145,2026-04-27,225371,222947,126184,
L900145,2026-04-28,211728,204147,119106,
L900145,2026-04-29,236124,230366,129841,
L900145,2026-04-30,204324,199893,116031,
L900145,2026-05-01,231495,228284,139083,
L900145,2026-05-02,245617,239245,137240,
L900145,2026-05-03,293911,289599,179395,
L900145,2026-05-04,204290,197059,111382,
L900145,2026-05-05,228687,221099,125682,
L900145,2026-05-06,208442,203628,119099,
L900145,2026-05-07,249429,242744,134434,
L900145,2026-05-08,248522,242009,137583,
L900145,2026-05-09,276073,267396,163597,
L900145,2026-05-10,275633,268219,153971,
L900145,2026-05-11,234671,227836,131355,
L900145,2026-05-12,231177,224463,129269,
L900145,2026-05-13,237210,234472,129455,
L900146,2026-09-12,223649,215150,124544,
L900146,2026-09-13,221217,218336,123613,
L900146,2026-09-14,189774,186383,113617,
L900146,2026-09-15,191720,189765,105180,
L900146,2026-09-16,212360,208240,127804,
L900146,2026-09-17,206290,202504,117295,
L900146,2026-09-18,229724,221923,132613,
L900146,2026-09-19,260638,254128,144434,
L900147,2026-09-12,191971,185035,169774,
L900147,2026-09-13,240093,234856,224531,
L900147,2026-09-14,184186,181165,161492,
L900147,2026-09-15,160757,156834,143724,
L900147,2026-09-16,175514,170580,154373,
L900147,2026-09-17,174451,170164,164267,
L900147,2026-09-18,183665,181484,169574,
L900147,2026-09-19,197887,190600,171010,
L900148,2026-07-06,236765,229032,169827,
L900148,2026-07-07,281912,277117,199716,
L900148,2026-07-08,276749,267076,205482,
L900148,2026-07-09,316348,312154,235803,
L900148,2026-07-10,269686,259150,195596,
L900148,2026-07-11,366900,359299,251457,
L900148,2026-07-12,370350,363564,265077,
L900148,2026-07-13,261806,254292,186370,
L900148,2026-07-14,280516,274535,197054,
L900148,2026-07-15,267280,258833,194255,
L900148,2026-07-16,278295,270997,202601,
L900148,2026-07-17,266423,262469,197868,
L900148,2026-07-18,359075,347863,264351,
L900148,2026-07-19,342420,334027,253452,
L900148,2026-07-20,292572,281735,223565,
L900148,2026-07-21,300165,297002,219254,
L900148,2026-07-22,253564,244885,179935,
L900148,2026-07-23,266252,255621,191774,
L900148,2026-07-24,258190,250982,191710,
L900148,2026-07-25,294287,289961,205103,
L900148,2026-07-26,327515,316513,228886,
L900148,2026-07-27,245981,243274,176923,
L900148,2026-07-28,256850,253624,187733,
L900148,2026-07-29,259935,250211,182458,
L900148,2026-07-30,273406,263226,200126,
L900148,2026-07-31,305693,300911,223563,
L900148,2026-08-01,337068,332921,245141,
L900148,2026-08-02,343841,338321,252997,
L900148,2026-08-03,302523,291241,204516,
L900148,2026-08-04,268381,262000,195657,
L900148,2026-08-05,272937,263244,189855,
L900148,2026-08-06,245081,241004,182229,
L900148,2026-08-07,256950,253504,178695,
L900148,2026-08-08,353782,348369,260990,
L900148,2026-08-09,328024,322989,233104,
L900148,2026-08-10,271030,264767,202364,
L900148,2026-08-11,238181,231614,164149,
L900148,2026-08-12,259776,253661,187573,
L900148,2026-08-13,262653,258734,194789,
L900148,2026-08-14,297337,293771,219028,
L900148,2026-08-15,345938,341729,254739,
L900148,2026-08-16,331345,320432,228829,
L900148,2026-08-17,251019,244443,174283,
L900148,2026-08-18,270263,260623,194071,
L900148,2026-08-19,241801,236871,175628,
L900148,2026-08-20,254361,245094,176128,
L900148,2026-08-21,259829,254305,182486,
L900148,2026-08-22,347162,343126,252760,
L900148,2026-08-23,352687,338864,247753,
L900148,2026-08-24,264635,255252,198450,
L900148,2026-08-25,237998,229700,175878,
L900148,2026-08-26,309715,301707,227884,
L900148,2026-08-27,266281,262240,201541,
L900148,2026-08-28,266472,256265,186018,
L900148,2026-08-29,320809,314794,229357,
L900148,2026-08-30,306020,301092,229492,
L900148,2026-08-31,256588,253856,187702,
L900148,2026-09-01,241921,234540,173704,
L900148,2026-09-02,248219,240321,172163,
L900148,2026-09-03,271121,266778,203055,
L900148,2026-09-04,283149,276428,207371,
L900148,2026-09-05,327652,320814,235248,
L900148,2026-09-06,352049,338554,246716,
L900148,2026-09-07,291770,287876,220144,
L900148,2026-09-08,255102,247045,179382,
L900148,2026-09-09,261572,254766,181052,
L900148,2026-09-10,263241,256238,196285,
L900148,2026-09-11,250634,243036,186288,
L900148,2026-09-12,319613,309316,241971,
L900148,2026-09-13,313034,306401,225854,
L900148,2026-09-14,253596,246838,179265,
L900148,2026-09-15,302793,295190,221242,
L900148,2026-09-16,296024,286970,204807,
L900148,2026-09-17,287840,281450,202804,
L900148,2026-09-18,244250,235047,175057,
L900148,2026-09-19,337147,331940,245989,
L900149,2025-10-17,162527,159368,152896,
L900149,2025-10-18,166380,163932,157381,
L900149,2025-10-19,211583,207873,191799,
L900149,2025-10-20,131633,128195,115674,
L900149,2025-10-21,146298,140737,136554,
L900149,2025-10-22,152118,148694,136449,
L900149,2025-10-23,143581,139217,125788,
L900149,2025-10-24,162539,158975,147554,
L900149,2025-10-25,214783,209786,197736,
L900149,2025-10-26,196101,190036,175813,
L900149,2025-10-27,138651,135226,123397,
L900149,2025-10-28,135270,132328,125474,
L900149,2025-10-29,147233,144489,137127,
L900149,2025-10-30,153562,149218,137898,
L900149,2025-10-31,137696,133861,125298,
L900149,2025-11-01,180675,176428,167261,
L900149,2025-11-02,173367,169061,159309,
L900149,2025-11-03,171851,167815,156982,
L900149,2025-11-04,161454,157142,147939,
L900149,2025-11-05,174978,169056,158478,
L900149,2025-11-06,160417,154110,143210,
L900149,2025-11-07,142499,137464,124519,
L900149,2025-11-08,202530,194531,176990,
L900149,2025-11-09,194864,189869,178157,
L900149,2025-11-10,163064,156929,144328,
L900149,2025-11-11,142301,137624,129031,
L900149,2025-11-12,148358,144200,130555,
L900149,2025-11-13,175469,169022,154515,
L900149,2025-11-14,139835,134722,124639,
L900149,2025-11-15,202323,198063,175615,
L900149,2025-11-16,201102,197087,179698,
L900149,2025-11-17,155125,149049,136600,
L900149,2025-11-18,176118,173562,161845,
L900149,2025-11-19,143305,140746,130046,
L900149,2025-11-20,153000,149391,139464,
L900149,2025-11-21,157243,154761,143923,
L900149,2025-11-22,163632,157576,145473,
L900149,2025-11-23,192816,190473,174587,
L900149,2025-11-24,160087,156791,145915,
L900149,2025-11-25,149264,145711,138991,
L900149,2025-11-26,130787,128080,117384,
L900149,2025-11-27,166888,164454,158961,
L900149,2025-11-28,179692,176731,164537,
L900150,2025-10-17,156543,150742,91274,
L900150,2025-10-18,182323,179225,107270,
L900150,2025-10-19,184410,181545,107192,
L900150,2025-10-20,136139,130801,75003,
L900150,2025-10-21,140789,138652,77121,
L900150,2025-10-22,127520,122446,69981,
L900150,2025-10-23,143832,139812,81384,
L900150,2025-10-24,153467,150621,87926,
L900150,2025-10-25,174212,171684,96434,
L900150,2025-10-26,190348,186137,107580,
L900150,2025-10-27,141835,139876,80606,
L900150,2025-10-28,138321,132983,75718,
L900150,2025-10-29,140322,137176,78773,
L900150,2025-10-30,154642,149474,87911,
L900150,2025-10-31,165116,162371,98110,
L900150,2025-11-01,205706,201115,118895,
L900150,2025-11-02,185596,178973,102059,
L900150,2025-11-03,156644,152978,86719,
L900150,2025-11-04,129649,127938,78109,
L900150,2025-11-05,132250,127848,75273,
L900150,2025-11-06,136586,134832,81240,
L900150,2025-11-07,161780,157790,93188,
L900150,2025-11-08,195603,193234,112104,
L900150,2025-11-09,209659,204019,121375,
L900150,2025-11-10,136348,132136,76822,
L900150,2025-11-11,145141,143263,82375,
L900150,2025-11-12,127455,125879,73983,
L900150,2025-11-13,130645,126370,66911,
L900150,2025-11-14,142890,138529,78252,
L900150,2025-11-15,165608,161073,83425,
L900150,2025-11-16,165761,160761,92683,
L900150,2025-11-17,139480,136039,79956,
L900150,2025-11-18,163304,158798,93742,
L900150,2025-11-19,158999,155112,93405,
L900150,2025-11-20,134958,132513,78021,
L900150,2025-11-21,158632,153358,87610,
L900150,2025-11-22,166617,164822,97345,
L900150,2025-11-23,156785,152104,84910,
L900150,2025-11-24,139096,136413,80348,
L900150,2025-11-25,149507,143586,86244,
L900150,2025-11-26,136098,132641,74344,
L900150,2025-11-27,153093,148053,83505,
L900150,2025-11-28,139840,134672,73108,
L900151,2025-07-29,22920,22621,20571,
L900151,2025-07-30,22072,21333,19814,
L900151,2025-07-31,17522,16990,15496,
L900151,2025-08-01,18843,18281,16885,
L900151,2025-08-02,25529,24540,23729,
L900151,2025-08-03,21872,21551,19833,
L900151,2025-08-04,18942,18365,16613,
L900151,2025-08-05,20560,20154,18743,
L900151,2025-08-06,17443,16762,15594,
L900151,2025-08-07,18437,17769,16529,
L900151,2025-08-08,22477,21641,20326,
L900151,2025-08-09,25051,24408,22441,
L900151,2025-08-10,24832,24288,22861,
L900151,2025-08-11,21162,20872,19369,
L900151,2025-08-12,20759,20067,18133,
L900151,2025-08-13,19206,18595,17556,
L900151,2025-08-14,21779,21445,19983,
L900151,2025-08-15,22818,22085,20763,
L900151,2025-08-16,24239,23495,21277,
L900151,2025-08-17,27543,27252,25764,
L900151,2025-08-18,23340,22782,22174,
L900151,2025-08-19,18303,17628,15941,
L900151,2025-08-20,15730,15136,14354,
L900151,2025-08-21,21476,20658,19252,
L900151,2025-08-22,18403,18157,16853,
L900151,2025-08-23,25065,24777,23430,
L900151,2025-08-24,25239,24722,23319,
L900151,2025-08-25,20202,19819,18899,
L900151,2025-08-26,21435,21061,19086,
L900151,2025-08-27,22672,22401,21382,
L900151,2025-08-28,21164,20938,19589,
L900151,2025-08-29,23112,22737,20402,
L900151,2025-08-30,27153,26759,24631,
L900151,2025-08-31,26864,25949,24195,
L900151,2025-09-01,18375,17935,16501,
L900151,2025-09-02,22072,21483,19888,
L900151,2025-09-03,19390,18803,17250,
L900151,2025-09-04,21453,21077,20339,
L900151,2025-09-05,16910,16649,16416,
L900151,2025-09-06,25103,24683,23241,
L900151,2025-09-07,23838,23314,21680,
L900151,2025-09-08,20719,20352,18500,
L900151,2025-09-09,19089,18659,17794,
L900151,2025-09-10,17870,17389,16325,
L900151,2025-09-11,19799,19525,17783,
L900151,2025-09-12,23623,23115,21055,
L900152,2025-07-29,99371,99371,62669,300417.9
L900152,2025-07-30,88038,88038,50297,237203.7
L900152,2025-07-31,89871,89871,53507,259652.5
L900152,2025-08-01,85898,85898,50684,205888.3
L900152,2025-08-02,81527,81527,48409,193774.9
L900152,2025-08-03,74089,74089,46005,217398.4
L900152,2025-08-04,65689,65689,36372,188251.2
L900152,2025-08-05,70816,70816,41412,204021.7
L900152,2025-08-06,61961,61961,40822,148593.8
L900152,2025-08-07,56087,56087,33356,102656.5
L900152,2025-08-08,63800,63800,39224,198589.3
L900152,2025-08-09,51704,51704,33192,127795.3
L900152,2025-08-10,54673,54673,36289,137144.2
L900152,2025-08-11,52115,52115,30291,102491.2
L900152,2025-08-12,49346,49346,31450,123242.0
L900152,2025-08-13,44016,44016,27199,135736.3
L900152,2025-08-14,38771,38771,24821,107962.5
L900152,2025-08-15,36281,36281,20756,87613.4
L900152,2025-08-16,33549,33549,18977,78870.5
L900152,2025-08-17,25368,25368,16081,72051.6
L900152,2025-08-18,32692,32692,21465,65102.4
L900152,2025-08-19,29426,29426,19847,66620.4
L900152,2025-08-20,29284,29284,17723,81623.6
L900152,2025-08-21,25178,25178,14997,51089.9
L900152,2025-08-22,25587,25587,17226,54175.2
L900152,2025-08-23,19482,19482,11592,45320.6
L900152,2025-08-24,18791,18791,13133,43632.5
L900152,2025-08-25,15077,15077,9536,40369.6
L900152,2025-08-26,18619,18619,10950,39964.1
L900152,2025-08-27,16401,16401,10085,38455.2
L900152,2025-08-28,15226,15226,10536,46812.9
L900152,2025-08-29,16291,16291,9692,47449.0
L900152,2025-08-30,14214,14214,9622,39694.4
L900152,2025-08-31,11977,11977,7285,33751.4
L900152,2025-09-01,16518,16518,9940,44351.9
L900152,2025-09-02,12354,12354,7455,27139.4
L900152,2025-09-03,10413,10413,5855,27885.6
L900152,2025-09-04,10261,10261,6055,31856.8
L900152,2025-09-05,10178,10178,7016,19957.7
L900152,2025-09-06,9583,9583,5362,17288.8
L900152,2025-09-07,10382,10382,5730,21035.9
L900152,2025-09-08,8582,8582,4933,21618.6
L900152,2025-09-09,9659,9659,5448,25020.3
L900152,2025-09-10,7341,7341,4116,21786.5
L900152,2025-09-11,7534,7534,4467,24092.3
L900152,2025-09-12,7501,7501,4382,21516.6
L900153,2025-08-16,92923,91067,66894,
L900153,2025-08-17,84060,81672,56387,
L900153,2025-08-18,68382,67471,51401,
L900153,2025-08-19,74456,73053,53932,
L900153,2025-08-20,78915,76362,55921,
L900153,2025-08-21,65491,63976,46743,
L900153,2025-08-22,63233,62020,46666,
L900153,2025-08-23,86038,84689,63703,
L900153,2025-08-24,81309,78758,58189,
L900153,2025-08-25,57364,56335,42111,
L900153,2025-08-26,70021,67490,48457,
L900153,2025-08-27,68890,67809,49828,
L900153,2025-08-28,79277,78149,56171,
L900153,2025-08-29,71313,69607,49990,
L900153,2025-08-30,80344,77825,58021,
L900153,2025-08-31,82675,80947,59891,
L900153,2025-09-01,71321,68984,50367,
L900153,2025-09-02,74385,71858,52735,
L900153,2025-09-03,68929,68103,50888,
L900153,2025-09-04,70733,69626,52420,
L900153,2025-09-05,71233,69291,51925,
L900153,2025-09-06,81908,80727,58012,
L900153,2025-09-07,74492,72289,51078,
L900153,2025-09-08,79268,78315,54487,
L900153,2025-09-09,76106,73129,52914,
L900153,2025-09-10,76065,74679,51972,
L900153,2025-09-11,68165,66634,51246,
L900153,2025-09-12,73435,72055,52834,
L900153,2025-09-13,71025,68582,48936,
L900153,2025-09-14,93443,91269,66903,
L900153,2025-09-15,69072,66699,49735,
L900153,2025-09-16,62230,60444,45220,
L900153,2025-09-17,67139,65379,48764,
L900153,2025-09-18,66259,64800,45913,
L900153,2025-09-19,67096,65172,49062,
L900153,2025-09-20,86748,84359,62477,
L900153,2025-09-21,90139,87711,64548,
L900153,2025-09-22,69784,67155,49050,
L900153,2025-09-23,74788,72109,53781,
L900153,2025-09-24,66376,64345,45699,
L900153,2025-09-25,75612,73481,53282,
L900153,2025-09-26,69872,67581,53189,
L900153,2025-09-27,89489,86376,66701,
L900154,2025-08-16,82613,81663,47408,
L900154,2025-08-17,78322,75264,46695,
L900154,2025-08-18,61459,60463,35091,
L900154,2025-08-19,58318,57451,34342,
L900154,2025-08-20,60041,57880,34754,
L900154,2025-08-21,54563,53524,31631,
L900154,2025-08-22,59623,57631,34267,
L900154,2025-08-23,76011,74370,42338,
L900154,2025-08-24,73740,71994,40532,
L900154,2025-08-25,67073,64535,36076,
L900154,2025-08-26,61517,60880,35730,
L900154,2025-08-27,70974,69679,40400,
L900154,2025-08-28,61640,60971,35696,
L900154,2025-08-29,52433,51206,28471,
L900154,2025-08-30,73808,72828,41201,
L900154,2025-08-31,66348,64665,38615,
L900154,2025-09-01,64166,62787,36592,
L900154,2025-09-02,59370,57023,33163,
L900154,2025-09-03,65447,63760,36643,
L900154,2025-09-04,65095,63374,35747,
L900154,2025-09-05,63350,60953,36745,
L900154,2025-09-06,83593,80624,48902,
L900154,2025-09-07,77832,75429,43796,
L900154,2025-09-08,60603,59659,32445,
L900154,2025-09-09,56097,54055,31170,
L900154,2025-09-10,62315,60371,36720,
L900154,2025-09-11,69472,67978,38493,
L900154,2025-09-12,66975,64720,36920,
L900154,2025-09-13,80249,78909,47039,
L900154,2025-09-14,83655,81188,46289,
L900154,2025-09-15,67961,66176,35903,
L900154,2025-09-16,69378,68375,39623,
L900154,2025-09-17,62841,62039,33454,
L900154,2025-09-18,60905,59262,35978,
L900154,2025-09-19,60714,58844,34969,
L900154,2025-09-20,76304,75240,45238,
L900154,2025-09-21,77259,75042,42125,
L900154,2025-09-22,63144,60717,37160,
L900154,2025-09-23,65362,63825,36869,
L900154,2025-09-24,74204,71784,43298,
L900154,2025-09-25,66967,65798,38580,
L900154,2025-09-26,66532,64628,38470,
L900154,2025-09-27,62806,60419,35520,
L900155,2025-08-16,53279,53279,33975,151877.8
L900155,2025-08-17,51784,51784,34190,139816.0
L900155,2025-08-18,42001,42001,28730,112864.6
L900155,2025-08-19,38390,38390,23164,109837.9
L900155,2025-08-20,49615,49615,32046,123062.8
L900155,2025-08-21,43466,43466,26766,130012.5
L900155,2025-08-22,29685,29685,17496,57284.8
L900155,2025-08-23,34724,34724,22264,63783.0
L900155,2025-08-24,37758,37758,26018,119173.5
L900155,2025-08-25,31766,31766,21851,81530.7
L900155,2025-08-26,34610,34610,19048,70966.5
L900155,2025-08-27,32029,32029,21467,73044.9
L900155,2025-08-28,23594,23594,15555,74799.5
L900155,2025-08-29,25340,25340,17098,73347.0
L900155,2025-08-30,23126,23126,13659,50969.0
L900155,2025-08-31,19633,19633,12810,59390.0
L900155,2025-09-01,18350,18350,11191,36644.1
L900155,2025-09-02,18592,18592,11713,47415.6
L900155,2025-09-03,17824,17824,11334,39586.5
L900155,2025-09-04,18444,18444,12233,57902.8
L900155,2025-09-05,18655,18655,10445,57741.2
L900155,2025-09-06,16725,16725,9891,47226.4
L900155,2025-09-07,16105,16105,10538,37416.9
L900155,2025-09-08,13732,13732,8545,35873.0
L900155,2025-09-09,14088,14088,8166,32411.4
L900155,2025-09-10,12327,12327,6991,34211.8
L900155,2025-09-11,11264,11264,7189,28569.7
L900155,2025-09-12,13204,13204,8186,38997.5
L900155,2025-09-13,8016,8016,4665,15932.7
L900155,2025-09-14,7999,7999,5225,17640.3
L900155,2025-09-15,9625,9625,6135,21171.0
L900155,2025-09-16,8499,8499,5236,23039.8
L900155,2025-09-17,7040,7040,4320,17736.3
L900155,2025-09-18,6926,6926,3863,17589.8
L900155,2025-09-19,6618,6618,4011,12390.5
L900155,2025-09-20,7480,7480,4226,20759.9
L900155,2025-09-21,7251,7251,4510,15520.7
L900155,2025-09-22,7089,7089,4230,18539.3
L900155,2025-09-23,4824,4824,2888,15020.2
L900155,2025-09-24,4663,4663,2739,11221.0
L900155,2025-09-25,4357,4357,2745,8884.6
L900155,2025-09-26,5408,5408,3058,15792.8
L900155,2025-09-27,4700,4700,2927,12069.2
L900156,2026-01-18,8549,8549,4826,22750.6
L900156,2026-01-19,7825,7825,4779,19831.0
L900156,2026-01-20,6581,6581,4037,13033.2
L900156,2026-01-21,7338,7338,4873,21827.1
L900156,2026-01-22,6451,6451,3941,16560.2
L900156,2026-01-23,5448,5448,3681,10895.5
L900156,2026-01-24,6165,6165,3786,16087.3
L900156,2026-01-25,5257,5257,3047,16266.7
L900156,2026-01-26,5288,5288,3480,12274.5
L900156,2026-01-27,4809,4809,2834,13414.3
L900156,2026-01-28,4995,4995,2894,11817.9
L900156,2026-01-29,4414,4414,2462,9151.7
L900156,2026-01-30,3708,3708,2142,9281.4
L900156,2026-01-31,3954,3954,2693,12524.4
L900156,2026-02-01,3735,3735,2441,8475.4
L900156,2026-02-02,3571,3571,2336,9803.8
L900156,2026-02-03,3531,3531,2426,7038.5
L900156,2026-02-04,2827,2827,1677,5466.9
L900156,2026-02-05,3027,3027,1796,6098.7
L900156,2026-02-06,2211,2211,1349,5466.8
L900156,2026-02-07,2486,2486,1405,4737.2
L900156,2026-02-08,2305,2305,1378,6049.1
L900156,2026-02-09,2555,2555,1459,4940.4
L900156,2026-02-10,2069,2069,1404,4953.6
L900156,2026-02-11,2100,2100,1233,6275.5
L900156,2026-02-12,1536,1536,964,3041.6
L900156,2026-02-13,1694,1694,1148,3708.2
L900156,2026-02-14,1513,1513,839,3400.2
L900156,2026-02-15,1943,1943,1321,5094.4
L900156,2026-02-16,1369,1369,790,2801.7
L900156,2026-02-17,1391,1391,842,2776.1
L900156,2026-02-18,1317,1317,729,4142.3
L900156,2026-02-19,1030,1030,680,2946.3
L900156,2026-02-20,1093,1093,740,2141.6
L900156,2026-02-21,1130,1130,656,2879.1
L900156,2026-02-22,1032,1032,599,2689.6
L900156,2026-02-23,742,742,429,2002.2
L900156,2026-02-24,856,856,517,2160.4
L900156,2026-02-25,942,942,653,1849.6
L900156,2026-02-26,852,852,496,1823.8
L900156,2026-02-27,850,850,543,1929.3
L900156,2026-02-28,643,643,436,1768.9
L900156,2026-03-01,758,758,454,1594.2
L900157,2026-01-18,62592,60838,56583,
L900157,2026-01-19,38352,37706,35707,
L900157,2026-01-20,44237,42862,39539,
L900157,2026-01-21,40533,39450,37968,
L900157,2026-01-22,43952,43239,41574,
L900157,2026-01-23,44282,42740,38955,
L900157,2026-01-24,61381,60000,55711,
L900157,2026-01-25,55238,53741,48601,
L900157,2026-01-26,44185,42673,40051,
L900157,2026-01-27,41097,39667,36462,
L900157,2026-01-28,44322,42621,39694,
L900157,2026-01-29,51293,50488,46650,
L900157,2026-01-30,43331,42833,42187,
L900157,2026-01-31,53596,51850,48022,
L900157,2026-02-01,53931,52987,48984,
L900157,2026-02-02,46150,45185,42854,
L900157,2026-02-03,47347,46125,43889,
L900157,2026-02-04,49695,49056,45826,
L900157,2026-02-05,47245,46518,44293,
L900157,2026-02-06,41787,40462,39651,
L900157,2026-02-07,53243,52028,48020,
L900157,2026-02-08,50137,49089,44492,
L900157,2026-02-09,49438,47995,46814,
L900157,2026-02-10,43783,42848,40146,
L900157,2026-02-11,46672,45967,43668,
L900157,2026-02-12,54005,52421,50346,
L900157,2026-02-13,44989,44316,41682,
L900157,2026-02-14,58310,56138,52185,
L900157,2026-02-15,50652,49671,45400,
L900157,2026-02-16,50077,49572,47342,
L900157,2026-02-17,45103,44627,41736,
L900157,2026-02-18,50257,48856,43770,
L900157,2026-02-19,44227,43538,42247,
L900157,2026-02-20,46963,45877,41629,
L900157,2026-02-21,56041,53910,51237,
L900157,2026-02-22,44209,43087,40222,
L900157,2026-02-23,44498,43915,39398,
L900157,2026-02-24,46165,45648,42328,
L900157,2026-02-25,45776,44452,41030,
L900157,2026-02-26,42117,40743,36705,
L900157,2026-02-27,43330,42428,40187,
L900157,2026-02-28,56555,54395,50512,
L900157,2026-03-01,50902,50264,46369,
L900158,2026-01-18,70034,68107,49749,
L900158,2026-01-19,43991,42370,30781,
L900158,2026-01-20,53461,52080,37594,
L900158,2026-01-21,53770,53220,40251,
L900158,2026-01-22,55442,53588,40715,
L900158,2026-01-23,48898,47535,34885,
L900158,2026-01-24,56873,55590,40662,
L900158,2026-01-25,61684,59902,45862,
L900158,2026-01-26,57431,55630,42295,
L900158,2026-01-27,53698,52261,37607,
L900158,2026-01-28,50930,50409,37570,
L900158,2026-01-29,63661,61631,46115,
L900158,2026-01-30,53941,53020,39034,
L900158,2026-01-31,67147,65335,50996,
L900158,2026-02-01,73959,71705,53434,
L900158,2026-02-02,56096,54244,40465,
L900158,2026-02-03,57807,55856,40871,
L900158,2026-02-04,51853,50681,38550,
L900158,2026-02-05,55706,54629,41462,
L900158,2026-02-06,62931,62161,46646,
L900158,2026-02-07,69246,66740,53659,
L900158,2026-02-08,68430,66993,48113,
L900158,2026-02-09,54357,53431,41197,
L900158,2026-02-10,49851,48681,35291,
L900158,2026-02-11,60530,58724,43136,
L900158,2026-02-12,55118,53326,40606,
L900158,2026-02-13,52419,50777,36083,
L900158,2026-02-14,59836,59017,44359,
L900158,2026-02-15,68711,67420,48956,
L900158,2026-02-16,50453,49933,36680,
L900158,2026-02-17,60575,59049,42709,
L900158,2026-02-18,52660,51489,36875,
L900158,2026-02-19,53974,52297,39053,
L900158,2026-02-20,65018,63078,46952,
L900158,2026-02-21,67026,64509,48850,
L900158,2026-02-22,71065,69588,50691,
L900158,2026-02-23,65849,64920,48009,
L900158,2026-02-24,56660,55579,41741,
L900158,2026-02-25,57147,55578,42823,
L900158,2026-02-26,52984,51177,38672,
L900158,2026-02-27,56340,55143,41889,
L900158,2026-02-28,66158,65359,47907,
L900158,2026-03-01,71258,69100,51628,
L900159,2025-10-11,35572,34587,32672,
L900159,2025-10-12,31924,30961,28503,
L900159,2025-10-13,27302,26823,25299,
L900159,2025-10-14,23146,22391,20991,
L900159,2025-10-15,27915,27282,24088,
L900159,2025-10-16,26946,26201,24730,
L900159,2025-10-17,27763,26736,25293,
L900159,2025-10-18,31273,30707,27918,
L900159,2025-10-19,27491,26512,25235,
L900159,2025-10-20,28022,27376,26099,
L900159,2025-10-21,24991,24433,23115,
L900159,2025-10-22,23340,22571,20598,
L900159,2025-10-23,26797,26214,24726,
L900159,2025-10-24,30093,29692,27471,
L900159,2025-10-25,29891,29185,26606,
L900159,2025-10-26,30348,29732,28971,
L900159,2025-10-27,28136,27361,26054,
L900159,2025-10-28,26022,25257,23488,
L900159,2025-10-29,28014,27082,24912,
L900159,2025-10-30,25911,25610,23471,
L900159,2025-10-31,25580,24620,22920,
L900159,2025-11-01,30004,29158,27283,
L900159,2025-11-02,32846,32302,29925,
L900159,2025-11-03,24773,24269,22621,
L900159,2025-11-04,25458,24970,23245,
L900159,2025-11-05,28860,27782,25141,
L900159,2025-11-06,31143,30126,27973,
L900159,2025-11-07,27404,26716,24443,
L900159,2025-11-08,35050,33866,31410,
L900159,2025-11-09,31102,29979,27535,
L900159,2025-11-10,25960,24967,23428,
L900159,2025-11-11,26896,26377,24509,
L900159,2025-11-12,25020,24600,22499,
L900159,2025-11-13,25551,25121,23593,
L900159,2025-11-14,27935,27607,26114,
L900159,2025-11-15,32111,31090,29152,
L900159,2025-11-16,31682,30997,27747,
L900159,2025-11-17,26071,25665,23675,
L900159,2025-11-18,24324,24050,22093,
L900159,2025-11-19,26816,26470,24017,
L900159,2025-11-20,25021,24034,23095,
L900159,2025-11-21,23128,22824,21142,
L900159,2025-11-22,29118,28290,25884,
L900159,2025-11-23,31607,30603,27856,
L900159,2025-11-24,27748,26811,25658,
L900159,2025-11-25,28316,27295,25943,
L900159,2025-11-26,23601,22743,21040,
L900159,2025-11-27,27522,26656,25254,
L900159,2025-11-28,30251,29752,28305,
L900159,2025-11-29,34418,33652,33068,
L900159,2025-11-30,32362,31356,28979,
L900159,2025-12-01,26906,26453,24117,
L900159,2025-12-02,26673,25923,23213,
L900159,2025-12-03,25406,24636,22854,
L900159,2025-12-04,28545,27641,26320,
L900159,2025-12-05,24484,23610,22937,
L900159,2025-12-06,32496,31759,29688,
L900159,2025-12-07,27959,27537,25267,
L900159,2025-12-08,28758,27749,25900,
L900159,2025-12-09,26758,26363,24637,
L900159,2025-12-10,23467,22737,21101,
L900159,2025-12-11,29519,29002,27602,
L900159,2025-12-12,26264,25375,24392,
L900159,2025-12-13,28880,28431,25888,
L900159,2025-12-14,36903,36088,33978,
L900159,2025-12-15,25917,25237,23442,
L900159,2025-12-16,24818,24382,22810,
L900159,2025-12-17,26949,26344,24510,
L900159,2025-12-18,24068,23687,22154,
L900159,2025-12-19,25406,24870,22638,
L900159,2025-12-20,35369,34273,33361,
L900159,2025-12-21,37106,35861,33817,
L900159,2025-12-22,25966,25566,23740,
L900159,2025-12-23,27390,26509,24430,
L900159,2025-12-24,29329,28900,25700,
L900159,2025-12-25,25902,24928,23582,
L900159,2025-12-26,24736,24242,22428,
L900159,2025-12-27,33640,32477,31189,
L900159,2025-12-28,28791,27996,25270,
L900159,2025-12-29,24522,24211,21771,
L900159,2025-12-30,23417,22985,20928,
L900159,2025-12-31,29148,28478,26306,
L900159,2026-01-01,26596,25602,23320,
L900159,2026-01-02,27874,27101,26220,
L900159,2026-01-03,29834,29526,28477,
L900159,2026-01-04,33051,31754,29541,
L900159,2026-01-05,27379,26843,25173,
L900159,2026-01-06,30471,29755,27981,
L900159,2026-01-07,27678,26752,24653,
L900159,2026-01-08,28311,27365,24925,
L900159,2026-01-09,26761,25779,25461,
L900160,2025-11-16,152066,146758,137282,
L900160,2025-11-17,121069,119078,110255,
L900160,2025-11-18,124221,121380,112271,
L900160,2025-11-19,125509,120916,111272,
L900160,2025-11-20,143271,140875,130303,
L900160,2025-11-21,128939,124736,114335,
L900160,2025-11-22,160426,156904,148222,
L900160,2025-11-23,154288,151501,137783,
L900160,2025-11-24,115896,111377,107336,
L900160,2025-11-25,115787,113775,107269,
L900160,2025-11-26,114000,110105,104618,
L900160,2025-11-27,116548,112695,102635,
L900160,2025-11-28,116292,115031,105704,
L900160,2025-11-29,154114,148945,138725,
L900160,2025-11-30,136202,134503,125012,
L900160,2025-12-01,112038,108965,102739,
L900160,2025-12-02,131477,128119,119089,
L900160,2025-12-03,125999,123983,119648,
L900160,2025-12-04,121765,120390,109689,
L900160,2025-12-05,129033,124930,113354,
L900160,2025-12-06,146767,144394,132556,
L900160,2025-12-07,140900,136453,126218,
L900160,2025-12-08,132197,130183,123948,
L900160,2025-12-09,132457,129326,121143,
L900160,2025-12-10,120777,118450,104572,
L900160,2025-12-11,126947,122206,108080,
L900160,2025-12-12,104344,100364,93014,
L900160,2025-12-13,152441,146668,135078,
L900160,2025-12-14,167620,163098,153188,
L900161,2025-11-16,114545,114545,73317,212226.2
L900161,2025-11-17,109568,109568,76598,336614.1
L900161,2025-11-18,93796,93796,52870,221418.5
L900161,2025-11-19,77512,77512,53971,202281.4
L900161,2025-11-20,74779,74779,49096,204003.4
L900161,2025-11-21,63743,63743,35852,116960.8
L900161,2025-11-22,69887,69887,47331,189996.2
L900161,2025-11-23,59157,59157,40723,180493.0
L900161,2025-11-24,60200,60200,33459,152997.8
L900161,2025-11-25,60151,60151,40579,143407.2
L900161,2025-11-26,44257,44257,27109,87040.1
L900161,2025-11-27,45423,45423,31223,145306.0
L900161,2025-11-28,46484,46484,30781,88379.8
L900161,2025-11-29,45872,45872,29501,85109.9
L900161,2025-11-30,41284,41284,24514,81362.2
L900161,2025-12-01,39794,39794,26934,82803.4
L900161,2025-12-02,35798,35798,22384,101659.3
L900161,2025-12-03,31017,31017,18590,79866.4
L900161,2025-12-04,32336,32336,22092,103312.8
L900161,2025-12-05,31487,31487,18307,65382.0
L900161,2025-12-06,29359,29359,18021,81427.3
L900161,2025-12-07,28854,28854,18317,79054.8
L900161,2025-12-08,27999,27999,17439,87214.0
L900161,2025-12-09,27033,27033,17267,56433.3
L900161,2025-12-10,22324,22324,14098,42019.7
L900161,2025-12-11,18909,18909,11318,46757.7
L900161,2025-12-12,23827,23827,16161,72368.9
L900161,2025-12-13,20675,20675,13823,40572.8
L900161,2025-12-14,16959,16959,11558,49109.3
L900162,2026-05-17,134154,131532,101882,
L900162,2026-05-18,104147,102875,78307,
L900162,2026-05-19,92220,90791,67120,
L900162,2026-05-20,99363,98358,73458,
L900162,2026-05-21,115260,111698,83214,
L900162,2026-05-22,94441,91977,65738,
L900162,2026-05-23,139867,137912,103472,
L900162,2026-05-24,128025,123524,90558,
L900162,2026-05-25,104288,103035,74212,
L900162,2026-05-26,105262,102806,73660,
L900162,2026-05-27,99165,97147,70639,
L900162,2026-05-28,75493,73128,53607,
L900162,2026-05-29,94758,91306,67182,
L900162,2026-05-30,123612,121783,94425,
L900162,2026-05-31,126607,123287,92056,
L900162,2026-06-01,106148,103914,78708,
L900162,2026-06-02,105810,102584,76490,
L900162,2026-06-03,107909,106534,73664,
L900162,2026-06-04,119163,117735,90867,
L900162,2026-06-05,103873,99952,71139,
L900162,2026-06-06,135562,133919,97241,
L900162,2026-06-07,128873,124542,88965,
L900162,2026-06-08,120285,117047,83238,
L900162,2026-06-09,102663,101171,70572,
L900162,2026-06-10,101763,98817,72284,
L900162,2026-06-11,111388,108204,79150,
L900162,2026-06-12,111400,109818,79015,
L900162,2026-06-13,120807,116654,85712,
L900162,2026-06-14,128495,123631,92397,
L900163,2026-05-17,113963,113963,72151,358935.3
L900163,2026-05-18,111450,111450,61924,300024.9
L900163,2026-05-19,89610,89610,53340,283066.9
L900163,2026-05-20,96321,96321,62477,224479.1
L900163,2026-05-21,101359,101359,67643,324172.3
L900163,2026-05-22,68417,68417,39366,184587.8
L900163,2026-05-23,81230,81230,46126,178506.4
L900163,2026-05-24,77869,77869,43387,217564.5
L900163,2026-05-25,78722,78722,44270,178677.0
L900163,2026-05-26,69382,69382,41610,164806.6
L900163,2026-05-27,61530,61530,39964,193951.0
L900163,2026-05-28,59838,59838,34576,113273.4
L900163,2026-05-29,50058,50058,31645,147160.9
L900163,2026-05-30,48909,48909,29373,156395.2
L900163,2026-05-31,41519,41519,23928,112864.6
L900163,2026-06-01,51840,51840,34263,158152.9
L900163,2026-06-02,44415,44415,24441,119307.4
L900163,2026-06-03,36359,36359,21540,102129.9
L900163,2026-06-04,38718,38718,21672,108047.3
L900163,2026-06-05,39616,39616,25257,104431.5
L900163,2026-06-06,36752,36752,23596,92939.7
L900163,2026-06-07,28565,28565,19630,65769.3
L900163,2026-06-08,20359,20359,12389,44693.2
L900163,2026-06-09,29029,29029,18448,90846.1
L900163,2026-06-10,23966,23966,13975,45096.7
L900163,2026-06-11,26309,26309,15927,69118.6
L900163,2026-06-12,25542,25542,16456,72096.3
L900163,2026-06-13,24413,24413,15011,55832.9
L900163,2026-06-14,24297,24297,15781,57405.2
L900164,2025-09-27,559445,550129,422268,
L900164,2025-09-28,548322,531262,392699,
L900164,2025-09-29,363592,350636,276878,
L900164,2025-09-30,407450,403259,308321,
L900164,2025-10-01,387561,377270,286452,
L900164,2025-10-02,326111,320153,234285,
L900164,2025-10-03,402216,391625,293425,
L900164,2025-10-04,532845,517760,371812,
L900164,2025-10-05,516668,498066,380788,
L900164,2025-10-06,481492,471670,355701,
L900164,2025-10-07,390505,379630,271270,
L900164,2025-10-08,464734,446505,336998,
L900164,2025-10-09,404695,393154,278197,
L900164,2025-10-10,375207,360288,271162,
L900164,2025-10-11,504649,484804,339883,
L900164,2025-10-12,515594,495632,351220,
L900164,2025-10-13,449322,435312,323946,
L900164,2025-10-14,390378,386461,293634,
L900164,2025-10-15,416873,411716,315579,
L900164,2025-10-16,408018,393058,291954,
L900164,2025-10-17,396156,382953,285399,
L900164,2025-10-18,557420,551625,402655,
L900164,2025-10-19,516196,501402,362208,
L900164,2025-10-20,338378,331423,246628,
L900164,2025-10-21,417421,412758,304532,
L900164,2025-10-22,356889,351833,262497,
L900164,2025-10-23,414045,400721,289410,
L900164,2025-10-24,361511,355590,261341,
L900164,2025-10-25,516391,503666,376909,
L900165,2025-08-31,4302,4143,4009,
L900165,2025-09-01,3185,3058,2908,
L900165,2025-09-02,3892,3849,3558,
L900165,2025-09-03,3840,3799,3732,
L900165,2025-09-04,3453,3357,3166,
L900165,2025-09-05,3806,3715,3515,
L900165,2025-09-06,3454,3321,3148,
L900165,2025-09-07,4416,4275,4124,
L900165,2025-09-08,3268,3232,3052,
L900165,2025-09-09,3790,3724,3533,
L900165,2025-09-10,3085,3006,2930,
L900165,2025-09-11,3455,3372,3276,
L900165,2025-09-12,3123,2998,2840,
L900165,2025-09-13,4429,4306,4083,
L900165,2025-09-14,3853,3721,3357,
L900165,2025-09-15,3944,3871,3696,
L900165,2025-09-16,3843,3703,3586,
L900165,2025-09-17,3683,3631,3426,
L900165,2025-09-18,3653,3579,3502,
L900165,2025-09-19,3539,3412,3371,
L900165,2025-09-20,3745,3611,3314,
L900165,2025-09-21,4592,4428,4134,
L900165,2025-09-22,4090,3947,3855,
L900165,2025-09-23,3962,3821,3697,
L900165,2025-09-24,3256,3127,2866,
L900165,2025-09-25,3936,3811,3506,
L900165,2025-09-26,3961,3841,3700,
L900165,2025-09-27,4229,4079,3911,
L900165,2025-09-28,4414,4262,4031,
L900165,2025-09-29,3916,3876,3790,
L900165,2025-09-30,3559,3479,3263,
L900165,2025-10-01,3883,3762,3421,
L900165,2025-10-02,3640,3494,3370,
L900165,2025-10-03,3282,3159,3062,
L900165,2025-10-04,4246,4168,3914,
L900165,2025-10-05,4583,4475,4154,
L900165,2025-10-06,3760,3660,3331,
L900165,2025-10-07,3596,3538,3364,
L900165,2025-10-08,3363,3251,3113,
L900165,2025-10-09,3493,3446,3346,
L900165,2025-10-10,3673,3537,3392,
L900165,2025-10-11,4355,4195,3945,
L900165,2025-10-12,4153,4017,3836,
L900165,2025-10-13,3466,3396,3301,
L900165,2025-10-14,3542,3488,3339,
L900165,2025-10-15,3121,3084,2987,
L900165,2025-10-16,3352,3249,3018,
L900165,2025-10-17,3978,3856,3717,
L900165,2025-10-18,4588,4511,4326,
L900165,2025-10-19,4224,4111,3882,
L900165,2025-10-20,3734,3600,3501,
L900165,2025-10-21,3496,3436,3401,
L900165,2025-10-22,3460,3376,3113,
L900165,2025-10-23,3031,2921,2676,
L900165,2025-10-24,3399,3347,3164,
L900165,2025-10-25,4488,4415,4191,
L900165,2025-10-26,4543,4420,4202,
L900165,2025-10-27,3519,3390,3181,
L900165,2025-10-28,3915,3840,3530,
L900165,2025-10-29,3600,3527,3337,
L900165,2025-10-30,3735,3692,3505,
L900165,2025-10-31,3518,3436,3245,
L900165,2025-11-01,4730,4546,4318,
L900165,2025-11-02,4926,4841,4625,
L900165,2025-11-03,3521,3435,3253,
L900165,2025-11-04,3674,3530,3311,
L900165,2025-11-05,3556,3512,3336,
L900165,2025-11-06,3607,3464,3315,
L900165,2025-11-07,3628,3490,3322,
L900165,2025-11-08,4790,4727,4530,
L900165,2025-11-09,5143,4953,4710,
L900165,2025-11-10,3785,3666,3429,
L900165,2025-11-11,3909,3854,3607,
L900165,2025-11-12,3643,3600,3400,
L900165,2025-11-13,3642,3522,3329,
L900165,2025-11-14,3293,3168,2992,
L900165,2025-11-15,4780,4636,4447,
L900165,2025-11-16,3817,3751,3645,
L900165,2025-11-17,3265,3211,3098,
L900165,2025-11-18,3671,3580,3445,
L900165,2025-11-19,4036,3984,3718,
L900165,2025-11-20,3687,3642,3551,
L900165,2025-11-21,3334,3226,3016,
L900165,2025-11-22,4158,4050,3873,
L900165,2025-11-23,3775,3670,3526,
L900165,2025-11-24,3119,3036,2962,
L900165,2025-11-25,3660,3594,3551,
L900165,2025-11-26,3703,3624,3420,
L900165,2025-11-27,3291,3213,3067,
L900165,2025-11-28,3507,3385,3296,
L900165,2025-11-29,3939,3857,3818,
L900166,2025-08-31,26678,26352,25454,
L900166,2025-09-01,20999,20299,18961,
L900166,2025-09-02,20115,19543,18896,
L900166,2025-09-03,19450,19113,17224,
L900166,2025-09-04,21265,20731,19828,
L900166,2025-09-05,24114,23809,22200,
L900166,2025-09-06,29330,28722,26645,
L900166,2025-09-07,28036,27728,26703,
L900166,2025-09-08,21961,21526,19689,
L900166,2025-09-09,23246,22474,21233,
L900166,2025-09-10,22601,22075,20972,
L900166,2025-09-11,22042,21671,20209,
L900166,2025-09-12,23074,22613,21160,
L900166,2025-09-13,30619,29483,27637,
L900166,2025-09-14,26460,26055,24506,
L900166,2025-09-15,24211,23693,22401,
L900166,2025-09-16,23691,23386,21048,
L900166,2025-09-17,17935,17456,16679,
L900166,2025-09-18,23189,22909,21295,
L900166,2025-09-19,23647,23342,22607,
L900166,2025-09-20,30186,29722,28213,
L900166,2025-09-21,25195,24491,22405,
L900166,2025-09-22,18126,17714,16698,
L900166,2025-09-23,24390,23647,22554,
L900166,2025-09-24,23613,22903,21229,
L900166,2025-09-25,21391,20742,18947,
L900166,2025-09-26,22110,21454,19532,
L900166,2025-09-27,30929,30149,27253,
L900166,2025-09-28,26692,25922,23103,
L900166,2025-09-29,22934,22410,20840,
L900166,2025-09-30,21763,21348,19455,
L900166,2025-10-01,22407,21524,19782,
L900166,2025-10-02,22157,21775,21103,
L900166,2025-10-03,22711,21929,20627,
L900166,2025-10-04,26111,25767,23559,
L900166,2025-10-05,27069,25986,25468,
L900166,2025-10-06,21888,21287,19950,
L900166,2025-10-07,20918,20686,18098,
L900166,2025-10-08,20987,20504,20045,
L900166,2025-10-09,23470,22565,21725,
L900166,2025-10-10,21779,21102,18630,
L900166,2025-10-11,24714,24388,22874,
L900166,2025-10-12,27635,26960,25067,
L900166,2025-10-13,21452,21109,20028,
L900166,2025-10-14,21504,20920,19584,
L900166,2025-10-15,22753,22100,20390,
L900166,2025-10-16,20823,20444,18838,
L900166,2025-10-17,25761,25030,23834,
L900166,2025-10-18,29333,28529,26083,
L900166,2025-10-19,24000,23213,22097,
L900166,2025-10-20,24024,23389,21815,
L900166,2025-10-21,21739,21047,18957,
L900166,2025-10-22,23957,23317,22237,
L900166,2025-10-23,21186,20366,18629,
L900166,2025-10-24,24627,23936,21953,
L900166,2025-10-25,30979,29873,27716,
L900166,2025-10-26,26280,25555,23789,
L900166,2025-10-27,21710,21444,20425,
L900166,2025-10-28,23990,23331,22205,
L900166,2025-10-29,22733,22205,20447,
L900166,2025-10-30,22386,21691,19987,
L900166,2025-10-31,25031,24704,23469,
L900166,2025-11-01,26921,25891,23598,
L900166,2025-11-02,30462,29570,27580,
L900166,2025-11-03,22169,21704,20857,
L900166,2025-11-04,21489,20959,19358,
L900166,2025-11-05,21989,21237,19191,
L900166,2025-11-06,22969,22548,20625,
L900166,2025-11-07,21380,20919,19159,
L900166,2025-11-08,25845,24935,22771,
L900166,2025-11-09,27655,27057,25078,
L900166,2025-11-10,22489,21857,21355,
L900166,2025-11-11,22124,21417,20176,
L900166,2025-11-12,23691,23070,21426,
L900166,2025-11-13,22893,22552,20982,
L900166,2025-11-14,22766,22442,20607,
L900166,2025-11-15,26047,25146,23394,
L900166,2025-11-16,22841,22477,21576,
L900166,2025-11-17,26275,25863,24140,
L900166,2025-11-18,23595,23027,21912,
L900166,2025-11-19,20029,19633,18623,
L900166,2025-11-20,21638,20928,20421,
L900166,2025-11-21,22065,21275,20172,
L900166,2025-11-22,26732,25863,25188,
L900166,2025-11-23,26008,25133,23959,
L900166,2025-11-24,23526,22946,21525,
L900166,2025-11-25,22813,22425,20556,
L900166,2025-11-26,17768,17203,16368,
L900166,2025-11-27,21527,20959,19982,
L900166,2025-11-28,23033,22198,21177,
L900166,2025-11-29,28859,27800,24483,
L900167,2026-06-11,87493,84640,51063,
L900167,2026-06-12,94222,92921,55014,
L900167,2026-06-13,106535,104192,58529,
L900167,2026-06-14,105136,101963,55468,
L900167,2026-06-15,85718,83158,45796,
L900167,2026-06-16,79619,77529,45147,
L900167,2026-06-17,93810,92438,53555,
L900167,2026-06-18,86377,84437,47373,
L900167,2026-06-19,87684,84252,47480,
L900167,2026-06-20,108360,104591,57480,
L900167,2026-06-21,115017,112138,63768,
L900167,2026-06-22,92675,91217,54524,
L900167,2026-06-23,92326,88674,52848,
L900167,2026-06-24,75092,72713,41456,
L900167,2026-06-25,97906,95073,56110,
L900167,2026-06-26,103271,99330,60997,
L900167,2026-06-27,111517,110390,63469,
L900167,2026-06-28,100557,97176,55437,
L900167,2026-06-29,87028,85262,48440,
L900167,2026-06-30,83357,81574,47968,
L900167,2026-07-01,102178,99126,59343,
L900167,2026-07-02,87646,85717,51454,
L900167,2026-07-03,92462,89758,51986,
L900167,2026-07-04,108009,106705,61462,
L900167,2026-07-05,114580,112912,65804,
L900167,2026-07-06,84724,82153,46372,
L900167,2026-07-07,92168,89968,52952,
L900167,2026-07-08,87713,86337,48120,
L900167,2026-07-09,98970,96571,58017,
L900167,2026-07-10,75663,73150,44386,
L900167,2026-07-11,107086,103700,60540,
L900167,2026-07-12,118824,117320,71923,
L900167,2026-07-13,97185,93705,54800,
L900167,2026-07-14,80066,77908,42029,
L900167,2026-07-15,96287,92966,56415,
L900167,2026-07-16,84103,82963,47670,
L900167,2026-07-17,85956,84109,47800,
L900167,2026-07-18,118273,113863,66537,
L900167,2026-07-19,106910,103140,65303,
L900167,2026-07-20,79643,77616,45867,
L900167,2026-07-21,82417,81472,46997,
L900167,2026-07-22,91036,89033,53143,
L900167,2026-07-23,88087,86754,49680,
L900167,2026-07-24,87958,84509,47189,
L900167,2026-07-25,114416,110138,64499,
L900167,2026-07-26,112699,109759,63507,
L900167,2026-07-27,88578,87499,52806,
L900167,2026-07-28,97321,93944,57145,
L900167,2026-07-29,92648,89273,54193,
L900167,2026-07-30,86972,85279,49119,
L900167,2026-07-31,98568,96370,57520,
L900167,2026-08-01,106377,104993,58698,
L900167,2026-08-02,107130,104073,58936,
L900167,2026-08-03,102379,98928,58882,
L900167,2026-08-04,84454,83250,46545,
L900167,2026-08-05,84365,83101,47269,
L900167,2026-08-06,88767,86271,51960,
L900167,2026-08-07,83010,82145,51405,
L900167,2026-08-08,100689,99136,54705,
L900167,2026-08-09,123617,121459,73655,
L900167,2026-08-10,88654,87690,51528,
L900168,2026-06-11,8108,7839,7087,
L900168,2026-06-12,6428,6201,5662,
L900168,2026-06-13,11120,10690,10338,
L900168,2026-06-14,9506,9277,8449,
L900168,2026-06-15,8199,8101,7605,
L900168,2026-06-16,8406,8160,7176,
L900168,2026-06-17,10047,9700,9240,
L900168,2026-06-18,7894,7588,6947,
L900168,2026-06-19,8654,8332,7831,
L900168,2026-06-20,9781,9561,8979,
L900168,2026-06-21,9622,9267,8692,
L900168,2026-06-22,8487,8208,7689,
L900168,2026-06-23,8207,7938,7603,
L900168,2026-06-24,6996,6794,6210,
L900168,2026-06-25,8038,7770,7112,
L900168,2026-06-26,7767,7597,7260,
L900168,2026-06-27,9594,9234,8249,
L900168,2026-06-28,9380,9022,8400,
L900168,2026-06-29,8046,7738,7282,
L900168,2026-06-30,8325,7997,7415,
L900168,2026-07-01,7255,7119,6557,
L900168,2026-07-02,7621,7464,6898,
L900168,2026-07-03,8464,8234,7724,
L900168,2026-07-04,10349,10052,9271,
L900168,2026-07-05,10881,10505,9911,
L900168,2026-07-06,8093,7851,7396,
L900168,2026-07-07,7587,7446,6610,
L900168,2026-07-08,7631,7480,7068,
L900168,2026-07-09,8072,7918,7342,
L900168,2026-07-10,7477,7192,6407,
L900168,2026-07-11,10816,10623,9835,
L900168,2026-07-12,9376,9100,8340,
L900168,2026-07-13,8826,8631,8178,
L900168,2026-07-14,7400,7104,6772,
L900168,2026-07-15,7928,7717,7082,
L900168,2026-07-16,7832,7753,7088,
L900168,2026-07-17,7173,7060,6675,
L900168,2026-07-18,9538,9197,8666,
L900168,2026-07-19,9932,9534,8971,
L900168,2026-07-20,6708,6599,6022,
L900168,2026-07-21,8386,8137,7359,
L900168,2026-07-22,8260,8128,7332,
L900168,2026-07-23,8031,7762,7468,
L900168,2026-07-24,8518,8367,7471,
L900168,2026-07-25,10368,9979,9644,
L900168,2026-07-26,11882,11543,10844,
L900168,2026-07-27,7145,6993,6564,
L900168,2026-07-28,9045,8809,8159,
L900168,2026-07-29,8690,8546,7804,
L900168,2026-07-30,8260,8120,7147,
L900168,2026-07-31,7411,7177,6673,
L900168,2026-08-01,9427,9156,8276,
L900168,2026-08-02,9321,9071,8495,
L900168,2026-08-03,7965,7715,7184,
L900168,2026-08-04,8490,8212,7580,
L900168,2026-08-05,8893,8540,7773,
L900168,2026-08-06,9258,9093,8658,
L900168,2026-08-07,7792,7624,7046,
L900168,2026-08-08,9870,9755,9188,
L900168,2026-08-09,10560,10249,9256,
L900168,2026-08-10,8301,8137,7222,
L900169,2026-06-11,21194,20790,14795,
L900169,2026-06-12,16557,15946,11870,
L900169,2026-06-13,25534,24574,18344,
L900169,2026-06-14,19481,18965,13395,
L900169,2026-06-15,19135,18656,13365,
L900169,2026-06-16,19194,18984,14122,
L900169,2026-06-17,18242,17901,13896,
L900169,2026-06-18,19883,19290,14742,
L900169,2026-06-19,20384,19779,14577,
L900169,2026-06-20,22626,22168,16272,
L900169,2026-06-21,24236,23737,17256,
L900169,2026-06-22,21606,21234,15396,
L900169,2026-06-23,19312,18578,13662,
L900169,2026-06-24,18301,17583,13775,
L900169,2026-06-25,18319,17902,13138,
L900169,2026-06-26,17977,17556,13005,
L900169,2026-06-27,22797,22446,16107,
L900169,2026-06-28,22203,21746,16357,
L900169,2026-06-29,20546,20018,14822,
L900169,2026-06-30,19076,18344,13442,
L900169,2026-07-01,18223,17856,12885,
L900169,2026-07-02,16622,16354,11872,
L900169,2026-07-03,20359,19926,14576,
L900169,2026-07-04,22347,21557,15794,
L900169,2026-07-05,25272,24447,17636,
L900169,2026-07-06,19407,19023,14050,
L900169,2026-07-07,19089,18549,13816,
L900169,2026-07-08,19073,18668,14110,
L900169,2026-07-09,18942,18570,14389,
L900169,2026-07-10,19054,18544,13090,
L900169,2026-07-11,24157,23470,17551,
L900169,2026-07-12,23043,22692,16674,
L900169,2026-07-13,15774,15442,10825,
L900169,2026-07-14,21489,20761,15120,
L900169,2026-07-15,20453,19785,14006,
L900169,2026-07-16,17396,16779,12644,
L900169,2026-07-17,18830,18463,13861,
L900169,2026-07-18,22958,22124,16279,
L900169,2026-07-19,21733,21095,15106,
L900169,2026-07-20,21117,20370,15712,
L900169,2026-07-21,17408,17165,12323,
L900169,2026-07-22,18458,17929,13389,
L900169,2026-07-23,18710,18318,13738,
L900169,2026-07-24,18911,18563,13694,
L900169,2026-07-25,27420,26855,19590,
L900169,2026-07-26,25999,25245,19411,
L900169,2026-07-27,19752,19092,13392,
L900169,2026-07-28,19033,18556,13540,
L900169,2026-07-29,19017,18303,13155,
L900169,2026-07-30,20135,19840,15072,
L900169,2026-07-31,20763,20310,14874,
L900169,2026-08-01,21035,20315,15175,
L900169,2026-08-02,26212,25195,18679,
L900169,2026-08-03,19673,19440,14294,
L900169,2026-08-04,18221,17625,13274,
L900169,2026-08-05,18825,18540,13869,
L900169,2026-08-06,19757,19424,14508,
L900169,2026-08-07,19833,19185,13869,
L900169,2026-08-08,21303,20931,15471,
L900169,2026-08-09,22949,22419,16355,
L900169,2026-08-10,19352,18982,14391,
L900170,2025-10-10,249348,244633,225968,
L900170,2025-10-11,245969,236670,223465,
L900170,2025-10-12,272944,263198,248783,
L900170,2025-10-13,214132,208376,196688,
L900170,2025-10-14,232699,227575,210144,
L900170,2025-10-15,266036,260393,247482,
L900170,2025-10-16,242871,239359,224614,
L900170,2025-10-17,234331,227629,216703,
L900170,2025-10-18,289792,280014,264900,
L900170,2025-10-19,304865,301550,277473,
L900170,2025-10-20,241052,236869,225587,
L900170,2025-10-21,205785,200858,198656,
L900170,2025-10-22,257171,248873,226106,
L900170,2025-10-23,227205,221462,213514,
L900170,2025-10-24,231953,226528,222067,
L900170,2025-10-25,299573,294792,281615,
L900170,2025-10-26,320607,312562,302790,
L900170,2025-10-27,217738,211265,198367,
L900170,2025-10-28,246321,236997,221388,
L900170,2025-10-29,216693,214431,202682,
L900170,2025-10-30,230411,227384,215135,
L900170,2025-10-31,200432,197942,192645,
L900170,2025-11-01,262428,253028,250497,
L900170,2025-11-02,277798,267471,260876,
L900170,2025-11-03,235343,231428,225943,
L900170,2025-11-04,234259,229578,219178,
L900170,2025-11-05,243630,234106,231764,
L900170,2025-11-06,219201,212983,205719,
L900170,2025-11-07,223942,217356,208688,
L900171,2026-03-22,55056,53157,49223,
L900171,2026-03-23,59365,57783,52853,
L900171,2026-03-24,59020,58063,54211,
L900171,2026-03-25,54128,52320,49605,
L900171,2026-03-26,57965,57189,53666,
L900171,2026-03-27,59437,57172,53402,
L900171,2026-03-28,57787,55726,51403,
L900171,2026-03-29,56937,54972,51846,
L900171,2026-03-30,58911,57048,54129,
L900171,2026-03-31,57121,56452,53593,
L900171,2026-04-01,48036,46432,43081,
L900171,2026-04-02,48747,47978,44275,
L900171,2026-04-03,62077,60057,57166,
L900171,2026-04-04,70068,69262,64162,
L900171,2026-04-05,61253,59474,55533,
L900171,2026-04-06,59854,58164,54569,
L900171,2026-04-07,47996,47415,44195,
L900171,2026-04-08,46556,45232,42793,
L900171,2026-04-09,51922,50576,45798,
L900171,2026-04-10,58567,56945,53595,
L900171,2026-04-11,67780,66144,64413,
L900171,2026-04-12,69923,68198,62544,
L900171,2026-04-13,57253,55973,51734,
L900171,2026-04-14,60540,58408,54647,
L900171,2026-04-15,56640,54847,49425,
L900171,2026-04-16,55240,54359,50492,
L900171,2026-04-17,50466,48883,45244,
L900171,2026-04-18,68862,66866,62179,
L900171,2026-04-19,59025,56877,52584,
L900171,2026-04-20,52912,51282,47890,
L900171,2026-04-21,55346,54170,49932,
L900171,2026-04-22,52988,51369,47842,
L900171,2026-04-23,59205,58539,54767,
L900171,2026-04-24,61228,59841,57008,
L900171,2026-04-25,74510,73699,70557,
L900171,2026-04-26,74863,72809,66033,
L900171,2026-04-27,57817,56168,53604,
L900171,2026-04-28,61122,60380,55222,
L900171,2026-04-29,57861,57037,53130,
L900171,2026-04-30,63092,60838,54891,
L900171,2026-05-01,51587,50563,45192,
L900171,2026-05-02,67312,66369,64728,
L900171,2026-05-03,66306,65177,60746,
L900172,2026-03-22,170172,170172,112756,514964.7
L900172,2026-03-23,168082,168082,110370,344745.0
L900172,2026-03-24,158694,158694,109768,449988.4
L900172,2026-03-25,131652,131652,86274,350121.2
L900172,2026-03-26,134163,134163,85548,281972.4
L900172,2026-03-27,137013,137013,89431,298278.3
L900172,2026-03-28,131276,131276,74928,260371.1
L900172,2026-03-29,127816,127816,72412,308282.1
L900172,2026-03-30,110112,110112,73487,255432.0
L900172,2026-03-31,103904,103904,57215,208460.7
L900172,2026-04-01,101579,101579,58853,309833.4
L900172,2026-04-02,83695,83695,51825,265945.2
L900172,2026-04-03,78478,78478,51280,235154.8
L900172,2026-04-04,77940,77940,50678,216567.5
L900172,2026-04-05,64852,64852,38459,148047.0
L900172,2026-04-06,72849,72849,45451,188980.0
L900172,2026-04-07,72840,72840,49436,145076.6
L900172,2026-04-08,57676,57676,32727,145784.9
L900172,2026-04-09,61013,61013,39946,114260.0
L900172,2026-04-10,51600,51600,28567,109508.1
L900172,2026-04-11,46586,46586,29891,92591.4
L900172,2026-04-12,58876,58876,34965,151764.7
L900172,2026-04-13,41384,41384,27981,129169.4
L900172,2026-04-14,37773,37773,26143,108931.3
L900172,2026-04-15,41668,41668,24124,112634.9
L900172,2026-04-16,39448,39448,26908,109301.8
L900172,2026-04-17,38594,38594,26590,107222.0
L900172,2026-04-18,40891,40891,24144,77269.4
L900172,2026-04-19,29595,29595,20372,73500.2
L900172,2026-04-20,28472,28472,18930,68998.3
L900172,2026-04-21,33038,33038,20130,78293.3
L900172,2026-04-22,29319,29319,17091,58546.4
L900172,2026-04-23,27261,27261,18522,86454.0
L900172,2026-04-24,22369,22369,14048,46542.0
L900172,2026-04-25,24908,24908,14120,79302.5
L900172,2026-04-26,22777,22777,15545,67320.1
L900172,2026-04-27,20232,20232,11209,63302.0
L900172,2026-04-28,17605,17605,9812,53578.4
L900172,2026-04-29,17798,17798,11593,39316.7
L900172,2026-04-30,19319,19319,13285,38195.6
L900172,2026-05-01,13910,13910,9355,40096.0
L900172,2026-05-02,13533,13533,9208,28215.7
L900172,2026-05-03,12983,12983,9074,27232.1
L900173,2026-02-01,204025,199999,151833,
L900173,2026-02-02,174984,169984,125995,
L900173,2026-02-03,172494,170494,128293,
L900173,2026-02-04,146051,142441,108459,
L900173,2026-02-05,157598,155731,113859,
L900173,2026-02-06,173351,170012,125552,
L900173,2026-02-07,212240,207604,154215,
L900173,2026-02-08,199554,194557,149920,
L900173,2026-02-09,178314,175140,130661,
L900173,2026-02-10,178104,171438,124445,
L900173,2026-02-11,198115,191419,137486,
L900173,2026-02-12,170283,163516,120065,
L900173,2026-02-13,164375,159454,116547,
L900173,2026-02-14,191671,187898,143510,
L900173,2026-02-15,184594,180569,137173,
L900173,2026-02-16,177510,171932,125919,
L900173,2026-02-17,175945,171202,126148,
L900173,2026-02-18,153891,151964,109139,
L900173,2026-02-19,177604,171208,128760,
L900173,2026-02-20,172022,168042,123035,
L900173,2026-02-21,201170,195359,143293,
L900173,2026-02-22,175733,170914,126685,
L900173,2026-02-23,175808,171772,127343,
L900173,2026-02-24,192639,189752,136604,
L900173,2026-02-25,159830,153982,114356,
L900173,2026-02-26,172046,166133,116621,
L900173,2026-02-27,176892,171204,127541,
L900173,2026-02-28,169646,164741,121523,
L900173,2026-03-01,191069,188396,137704,
L900174,2026-02-01,41175,40649,40048,
L900174,2026-02-02,33616,33209,30114,
L900174,2026-02-03,33670,32701,30938,
L900174,2026-02-04,30018,29560,28291,
L900174,2026-02-05,35235,34850,32641,
L900174,2026-02-06,28589,28195,25650,
L900174,2026-02-07,37726,36304,34375,
L900174,2026-02-08,38203,37705,35304,
L900174,2026-02-09,34413,33337,31978,
L900174,2026-02-10,33444,32216,31131,
L900174,2026-02-11,31190,30265,28089,
L900174,2026-02-12,31542,31131,29206,
L900174,2026-02-13,27516,27005,25360,
L900174,2026-02-14,43370,42799,41344,
L900174,2026-02-15,41522,40661,38734,
L900174,2026-02-16,36734,35860,33306,
L900174,2026-02-17,30377,29206,28402,
L900174,2026-02-18,32991,32613,30544,
L900174,2026-02-19,34371,33752,31768,
L900174,2026-02-20,30712,30015,27994,
L900174,2026-02-21,40873,40166,38323,
L900174,2026-02-22,44683,43881,41432,
L900174,2026-02-23,32109,31099,30439,
L900174,2026-02-24,35514,34773,33135,
L900174,2026-02-25,28807,27707,25871,
L900174,2026-02-26,30142,28991,27562,
L900174,2026-02-27,31579,30545,29996,
L900174,2026-02-28,34839,33809,31333,
L900174,2026-03-01,40628,39472,37910,
L900175,2026-02-01,24198,24198,15156,46125.9
L900175,2026-02-02,26847,26847,15625,60734.4
L900175,2026-02-03,29490,29490,18530,80104.9
L900175,2026-02-04,29073,29073,17186,78613.9
L900175,2026-02-05,22077,22077,13722,53896.9
L900175,2026-02-06,21320,21320,12852,39866.6
L900175,2026-02-07,18718,18718,10412,50441.8
L900175,2026-02-08,20456,20456,11567,48371.1
L900175,2026-02-09,20887,20887,14405,48750.4
L900175,2026-02-10,19205,19205,11851,47664.5
L900175,2026-02-11,16022,16022,10772,41152.2
L900175,2026-02-12,13864,13864,7700,43628.5
L900175,2026-02-13,14263,14263,9145,28763.8
L900175,2026-02-14,15275,15275,9461,46995.9
L900175,2026-02-15,12134,12134,6860,37086.9
L900175,2026-02-16,9743,9743,6129,25158.9
L900175,2026-02-17,10807,10807,7083,26771.4
L900175,2026-02-18,10263,10263,5802,19815.5
L900175,2026-02-19,8132,8132,4918,25200.9
L900175,2026-02-20,9581,9581,5879,27960.9
L900175,2026-02-21,9265,9265,6454,18140.4
L900175,2026-02-22,9849,9849,6257,24209.2
L900175,2026-02-23,6779,6779,4574,16364.2
L900175,2026-02-24,7904,7904,5033,22114.8
L900175,2026-02-25,7607,7607,4414,15814.1
L900175,2026-02-26,6872,6872,4206,16953.8
L900175,2026-02-27,5533,5533,3077,12444.7
L900175,2026-02-28,5177,5177,2869,16346.4
L900175,2026-03-01,5509,5509,3473,12807.8
L900177,2026-01-12,22420,21743,20782,
L900177,2026-01-13,22718,22290,19885,
L900177,2026-01-14,23050,22505,21145,
L900177,2026-01-15,24113,23327,21850,
L900177,2026-01-16,26276,25975,23577,
L900177,2026-01-17,27449,27164,26101,
L900177,2026-01-18,23940,23397,21734,
L900177,2026-01-19,25778,25205,24052,
L900177,2026-01-20,24710,24285,22917,
L900177,2026-01-21,21516,20760,19876,
L900177,2026-01-22,21217,20469,18569,
L900177,2026-01-23,24199,23521,21642,
L900177,2026-01-24,28882,27849,26139,
L900177,2026-01-25,32454,31611,29672,
L900177,2026-01-26,22309,21936,20697,
L900177,2026-01-27,21909,21349,20244,
L900177,2026-01-28,23592,23044,21615,
L900177,2026-01-29,20127,19362,17135,
L900177,2026-01-30,20651,20029,19326,
L900177,2026-01-31,25802,25400,23994,
L900177,2026-02-01,26953,26626,24634,
L900177,2026-02-02,23387,22751,21906,
L900177,2026-02-03,24568,23942,22450,
L900177,2026-02-04,25905,25544,23432,
L900177,2026-02-05,25477,24461,23189,
L900177,2026-02-06,25142,24796,22983,
L900177,2026-02-07,27418,26487,24172,
L900177,2026-02-08,26577,25634,23369,
L900177,2026-02-09,24160,23567,21809,
L900177,2026-02-10,24281,23458,22044,
L900177,2026-02-11,21481,21202,19255,
L900177,2026-02-12,23041,22438,20519,
L900177,2026-02-13,21818,21258,20490,
L900177,2026-02-14,24927,24217,23501,
L900177,2026-02-15,29069,28422,26993,
L900177,2026-02-16,25101,24707,23282,
L900177,2026-02-17,26591,25704,23348,
L900177,2026-02-18,23177,22470,20513,
L900177,2026-02-19,20286,19862,18208,
L900177,2026-02-20,26987,26564,24612,
L900177,2026-02-21,32921,32305,31391,
L900177,2026-02-22,35220,33985,32901,
L900177,2026-02-23,27899,26888,25180,
L900178,2026-01-12,34758,34758,21816,108470.8
L900178,2026-01-13,31797,31797,19522,100338.4
L900178,2026-01-14,30393,30393,16736,77870.4
L900178,2026-01-15,30322,30322,20398,94541.8
L900178,2026-01-16,25322,25322,13956,78056.0
L900178,2026-01-17,21566,21566,14849,42594.7
L900178,2026-01-18,24412,24412,16070,44214.1
L900178,2026-01-19,20647,20647,12770,61117.4
L900178,2026-01-20,19661,19661,12452,55071.1
L900178,2026-01-21,19394,19394,11152,48044.6
L900178,2026-01-22,17840,17840,11083,43498.1
L900178,2026-01-23,19387,19387,12834,55406.8
L900178,2026-01-24,16160,16160,9180,46281.2
L900178,2026-01-25,17273,17273,10257,38806.5
L900178,2026-01-26,14876,14876,9728,36788.7
L900178,2026-01-27,13605,13605,8511,31916.1
L900178,2026-01-28,13132,13132,7224,34715.2
L900178,2026-01-29,10602,10602,5844,32552.0
L900178,2026-01-30,11853,11853,6779,22132.8
L900178,2026-01-31,11715,11715,6691,35151.7
L900178,2026-02-01,11177,11177,6383,24737.9
L900178,2026-02-02,8282,8282,4915,17419.1
L900178,2026-02-03,7649,7649,4984,14323.2
L900178,2026-02-04,8038,8038,5311,19908.5
L900178,2026-02-05,9107,9107,6131,24835.7
L900178,2026-02-06,7700,7700,5373,14872.6
L900178,2026-02-07,6545,6545,4207,20283.5
L900178,2026-02-08,5710,5710,3750,13693.0
L900178,2026-02-09,5862,5862,3329,15308.5
L900178,2026-02-10,5480,5480,3532,10695.2
L900178,2026-02-11,6103,6103,3690,16196.6
L900178,2026-02-12,5788,5788,3487,13649.6
L900178,2026-02-13,4430,4430,2947,10496.5
L900178,2026-02-14,5012,5012,2787,13297.6
L900178,2026-02-15,4675,4675,3048,11844.7
L900178,2026-02-16,3646,3646,2133,8030.7
L900178,2026-02-17,3861,3861,2277,7044.2
L900178,2026-02-18,3792,3792,2491,7634.3
L900178,2026-02-19,3509,3509,2422,10440.9
L900178,2026-02-20,2696,2696,1864,8575.9
L900178,2026-02-21,3103,3103,1883,8681.3
L900178,2026-02-22,3068,3068,1777,7493.4
L900178,2026-02-23,3145,3145,1824,8719.1
L900179,2026-08-14,23692,22807,21571,
L900179,2026-08-15,30687,29529,28109,
L900179,2026-08-16,31438,30424,28218,
L900179,2026-08-17,25560,25292,23651,
L900179,2026-08-18,24489,24026,23645,
L900179,2026-08-19,22002,21424,20233,
L900179,2026-08-20,22247,21598,20584,
L900179,2026-08-21,26850,26005,24792,
L900179,2026-08-22,29708,29118,28435,
L900179,2026-08-23,30781,29938,28931,
L900179,2026-08-24,26191,25742,22974,
L900179,2026-08-25,24621,23883,22173,
L900179,2026-08-26,23129,22751,22284,
L900179,2026-08-27,24030,23491,23205,
L900179,2026-08-28,21983,21158,19641,
L900179,2026-08-29,31817,31446,29659,
L900179,2026-08-30,30726,29531,27988,
L900179,2026-08-31,24490,24026,22678,
L900179,2026-09-01,25129,24156,23258,
L900179,2026-09-02,27973,27187,25717,
L900179,2026-09-03,23993,23629,22200,
L900179,2026-09-04,27686,26704,25737,
L900179,2026-09-05,25432,24421,22250,
L900179,2026-09-06,27997,27300,26060,
L900179,2026-09-07,24707,23818,22872,
L900179,2026-09-08,24425,23703,23180,
L900179,2026-09-09,26303,25702,24456,
L900179,2026-09-10,27043,26130,23961,
L900179,2026-09-11,24604,23812,22686,
L900179,2026-09-12,31433,30617,28035,
L900179,2026-09-13,29364,28485,27288,
L900179,2026-09-14,25719,25041,24382,
L900179,2026-09-15,26282,25669,24354,
L900179,2026-09-16,26111,25735,24344,
L900179,2026-09-17,25064,24227,23400,
L900179,2026-09-18,24683,23909,22886,
L900179,2026-09-19,32295,31488,30362,
L900180,2026-08-14,74871,72341,54549,
L900180,2026-08-15,73582,71724,53809,
L900180,2026-08-16,79267,76308,57404,
L900180,2026-08-17,70663,68232,48193,
L900180,2026-08-18,70758,68529,53247,
L900180,2026-08-19,65982,64140,48223,
L900180,2026-08-20,61894,60476,44759,
L900180,2026-08-21,66638,65608,49381,
L900180,2026-08-22,80806,78505,59077,
L900180,2026-08-23,81892,81000,61214,
L900180,2026-08-24,57942,56860,43022,
L900180,2026-08-25,72498,71608,52951,
L900180,2026-08-26,70685,69946,50476,
L900180,2026-08-27,62964,61177,44486,
L900180,2026-08-28,70078,67871,52451,
L900180,2026-08-29,75795,74654,56992,
L900180,2026-08-30,86490,85138,62946,
L900180,2026-08-31,63769,61262,46232,
L900180,2026-09-01,58860,56872,42210,
L900180,2026-09-02,73933,73065,53337,
L900180,2026-09-03,67425,66649,50018,
L900180,2026-09-04,62287,61089,45476,
L900180,2026-09-05,87114,85765,64415,
L900180,2026-09-06,80740,78497,60601,
L900180,2026-09-07,61653,59861,43043,
L900180,2026-09-08,72043,70844,52617,
L900180,2026-09-09,67626,65209,47260,
L900180,2026-09-10,65076,63239,45409,
L900180,2026-09-11,63436,61532,44736,
L900180,2026-09-12,71037,70024,51393,
L900180,2026-09-13,62384,60997,43722,
L900180,2026-09-14,67065,64717,48340,
L900180,2026-09-15,57690,56629,42525,
L900180,2026-09-16,58680,57511,43388,
L900180,2026-09-17,62530,60572,44429,
L900180,2026-09-18,62654,60221,47646,
L900180,2026-09-19,71763,68966,51347,
L900181,2026-09-04,61044,58860,52863,
L900181,2026-09-05,76209,74409,70330,
L900181,2026-09-06,77869,76305,70610,
L900181,2026-09-07,70954,68299,62416,
L900181,2026-09-08,65666,64352,57898,
L900181,2026-09-09,67832,65885,61575,
L900181,2026-09-10,70345,67568,61290,
L900181,2026-09-11,65120,62683,56692,
L900181,2026-09-12,78483,75400,72356,
L900181,2026-09-13,78005,76676,69214,
L900181,2026-09-14,62538,60561,54370,
L900181,2026-09-15,59280,58374,55071,
L900181,2026-09-16,58483,57013,53378,
L900181,2026-09-17,66272,63848,58699,
L900181,2026-09-18,67338,66572,60663,
L900181,2026-09-19,85444,82546,75614,
L900182,2026-09-04,69821,69821,38998,188722.7
L900182,2026-09-05,74029,74029,48772,235685.6
L900182,2026-09-06,68772,68772,41128,164305.4
L900182,2026-09-07,45320,45320,29381,95348.7
L900182,2026-09-08,59317,59317,37947,170102.1
L900182,2026-09-09,44973,44973,30784,132065.6
L900182,2026-09-10,49554,49554,27919,93235.7
L900182,2026-09-11,47794,47794,31465,125462.4
L900182,2026-09-12,43901,43901,27611,115602.9
L900182,2026-09-13,44999,44999,26334,115839.2
L900182,2026-09-14,43264,43264,27176,121916.5
L900182,2026-09-15,35068,35068,23545,78328.3
L900182,2026-09-16,32895,32895,22157,103752.4
L900182,2026-09-17,33588,33588,19347,90727.1
L900182,2026-09-18,26845,26845,18583,60946.0
L900182,2026-09-19,28471,28471,19724,53817.5
L900183,2025-03-22,22189,21929,20683,
L900183,2025-03-23,24034,23617,23380,
L900183,2025-03-24,19945,19521,18357,
L900183,2025-03-25,19123,18387,17471,
L900183,2025-03-26,21292,20912,19495,
L900183,2025-03-27,22490,21623,20659,
L900183,2025-03-28,22262,21546,20327,
L900183,2025-03-29,25721,24862,23512,
L900183,2025-03-30,28172,27419,26111,
L900183,2025-03-31,20857,20288,19087,
L900183,2025-04-01,19982,19328,18453,
L900183,2025-04-02,22208,21597,20221,
L900183,2025-04-03,21053,20318,19376,
L900183,2025-04-04,21439,21170,19388,
L900183,2025-04-05,23363,22445,20709,
L900183,2025-04-06,25296,24882,23189,
L900183,2025-04-07,20014,19262,17838,
L900183,2025-04-08,20170,19959,18512,
L900183,2025-04-09,22106,21668,20792,
L900183,2025-04-10,21092,20519,19369,
L900183,2025-04-11,17444,16781,15788,
L900183,2025-04-12,23693,23351,22298,
L900183,2025-04-13,26481,26109,24973,
L900183,2025-04-14,22948,22423,21046,
L900183,2025-04-15,19825,19495,18924,
L900183,2025-04-16,21119,20840,19695,
L900183,2025-04-17,23921,23668,22758,
L900183,2025-04-18,20524,20176,18890,
L900183,2025-04-19,27907,27499,26237,
L900183,2025-04-20,25279,24928,24018,
L900183,2025-04-21,22309,22026,21166,
L900183,2025-04-22,22316,21570,20686,
L900183,2025-04-23,21767,21545,20152,
L900183,2025-04-24,23860,23523,21766,
L900183,2025-04-25,21358,20560,18982,
L900183,2025-04-26,25032,24766,23244,
L900183,2025-04-27,25504,25004,23924,
L900183,2025-04-28,19247,19023,18060,
L900183,2025-04-29,23166,22708,20976,
L900183,2025-04-30,19418,19073,18447,
L900183,2025-05-01,20971,20137,19191,
L900183,2025-05-02,22546,22058,20604,
L900183,2025-05-03,24182,23575,22093,
L900184,2025-03-22,244023,235746,128712,
L900184,2025-03-23,199347,194051,107249,
L900184,2025-03-24,202490,197451,112095,
L900184,2025-03-25,177314,175427,96082,
L900184,2025-03-26,178251,171627,102518,
L900184,2025-03-27,185757,181584,104926,
L900184,2025-03-28,159279,153504,88025,
L900184,2025-03-29,222994,216137,121072,
L900184,2025-03-30,231951,227316,135867,
L900184,2025-03-31,174373,170570,101406,
L900184,2025-04-01,180474,175823,106011,
L900184,2025-04-02,211702,205826,114876,
L900184,2025-04-03,193281,190556,115495,
L900184,2025-04-04,167934,164479,93505,
L900184,2025-04-05,210065,206435,119184,
L900184,2025-04-06,214120,206222,118790,
L900184,2025-04-07,194279,191242,103669,
L900184,2025-04-08,167887,163322,96915,
L900184,2025-04-09,190124,186455,104196,
L900184,2025-04-10,190225,183176,111103,
L900184,2025-04-11,181359,176799,98979,
L900184,2025-04-12,235831,229214,140843,
L900184,2025-04-13,204779,202104,117378,
L900184,2025-04-14,197952,193942,112933,
L900184,2025-04-15,156622,152907,90042,
L900184,2025-04-16,167816,165927,92020,
L900184,2025-04-17,156907,152556,92114,
L900184,2025-04-18,169914,164321,96401,
L900184,2025-04-19,230612,225156,131319,
L900184,2025-04-20,225633,222740,130886,
L900184,2025-04-21,184084,180402,101890,
L900184,2025-04-22,169701,163038,94219,
L900184,2025-04-23,180235,176965,104159,
L900184,2025-04-24,198119,192550,113003,
L900184,2025-04-25,170262,167414,89796,
L900184,2025-04-26,206846,202542,112028,
L900184,2025-04-27,207526,202088,118190,
L900184,2025-04-28,183302,178177,109964,
L900184,2025-04-29,189109,184903,114303,
L900184,2025-04-30,192489,185852,111829,
L900184,2025-05-01,176845,172064,96099,
L900184,2025-05-02,175533,170849,99051,
L900184,2025-05-03,209328,206172,115451,
L900185,2025-03-22,4328,4221,2994,
L900185,2025-03-23,4285,4186,3078,
L900185,2025-03-24,3580,3510,2581,
L900185,2025-03-25,4075,3966,2980,
L900185,2025-03-26,3683,3579,2555,
L900185,2025-03-27,3709,3666,2760,
L900185,2025-03-28,4165,4122,3079,
L900185,2025-03-29,5160,5003,3875,
L900185,2025-03-30,4525,4369,3362,
L900185,2025-03-31,3807,3759,2858,
L900185,2025-04-01,4109,4018,2814,
L900185,2025-04-02,3588,3540,2533,
L900185,2025-04-03,3334,3254,2465,
L900185,2025-04-04,4532,4433,3257,
L900185,2025-04-05,5029,4897,3769,
L900185,2025-04-06,4786,4677,3458,
L900185,2025-04-07,3812,3687,2768,
L900185,2025-04-08,4161,4034,3022,
L900185,2025-04-09,4021,3924,2899,
L900185,2025-04-10,3393,3271,2479,
L900185,2025-04-11,3489,3385,2546,
L900185,2025-04-12,4992,4863,3487,
L900185,2025-04-13,4478,4361,3412,
L900185,2025-04-14,3864,3759,2689,
L900185,2025-04-15,4138,4093,2965,
L900185,2025-04-16,3291,3241,2432,
L900185,2025-04-17,3603,3499,2611,
L900185,2025-04-18,3636,3493,2634,
L900185,2025-04-19,4776,4705,3238,
L900185,2025-04-20,4851,4789,3516,
L900185,2025-04-21,4329,4203,3143,
L900185,2025-04-22,4124,4050,2939,
L900185,2025-04-23,3643,3499,2587,
L900185,2025-04-24,3776,3628,2781,
L900185,2025-04-25,3841,3695,2643,
L900185,2025-04-26,4395,4312,3274,
L900185,2025-04-27,4644,4588,3374,
L900185,2025-04-28,4218,4065,2933,
L900185,2025-04-29,3193,3107,2246,
L900185,2025-04-30,3964,3911,2874,
L900185,2025-05-01,3403,3346,2544,
L900185,2025-05-02,3939,3820,2856,
L900185,2025-05-03,4865,4750,3391,
L900186,2025-11-26,32288,31064,23695,
L900186,2025-11-27,31840,31352,23522,
L900186,2025-11-28,25919,25341,18744,
L900186,2025-11-29,33652,33263,25467,
L900186,2025-11-30,39736,38566,27805,
L900186,2025-12-01,29992,29149,21715,
L900186,2025-12-02,32272,31757,22435,
L900186,2025-12-03,24781,24187,17916,
L900186,2025-12-04,24007,23364,17363,
L900186,2025-12-05,31529,30881,23615,
L900186,2025-12-06,34625,34114,25354,
L900186,2025-12-07,38340,37161,26625,
L900186,2025-12-08,32307,31430,23430,
L900186,2025-12-09,28645,27547,20462,
L900186,2025-12-10,29767,29158,22031,
L900186,2025-12-11,29235,28744,21401,
L900186,2025-12-12,28607,27466,19809,
L900186,2025-12-13,36940,36131,26088,
L900186,2025-12-14,38774,37527,28214,
L900186,2025-12-15,28260,27633,20566,
L900186,2025-12-16,28249,27660,19580,
L900186,2025-12-17,28665,27968,20668,
L900186,2025-12-18,31359,30525,22679,
L900186,2025-12-19,32289,31806,22912,
L900186,2025-12-20,35342,34449,26625,
L900186,2025-12-21,30811,30169,22052,
L900186,2025-12-22,27522,27240,20051,
L900186,2025-12-23,29057,28440,21388,
L900186,2025-12-24,30718,30081,21474,
L900187,2025-11-26,35275,34487,32582,
L900187,2025-11-27,42141,40478,38213,
L900187,2025-11-28,32418,31220,28976,
L900187,2025-11-29,43320,42727,39292,
L900187,2025-11-30,44308,42987,38025,
L900187,2025-12-01,36836,35377,32563,
L900187,2025-12-02,34966,34242,32848,
L900187,2025-12-03,31715,30818,28828,
L900187,2025-12-04,37516,36719,34273,
L900187,2025-12-05,30720,29945,28657,
L900187,2025-12-06,41980,40516,37252,
L900187,2025-12-07,41641,40917,37740,
L900187,2025-12-08,31917,30662,28616,
L900187,2025-12-09,33590,32913,31050,
L900187,2025-12-10,36736,35928,34581,
L900187,2025-12-11,34678,33446,30567,
L900187,2025-12-12,31128,30052,29266,
L900187,2025-12-13,44964,43471,39826,
L900187,2025-12-14,48486,46821,44813,
L900187,2025-12-15,31462,30774,28156,
L900187,2025-12-16,34902,34365,31223,
L900187,2025-12-17,35003,34268,32357,
L900187,2025-12-18,31400,30158,28223,
L900187,2025-12-19,38573,37224,34916,
L900187,2025-12-20,42444,40799,37397,
L900187,2025-12-21,45540,44787,40597,
L900187,2025-12-22,35961,35060,32623,
L900187,2025-12-23,38452,37139,34106,
L900187,2025-12-24,33871,33471,30296,
L900188,2026-09-10,16032,16032,10706,49163.4
L900188,2026-09-11,14407,14407,9331,34474.0
L900188,2026-09-12,13710,13710,8074,40127.8
L900188,2026-09-13,14735,14735,9101,31457.8
L900188,2026-09-14,11717,11717,8105,33143.7
L900188,2026-09-15,11144,11144,6611,20447.4
L900188,2026-09-16,12727,12727,8544,31725.2
L900188,2026-09-17,10817,10817,7218,20864.2
L900188,2026-09-18,11349,11349,7334,24830.8
L900188,2026-09-19,9405,9405,5724,25663.3
L900189,2026-09-10,11498,11244,10993,
L900189,2026-09-11,12543,12380,12046,
L900189,2026-09-12,13056,12799,11906,
L900189,2026-09-13,14584,14398,14074,
L900189,2026-09-14,12413,12011,11413,
L900189,2026-09-15,12018,11796,11382,
L900189,2026-09-16,11492,11219,10701,
L900189,2026-09-17,11446,11157,10423,
L900189,2026-09-18,10733,10370,9706,
L900189,2026-09-19,11988,11740,11186,
L900190,2026-09-10,528997,511854,391678,
L900190,2026-09-11,551427,535535,411488,
L900190,2026-09-12,567016,548662,390296,
L900190,2026-09-13,648514,636669,488734,
L900190,2026-09-14,560669,542963,407059,
L900190,2026-09-15,418958,410436,306723,
L900190,2026-09-16,520759,513931,393178,
L900190,2026-09-17,555629,549659,416747,
L900190,2026-09-18,475178,465617,334973,
L900190,2026-09-19,629355,612088,443244,
L900191,2025-09-07,514760,502108,296915,
L900191,2025-09-08,504966,494860,284972,
L900191,2025-09-09,455939,449636,242247,
L900191,2025-09-10,471446,459754,261932,
L900191,2025-09-11,536171,527375,297620,
L900191,2025-09-12,510214,498400,276190,
L900191,2025-09-13,618938,610077,326541,
L900191,2025-09-14,695949,681919,393589,
L900191,2025-09-15,382303,377640,213610,
L900191,2025-09-16,457887,448567,254285,
L900191,2025-09-17,478016,472442,267755,
L900191,2025-09-18,460221,450510,250855,
L900191,2025-09-19,524750,517214,312409,
L900191,2025-09-20,583900,575120,333366,
L900191,2025-09-21,542331,524149,304750,
L900191,2025-09-22,501438,496102,285562,
L900191,2025-09-23,507981,500308,293267,
L900191,2025-09-24,450857,439823,265591,
L900191,2025-09-25,484200,468323,287321,
L900191,2025-09-26,508940,489029,302913,
L900191,2025-09-27,652079,638965,373503,
L900191,2025-09-28,561558,546857,309503,
L900191,2025-09-29,513376,498461,290534,
L900191,2025-09-30,469178,457040,272698,
L900191,2025-10-01,493907,487846,291136,
L900191,2025-10-02,453955,448068,268836,
L900191,2025-10-03,512114,496096,299617,
L900191,2025-10-04,642645,620005,358549,
L900191,2025-10-05,588153,580221,357219,
L900191,2025-10-06,480934,467590,278201,
L900191,2025-10-07,477357,469779,254978,
L900191,2025-10-08,444034,433743,255092,
L900191,2025-10-09,519997,509444,299646,
L900191,2025-10-10,537519,526480,309478,
L900191,2025-10-11,559073,541754,320656,
L900191,2025-10-12,604126,595751,338677,
L900191,2025-10-13,510992,501724,291796,
L900191,2025-10-14,468548,463817,267363,
L900191,2025-10-15,548060,537490,326588,
L900191,2025-10-16,499791,492791,286383,
L900191,2025-10-17,435931,418907,257371,
L900191,2025-10-18,645454,620096,368981,
L900191,2025-10-19,487572,478660,278014,
L900192,2025-11-03,113387,113387,75964,261430.7
L900192,2025-11-04,95450,95450,62816,251437.5
L900192,2025-11-05,91956,91956,57914,217131.1
L900192,2025-11-06,94147,94147,54113,277905.4
L900192,2025-11-07,77034,77034,42959,159915.1
L900192,2025-11-08,74117,74117,42678,235702.2
L900192,2025-11-09,75483,75483,48348,156597.9
L900192,2025-11-10,79073,79073,44031,194078.1
L900192,2025-11-11,70987,70987,41462,201150.6
L900192,2025-11-12,68504,68504,46997,204303.0
L900192,2025-11-13,58619,58619,37430,127642.7
L900192,2025-11-14,63060,63060,42141,143997.7
L900192,2025-11-15,42668,42668,27492,117758.4
L900192,2025-11-16,58494,58494,34292,181069.7
L900192,2025-11-17,55681,55681,31154,110960.5
L900192,2025-11-18,45123,45123,28601,103405.2
L900192,2025-11-19,44022,44022,26551,120938.0
L900192,2025-11-20,38128,38128,24911,102580.9
L900192,2025-11-21,35289,35289,20996,80490.5
L900192,2025-11-22,31872,31872,20675,100179.8
L900192,2025-11-23,31812,31812,17946,66601.8
L900192,2025-11-24,31780,31780,18560,60084.0
L900192,2025-11-25,29544,29544,20276,77856.6
L900192,2025-11-26,32007,32007,21309,88381.9
L900192,2025-11-27,25399,25399,16577,75031.4
L900192,2025-11-28,20157,20157,13355,53791.3
L900192,2025-11-29,25971,25971,17526,58768.6
L900192,2025-11-30,18440,18440,10359,51819.6
L900192,2025-12-01,18675,18675,12808,36534.8
L900192,2025-12-02,19136,19136,11210,43890.9
L900192,2025-12-03,18276,18276,10131,58323.5
L900192,2025-12-04,14134,14134,8127,32524.6
L900192,2025-12-05,14399,14399,9830,42390.1
L900192,2025-12-06,12484,12484,7145,30058.8
L900192,2025-12-07,14659,14659,9548,44981.9
L900192,2025-12-08,14535,14535,9751,33162.0
L900192,2025-12-09,10745,10745,7024,27217.1
L900192,2025-12-10,12675,12675,7914,32193.8
L900192,2025-12-11,11866,11866,7512,32603.7
L900192,2025-12-12,9550,9550,5751,21765.5
L900192,2025-12-13,7719,7719,4338,20723.1
L900192,2025-12-14,8096,8096,4976,15037.3
L900192,2025-12-15,8031,8031,5144,24674.4
L900192,2025-12-16,9282,9282,5217,19724.3
L900192,2025-12-17,7484,7484,4221,18465.2
L900192,2025-12-18,6415,6415,4396,14281.1
L900193,2025-11-03,133221,131204,98440,
L900193,2025-11-04,136998,132803,96062,
L900193,2025-11-05,153087,150106,116332,
L900193,2025-11-06,174754,171374,123252,
L900193,2025-11-07,141529,138833,104167,
L900193,2025-11-08,196734,194316,135383,
L900193,2025-11-09,181168,176192,128665,
L900193,2025-11-10,125746,122503,87376,
L900193,2025-11-11,141871,138510,102660,
L900193,2025-11-12,160608,154702,115575,
L900193,2025-11-13,159888,155677,115284,
L900193,2025-11-14,140241,135672,99898,
L900193,2025-11-15,189922,183750,139769,
L900193,2025-11-16,177783,171180,123492,
L900193,2025-11-17,152613,150370,112711,
L900193,2025-11-18,163279,160891,116875,
L900193,2025-11-19,140682,137873,104111,
L900193,2025-11-20,143778,141608,103516,
L900193,2025-11-21,163534,158830,113179,
L900193,2025-11-22,209506,203785,148303,
L900193,2025-11-23,192386,188857,139343,
L900193,2025-11-24,151849,149735,110016,
L900193,2025-11-25,158807,153249,112339,
L900193,2025-11-26,141810,137947,107083,
L900193,2025-11-27,148972,146959,106763,
L900193,2025-11-28,130903,126349,98212,
L900193,2025-11-29,171967,167277,130682,
L900193,2025-11-30,185652,181086,134521,
L900193,2025-12-01,150642,146992,115288,
L900193,2025-12-02,122557,119534,88967,
L900193,2025-12-03,145469,143069,105261,
L900193,2025-12-04,150398,146376,107538,
L900193,2025-12-05,150859,145547,107636,
L900193,2025-12-06,161005,157410,117684,
L900193,2025-12-07,190217,187931,137031,
L900193,2025-12-08,170831,166170,127404,
L900193,2025-12-09,158657,153424,116086,
L900193,2025-12-10,148980,145718,111157,
L900193,2025-12-11,167298,162771,123080,
L900193,2025-12-12,141842,136254,100719,
L900193,2025-12-13,188168,185406,140306,
L900193,2025-12-14,178796,176594,128677,
L900193,2025-12-15,167458,163762,117671,
L900193,2025-12-16,137430,135848,96921,
L900193,2025-12-17,137404,133704,102276,
L900193,2025-12-18,163851,159725,117959,
L900194,2025-11-09,163399,158508,88155,
L900194,2025-11-10,159068,156104,94832,
L900194,2025-11-11,138926,136374,76762,
L900194,2025-11-12,132664,130626,73954,
L900194,2025-11-13,136150,132909,77911,
L900194,2025-11-14,131409,129770,71491,
L900194,2025-11-15,191430,184490,107880,
L900194,2025-11-16,169510,166173,94976,
L900194,2025-11-17,118214,116051,67116,
L900194,2025-11-18,131602,128077,76102,
L900194,2025-11-19,144888,142033,84552,
L900194,2025-11-20,145776,140382,86485,
L900194,2025-11-21,139309,134460,80942,
L900194,2025-11-22,169998,167077,90555,
L900194,2025-11-23,161515,156413,88005,
L900194,2025-11-24,137597,133039,75057,
L900194,2025-11-25,141641,139270,83509,
L900194,2025-11-26,148103,146265,89570,
L900194,2025-11-27,116981,114163,63476,
L900194,2025-11-28,166738,160260,96186,
L900194,2025-11-29,166473,162321,94250,
L900194,2025-11-30,162793,160433,86846,
L900194,2025-12-01,126748,122022,70499,
L900194,2025-12-02,127359,123379,70115,
L900194,2025-12-03,162749,156982,90259,
L900194,2025-12-04,138101,133178,77889,
L900194,2025-12-05,141466,138386,78942,
L900194,2025-12-06,179851,173964,102442,
L900194,2025-12-07,146697,142139,82135,
L900194,2025-12-08,133235,128090,73733,
L900194,2025-12-09,140600,137842,81698,
L900194,2025-12-10,140679,137385,80614,
L900194,2025-12-11,136021,133785,71839,
L900194,2025-12-12,143503,138785,81850,
L900194,2025-12-13,150653,145740,85347,
L900194,2025-12-14,172013,165816,100057,
L900194,2025-12-15,140610,136511,80054,
L900194,2025-12-16,145328,141132,80991,
L900194,2025-12-17,139548,135551,76935,
L900194,2025-12-18,147095,142026,77802,
L900194,2025-12-19,143922,140797,81712,
L900194,2025-12-20,176167,169702,95777,
L900194,2025-12-21,164714,159762,92855,
L900194,2025-12-22,139785,136669,76404,
L900194,2025-12-23,141971,139480,75749,
L900194,2025-12-24,127877,125173,68688,
L900195,2025-11-09,42707,41107,38604,
L900195,2025-11-10,38215,37661,34786,
L900195,2025-11-11,35853,34637,32258,
L900195,2025-11-12,33950,32896,31452,
L900195,2025-11-13,39879,38805,35753,
L900195,2025-11-14,36466,35680,33410,
L900195,2025-11-15,42479,41066,38394,
L900195,2025-11-16,40280,39630,34014,
L900195,2025-11-17,38383,37868,34691,
L900195,2025-11-18,33525,32873,30427,
L900195,2025-11-19,32042,31582,29523,
L900195,2025-11-20,34065,33381,30565,
L900195,2025-11-21,34594,33817,31427,
L900195,2025-11-22,44455,43321,39127,
L900195,2025-11-23,38716,37955,35848,
L900195,2025-11-24,32436,31242,28490,
L900195,2025-11-25,32571,31283,29030,
L900195,2025-11-26,33920,32712,30284,
L900195,2025-11-27,31373,30668,28995,
L900195,2025-11-28,37813,37376,33331,
L900195,2025-11-29,36240,35808,34019,
L900195,2025-11-30,46580,45562,40432,
L900195,2025-12-01,36416,35385,34067,
L900195,2025-12-02,31827,31300,30097,
L900195,2025-12-03,33699,32694,30611,
L900195,2025-12-04,32219,30992,29443,
L900195,2025-12-05,36468,35503,34242,
L900195,2025-12-06,46152,45492,42299,
L900195,2025-12-07,51674,50396,48229,
L900195,2025-12-08,35664,35138,31977,
L900195,2025-12-09,30001,28928,26067,
L900195,2025-12-10,31632,30949,29635,
L900195,2025-12-11,35518,34889,32018,
L900195,2025-12-12,33814,33203,30707,
L900195,2025-12-13,44031,42915,39156,
L900195,2025-12-14,42540,41885,39204,
L900195,2025-12-15,31864,30738,29562,
L900195,2025-12-16,33377,32139,29251,
L900195,2025-12-17,36518,35659,33201,
L900195,2025-12-18,35303,34311,31096,
L900195,2025-12-19,36408,35934,34979,
L900195,2025-12-20,37202,36592,34289,
L900195,2025-12-21,38783,37746,37134,
L900195,2025-12-22,37576,36838,34467,
L900195,2025-12-23,30828,29997,27305,
L900195,2025-12-24,36227,35303,31869,
L900196,2025-11-09,44253,43508,32312,
L900196,2025-11-10,37642,36541,26719,
L900196,2025-11-11,39220,38315,27692,
L900196,2025-11-12,38363,37613,27994,
L900196,2025-11-13,38287,37315,28495,
L900196,2025-11-14,35201,34259,24898,
L900196,2025-11-15,38249,37054,25923,
L900196,2025-11-16,43600,42968,31703,
L900196,2025-11-17,33357,32763,23673,
L900196,2025-11-18,40984,40378,30587,
L900196,2025-11-19,32844,31610,23111,
L900196,2025-11-20,37718,37186,27051,
L900196,2025-11-21,34168,32859,24093,
L900196,2025-11-22,48081,46553,35549,
L900196,2025-11-23,41620,40019,29982,
L900196,2025-11-24,36513,35938,25869,
L900196,2025-11-25,35663,34426,24604,
L900196,2025-11-26,39930,38489,29676,
L900196,2025-11-27,35331,34602,25156,
L900196,2025-11-28,39613,38910,29739,
L900196,2025-11-29,40280,39298,28964,
L900196,2025-11-30,44014,42993,31152,
L900196,2025-12-01,37659,36779,26701,
L900196,2025-12-02,34952,33589,24787,
L900196,2025-12-03,32179,31097,21732,
L900196,2025-12-04,39215,38752,28102,
L900196,2025-12-05,42771,41878,32641,
L900196,2025-12-06,42430,41853,32929,
L900196,2025-12-07,47539,45880,33359,
L900196,2025-12-08,28986,28101,21181,
L900196,2025-12-09,36623,35597,26648,
L900196,2025-12-10,35863,35247,25276,
L900196,2025-12-11,35283,33921,25580,
L900196,2025-12-12,35496,34766,25476,
L900196,2025-12-13,38847,37348,27705,
L900196,2025-12-14,40288,38686,29338,
L900196,2025-12-15,34386,33816,24823,
L900196,2025-12-16,42856,42155,30936,
L900196,2025-12-17,35244,34123,25650,
L900196,2025-12-18,31314,30704,23489,
L900196,2025-12-19,39436,38401,28819,
L900196,2025-12-20,32275,31320,23014,
L900196,2025-12-21,39719,38875,29641,
L900196,2025-12-22,39607,38660,28908,
L900196,2025-12-23,33015,32411,24952,
L900196,2025-12-24,35765,34592,26847,
L900197,2025-11-26,639769,623870,455920,
L900197,2025-11-27,684045,657599,494625,
L900197,2025-11-28,685812,676663,503133,
L900197,2025-11-29,741480,730285,549103,
L900197,2025-11-30,830173,813528,618553,
L900197,2025-12-01,621639,605098,425296,
L900197,2025-12-02,654701,629920,448015,
L900197,2025-12-03,616562,608016,448524,
L900197,2025-12-04,545104,528427,394972,
L900197,2025-12-05,720806,697243,511600,
L900197,2025-12-06,789883,764942,602096,
L900197,2025-12-07,795643,765251,556416,
L900197,2025-12-08,626499,611691,458533,
L900197,2025-12-09,685366,661234,505368,
L900197,2025-12-10,478597,459495,332157,
L900197,2025-12-11,611396,591250,425519,
L900197,2025-12-12,432843,424067,307655,
L900197,2025-12-13,744066,718077,523833,
L900197,2025-12-14,684920,673881,499230,
L900197,2025-12-15,631716,609741,445493,
L900197,2025-12-16,682313,670801,497167,
L900197,2025-12-17,571973,561795,403093,
L900197,2025-12-18,604365,592612,451729,
L900197,2025-12-19,574325,552675,415566,
L900197,2025-12-20,749911,736838,574633,
L900197,2025-12-21,767517,745721,541419,
L900197,2025-12-22,651061,627392,473932,
L900197,2025-12-23,595313,585426,419586,
L900197,2025-12-24,641207,623466,462156,
L900197,2025-12-25,540246,525367,391445,
L900197,2025-12-26,583509,560326,397656,
L900197,2025-12-27,723315,706045,540589,
L900197,2025-12-28,816212,800134,607249,
L900197,2025-12-29,628083,615776,463011,
L900197,2025-12-30,619693,606961,435736,
L900197,2025-12-31,570301,559489,407227,
L900197,2026-01-01,683770,676734,515355,
L900197,2026-01-02,561724,551696,408844,
L900197,2026-01-03,720308,704466,519119,
L900197,2026-01-04,712363,693824,532935,
L900197,2026-01-05,613911,598752,445664,
L900197,2026-01-06,625871,614100,441810,
L900197,2026-01-07,620180,607429,462403,
L900197,2026-01-08,687278,668619,479429,
L900197,2026-01-09,540145,521523,386575,
L900197,2026-01-10,810325,778951,582025,
L900198,2025-11-26,177813,177813,107228,340175.7
L900198,2025-11-27,182736,182736,119657,354437.0
L900198,2025-11-28,142448,142448,79422,350912.8
L900198,2025-11-29,169456,169456,93425,332099.2
L900198,2025-11-30,126857,126857,74365,327910.1
L900198,2025-12-01,172785,172785,117615,317685.7
L900198,2025-12-02,165913,165913,107533,422478.6
L900198,2025-12-03,137127,137127,87898,266832.6
L900198,2025-12-04,108088,108088,62961,195529.9
L900198,2025-12-05,124440,124440,75372,357223.3
L900198,2025-12-06,133949,133949,91396,350651.3
L900198,2025-12-07,111432,111432,62633,241892.6
L900198,2025-12-08,112048,112048,72426,258442.1
L900198,2025-12-09,89766,89766,61957,214400.9
L900198,2025-12-10,81109,81109,50359,216039.4
L900198,2025-12-11,83082,83082,49983,194850.5
L900198,2025-12-12,63619,63619,36086,131086.3
L900198,2025-12-13,91016,91016,55899,173799.3
L900198,2025-12-14,70867,70867,43645,200419.4
L900198,2025-12-15,71526,71526,48039,197650.5
L900198,2025-12-16,59127,59127,38512,147856.9
L900198,2025-12-17,49370,49370,32708,147371.4
L900198,2025-12-18,62817,62817,36815,144235.7
L900198,2025-12-19,45956,45956,26010,130471.8
L900198,2025-12-20,50462,50462,33543,117796.3
L900198,2025-12-21,47956,47956,31960,122837.6
L900198,2025-12-22,43567,43567,30104,101125.9
L900198,2025-12-23,37533,37533,23426,91665.8
L900198,2025-12-24,37783,37783,21889,112763.1
L900198,2025-12-25,32691,32691,20553,93052.2
L900198,2025-12-26,36772,36772,24765,68585.4
L900198,2025-12-27,33869,33869,22333,71273.3
L900198,2025-12-28,30108,30108,19518,84433.2
L900198,2025-12-29,26800,26800,18580,73274.0
L900198,2025-12-30,32400,32400,22492,72015.4
L900198,2025-12-31,21921,21921,14645,66640.8
L900198,2026-01-01,20068,20068,11566,48042.2
L900198,2026-01-02,22169,22169,14612,39930.5
L900198,2026-01-03,20507,20507,14205,40083.6
L900198,2026-01-04,22001,22001,14758,52418.1
L900198,2026-01-05,19876,19876,11220,44074.4
L900198,2026-01-06,17635,17635,11355,34267.8
L900198,2026-01-07,17387,17387,10046,43744.0
L900198,2026-01-08,16346,16346,9266,38502.9
L900198,2026-01-09,17776,17776,11194,42486.4
L900198,2026-01-10,14181,14181,9686,33778.0
L900199,2026-09-03,87600,85116,74700,
L900199,2026-09-04,86005,83537,79515,
L900199,2026-09-05,109413,108243,101312,
L900199,2026-09-06,109806,106690,101575,
L900199,2026-09-07,96062,93690,87970,
L900199,2026-09-08,84050,81905,72381,
L900199,2026-09-09,92978,89319,83987,
L900199,2026-09-10,87284,84780,77678,
L900199,2026-09-11,92889,90730,83912,
L900199,2026-09-12,104097,102935,95614,
L900199,2026-09-13,108141,103825,94172,
L900199,2026-09-14,90111,87258,79891,
L900199,2026-09-15,81499,78776,74656,
L900199,2026-09-16,79366,77817,73744,
L900199,2026-09-17,86930,85853,77013,
L900199,2026-09-18,95643,92471,86571,
L900199,2026-09-19,107676,105723,100452,
L900200,2026-09-11,178351,171638,101669,
L900200,2026-09-12,218791,212300,121678,
L900200,2026-09-13,185565,183573,107261,
L900200,2026-09-14,194892,191462,113281,
L900200,2026-09-15,160539,154815,93190,
L900200,2026-09-16,171182,169238,91077,
L900200,2026-09-17,189822,187854,105403,
L900200,2026-09-18,200534,196085,118230,
L900200,2026-09-19,208609,204403,120431,
L900201,2026-09-11,368085,363686,339960,
L900201,2026-09-12,507929,493452,460070,
L900201,2026-09-13,431774,422253,384788,
L900201,2026-09-14,295157,285831,264177,
L900201,2026-09-15,341866,328639,307798,
L900201,2026-09-16,302108,292418,275812,
L900201,2026-09-17,318178,309050,291179,
L900201,2026-09-18,366310,361950,333750,
L900201,2026-09-19,380759,367186,352819,
L900202,2026-09-11,348496,335540,258153,
L900202,2026-09-12,419572,409626,298039,
L900202,2026-09-13,383395,370018,273015,
L900202,2026-09-14,365566,356575,273776,
L900202,2026-09-15,344957,334064,255312,
L900202,2026-09-16,338407,326130,236238,
L900202,2026-09-17,308327,297775,217338,
L900202,2026-09-18,309365,297802,232342,
L900202,2026-09-19,431444,415664,306796,
L900203,2026-03-08,258068,253727,240344,
L900203,2026-03-09,276051,272843,258414,
L900203,2026-03-10,284564,278747,269189,
L900203,2026-03-11,262843,259015,252979,
L900203,2026-03-12,238011,231921,218060,
L900203,2026-03-13,235782,231140,215020,
L900203,2026-03-14,286561,279618,265612,
L900203,2026-03-15,327012,321084,308839,
L900203,2026-03-16,282961,278743,252766,
L900203,2026-03-17,214809,209571,197603,
L900203,2026-03-18,266395,257753,244300,
L900203,2026-03-19,210035,205266,193996,
L900203,2026-03-20,215180,212346,195810,
L900203,2026-03-21,334147,326611,307983,
L900203,2026-03-22,292072,284321,269576,
L900203,2026-03-23,233192,228063,212825,
L900203,2026-03-24,232066,224981,215249,
L900203,2026-03-25,264989,261781,253652,
L900203,2026-03-26,214771,207048,200789,
L900203,2026-03-27,247032,240784,225736,
L900203,2026-03-28,292278,281554,270698,
L900203,2026-03-29,289166,282338,270932,
L900203,2026-03-30,221551,215408,213223,
L900203,2026-03-31,201249,195226,187720,
L900203,2026-04-01,244963,238232,229383,
L900203,2026-04-02,224494,218994,213165,
L900203,2026-04-03,235924,227158,210410,
L900203,2026-04-04,262850,257223,245003,
L900203,2026-04-05,251287,246232,242787,
L900204,2026-03-08,17257,17081,10495,
L900204,2026-03-09,12088,11927,6710,
L900204,2026-03-10,9774,9385,5367,
L900204,2026-03-11,14195,13659,7696,
L900204,2026-03-12,12229,11817,6722,
L900204,2026-03-13,12811,12606,7635,
L900204,2026-03-14,13203,13013,7196,
L900204,2026-03-15,16848,16611,9877,
L900204,2026-03-16,12180,11807,7251,
L900204,2026-03-17,11080,10923,6538,
L900204,2026-03-18,12370,11910,7052,
L900204,2026-03-19,10063,9783,5623,
L900204,2026-03-20,13171,12971,7506,
L900204,2026-03-21,16569,15989,9664,
L900204,2026-03-22,13902,13538,8075,
L900204,2026-03-23,11450,11320,6577,
L900204,2026-03-24,13091,12894,7263,
L900204,2026-03-25,13221,12870,7334,
L900204,2026-03-26,11860,11448,6801,
L900204,2026-03-27,11606,11443,6433,
L900204,2026-03-28,16311,15861,9233,
L900204,2026-03-29,13305,12939,7726,
L900204,2026-03-30,12034,11662,6436,
L900204,2026-03-31,9943,9667,5781,
L900204,2026-04-01,11582,11288,6266,
L900204,2026-04-02,13074,12770,7612,
L900204,2026-04-03,11655,11213,6708,
L900204,2026-04-04,17532,17132,10397,
L900204,2026-04-05,16492,16273,9540,
L900205,2026-03-08,21924,21392,16018,
L900205,2026-03-09,16362,16046,11627,
L900205,2026-03-10,16114,15754,11732,
L900205,2026-03-11,18313,17899,13011,
L900205,2026-03-12,19386,18950,13627,
L900205,2026-03-13,17188,16702,12620,
L900205,2026-03-14,23659,23406,16947,
L900205,2026-03-15,22431,21645,15680,
L900205,2026-03-16,17905,17214,12787,
L900205,2026-03-17,19008,18683,13944,
L900205,2026-03-18,18590,18205,13079,
L900205,2026-03-19,18757,18014,13528,
L900205,2026-03-20,19195,18471,13402,
L900205,2026-03-21,23635,23392,16693,
L900205,2026-03-22,21263,20634,15155,
L900205,2026-03-23,16355,16091,11813,
L900205,2026-03-24,18515,18160,12775,
L900205,2026-03-25,17618,16974,11967,
L900205,2026-03-26,21164,20458,15225,
L900205,2026-03-27,18375,18182,13539,
L900205,2026-03-28,23087,22298,16936,
L900205,2026-03-29,19268,19029,14580,
L900205,2026-03-30,20006,19687,14542,
L900205,2026-03-31,18020,17430,11816,
L900205,2026-04-01,16382,15957,11973,
L900205,2026-04-02,19940,19657,14832,
L900205,2026-04-03,18082,17537,13652,
L900205,2026-04-04,23793,23254,17024,
L900205,2026-04-05,25867,25417,18251,
L900206,2025-05-28,205772,201795,188643,
L900206,2025-05-29,206729,203637,196705,
L900206,2025-05-30,212367,205418,195113,
L900206,2025-05-31,258990,253855,229422,
L900206,2025-06-01,226529,221554,208768,
L900206,2025-06-02,198586,195109,184449,
L900206,2025-06-03,236866,230031,218186,
L900206,2025-06-04,190422,187241,174908,
L900206,2025-06-05,242087,236060,231492,
L900206,2025-06-06,223097,216460,198872,
L900206,2025-06-07,264104,256876,246003,
L900206,2025-06-08,258303,255469,239783,
L900206,2025-06-09,206768,203878,191075,
L900206,2025-06-10,193439,189648,185346,
L900206,2025-06-11,227977,225130,212590,
L900206,2025-06-12,218946,213788,204764,
L900206,2025-06-13,252859,249047,240940,
L900206,2025-06-14,274991,265254,252192,
L900206,2025-06-15,248818,245214,239734,
L900206,2025-06-16,224058,221811,207040,
L900206,2025-06-17,220678,213292,206199,
L900206,2025-06-18,177242,173513,161636,
L900206,2025-06-19,219126,211317,192617,
L900206,2025-06-20,182859,177311,167486,
L900206,2025-06-21,267913,264921,254524,
L900206,2025-06-22,290409,281772,268146,
L900206,2025-06-23,206597,201047,185737,
L900206,2025-06-24,206393,199823,192659,
L900206,2025-06-25,225769,222384,212441,
L900207,2025-11-19,18709,18273,17021,
L900207,2025-11-20,18832,18574,17003,
L900207,2025-11-21,16876,16519,15203,
L900207,2025-11-22,21852,21530,19586,
L900207,2025-11-23,20020,19761,17642,
L900207,2025-11-24,17783,17515,16725,
L900207,2025-11-25,18212,17938,16973,
L900207,2025-11-26,18115,17861,16860,
L900207,2025-11-27,17810,17577,16585,
L900207,2025-11-28,16085,15878,14702,
L900207,2025-11-29,20665,19904,18377,
L900207,2025-11-30,17974,17634,15964,
L900207,2025-12-01,17288,16690,15824,
L900207,2025-12-02,16988,16404,16162,
L900207,2025-12-03,15726,15479,14533,
L900207,2025-12-04,18729,18048,17169,
L900207,2025-12-05,17865,17440,16592,
L900207,2025-12-06,20640,19958,19224,
L900207,2025-12-07,22659,22159,20230,
L900207,2025-12-08,17412,16902,15195,
L900207,2025-12-09,19042,18336,17134,
L900207,2025-12-10,18807,18172,16860,
L900207,2025-12-11,14454,14210,13964,
L900207,2025-12-12,17153,16596,15102,
L900207,2025-12-13,22433,21692,21056,
L900207,2025-12-14,20216,19597,18186,
L900207,2025-12-15,17299,16719,15177,
L900207,2025-12-16,16037,15420,14890,
L900207,2025-12-17,16796,16246,14836,
L900207,2025-12-18,16361,16145,15361,
L900207,2025-12-19,14292,14063,13150,
L900207,2025-12-20,24597,24054,23347,
L900207,2025-12-21,21492,20968,20052,
L900207,2025-12-22,18750,18414,17078,
L900207,2025-12-23,18231,17925,17311,
L900207,2025-12-24,15259,14933,14059,
L900207,2025-12-25,17466,17108,15945,
L900207,2025-12-26,16995,16533,15452,
L900207,2025-12-27,21068,20643,19659,
L900207,2025-12-28,21333,20711,19187,
L900207,2025-12-29,15835,15576,14338,
L900207,2025-12-30,17330,16916,15493,
L900207,2025-12-31,18260,17603,16522,
L900207,2026-01-01,18528,17941,16455,
L900207,2026-01-02,15847,15559,14823,
L900207,2026-01-03,20763,20282,18780,
L900208,2025-11-19,883,867,801,
L900208,2025-11-20,932,911,857,
L900208,2025-11-21,953,919,848,
L900208,2025-11-22,1041,1002,948,
L900208,2025-11-23,855,833,802,
L900208,2025-11-24,710,698,659,
L900208,2025-11-25,913,881,827,
L900208,2025-11-26,778,762,736,
L900208,2025-11-27,822,807,760,
L900208,2025-11-28,924,889,823,
L900208,2025-11-29,978,950,918,
L900208,2025-11-30,915,880,867,
L900208,2025-12-01,824,812,785,
L900208,2025-12-02,897,866,820,
L900208,2025-12-03,807,789,748,
L900208,2025-12-04,887,856,796,
L900208,2025-12-05,758,737,722,
L900208,2025-12-06,956,918,878,
L900208,2025-12-07,999,979,926,
L900208,2025-12-08,935,900,853,
L900208,2025-12-09,815,798,753,
L900208,2025-12-10,805,789,738,
L900208,2025-12-11,805,796,782,
L900208,2025-12-12,886,869,819,
L900208,2025-12-13,1095,1057,970,
L900208,2025-12-14,1127,1086,1059,
L900208,2025-12-15,989,954,925,
L900208,2025-12-16,868,837,816,
L900208,2025-12-17,797,785,739,
L900208,2025-12-18,834,807,788,
L900208,2025-12-19,781,765,712,
L900208,2025-12-20,1035,1009,973,
L900208,2025-12-21,958,942,907,
L900208,2025-12-22,931,913,889,
L900208,2025-12-23,862,848,804,
L900208,2025-12-24,955,918,872,
L900208,2025-12-25,902,884,874,
L900208,2025-12-26,895,865,804,
L900208,2025-12-27,915,898,847,
L900208,2025-12-28,1073,1044,1001,
L900208,2025-12-29,987,956,916,
L900208,2025-12-30,817,784,727,
L900208,2025-12-31,918,905,859,
L900208,2026-01-01,738,710,674,
L900208,2026-01-02,772,759,714,
L900208,2026-01-03,1016,984,916,
L900209,2025-11-19,30315,29255,21229,
L900209,2025-11-20,29635,29125,21271,
L900209,2025-11-21,29927,29226,21970,
L900209,2025-11-22,39647,39075,29849,
L900209,2025-11-23,44910,43322,32645,
L900209,2025-11-24,33394,33045,24942,
L900209,2025-11-25,33438,32131,23809,
L900209,2025-11-26,32159,31541,22695,
L900209,2025-11-27,34398,33274,24601,
L900209,2025-11-28,35972,35436,26871,
L900209,2025-11-29,37067,35993,27532,
L900209,2025-11-30,31027,30435,23696,
L900209,2025-12-01,28783,27897,20920,
L900209,2025-12-02,33337,32414,24714,
L900209,2025-12-03,31387,30792,21464,
L900209,2025-12-04,31390,31017,22816,
L900209,2025-12-05,26950,25967,19239,
L900209,2025-12-06,35662,35022,26370,
L900209,2025-12-07,38252,37210,28994,
L900209,2025-12-08,31574,30372,22736,
L900209,2025-12-09,31685,30737,21747,
L900209,2025-12-10,31706,31379,23693,
L900209,2025-12-11,33787,32443,23817,
L900209,2025-12-12,28478,28024,21098,
L900209,2025-12-13,40330,39061,29564,
L900209,2025-12-14,38165,36992,26127,
L900209,2025-12-15,33611,32621,24133,
L900209,2025-12-16,35823,35057,25962,
L900209,2025-12-17,32117,31429,23519,
L900209,2025-12-18,30695,29527,21469,
L900209,2025-12-19,31982,30887,22287,
L900209,2025-12-20,38305,36817,28672,
L900209,2025-12-21,42275,40978,30576,
L900209,2025-12-22,36236,35478,25668,
L900209,2025-12-23,38657,37458,27373,
L900209,2025-12-24,37402,36270,28290,
L900209,2025-12-25,27713,26682,20527,
L900209,2025-12-26,31502,30840,22471,
L900209,2025-12-27,40658,39099,28145,
L900209,2025-12-28,40588,40071,28898,
L900209,2025-12-29,32691,31558,24195,
L900209,2025-12-30,33231,32759,24005,
L900209,2025-12-31,33631,32959,23462,
L900209,2026-01-01,30071,29609,21655,
L900209,2026-01-02,34263,32965,24661,
L900209,2026-01-03,40691,39848,29465,
L900210,2025-10-13,39636,39636,23699,86170.0
L900210,2025-10-14,30225,30225,20021,79524.6
L900210,2025-10-15,31882,31882,18374,85693.8
L900210,2025-10-16,28495,28495,16418,70451.0
L900210,2025-10-17,28668,28668,18825,68972.2
L900210,2025-10-18,24012,24012,15598,76804.0
L900210,2025-10-19,26605,26605,17026,76769.1
L900210,2025-10-20,25794,25794,16391,54869.5
L900210,2025-10-21,23465,23465,14796,45301.0
L900210,2025-10-22,20423,20423,11998,60629.1
L900210,2025-10-23,18111,18111,11659,46336.5
L900210,2025-10-24,22865,22865,15163,60646.3
L900210,2025-10-25,15128,15128,8357,40385.0
L900210,2025-10-26,17209,17209,10059,50105.5
L900210,2025-10-27,15390,15390,8757,41786.7
L900210,2025-10-28,13939,13939,9461,30828.6
L900210,2025-10-29,13455,13455,8164,36902.8
L900210,2025-10-30,11806,11806,7400,24355.2
L900210,2025-10-31,12217,12217,7470,25438.2
L900210,2025-11-01,11384,11384,6773,28737.2
L900210,2025-11-02,13174,13174,8440,41276.5
L900210,2025-11-03,10834,10834,6376,26670.0
L900210,2025-11-04,9692,9692,5479,30431.8
L900210,2025-11-05,9179,9179,5773,22127.4
L900210,2025-11-06,9678,9678,6211,27333.7
L900210,2025-11-07,6951,6951,4352,20063.8
L900210,2025-11-08,7117,7117,4300,15679.9
L900210,2025-11-09,5525,5525,3274,15571.9
L900210,2025-11-10,6789,6789,3913,21190.4
L900210,2025-11-11,6569,6569,4543,16923.6
L900210,2025-11-12,5135,5135,3088,12476.4
L900210,2025-11-13,6141,6141,3565,18113.9
L900210,2025-11-14,4694,4694,2596,14113.7
L900210,2025-11-15,4600,4600,2642,13168.7
L900210,2025-11-16,4539,4539,2877,13911.1
L900210,2025-11-17,4898,4898,3078,13077.9
L900210,2025-11-18,3637,3637,2203,7931.5
L900210,2025-11-19,3856,3856,2690,9529.9
L900210,2025-11-20,3802,3802,2451,6887.5
L900210,2025-11-21,3512,3512,2231,10287.8
L900210,2025-11-22,3319,3319,2126,10435.7
L900210,2025-11-23,3172,3172,1879,6640.1
L900210,2025-11-24,2622,2622,1678,7801.3
L900210,2025-11-25,3055,3055,1895,6902.4
L900210,2025-11-26,2434,2434,1433,4805.8
L900210,2025-11-27,2262,2262,1430,4709.4
L900210,2025-11-28,2477,2477,1376,6511.3
L900210,2025-11-29,1926,1926,1229,4205.5
L900210,2025-11-30,1998,1998,1263,6252.5
L900210,2025-12-01,1692,1692,984,3696.5
L900210,2025-12-02,2150,2150,1274,6066.5
L900210,2025-12-03,1991,1991,1287,5442.9
L900210,2025-12-04,1506,1506,944,3625.1
L900210,2025-12-05,1509,1509,931,3854.7
L900210,2025-12-06,1351,1351,860,3296.1
L900210,2025-12-07,1228,1228,750,2393.5
L900210,2025-12-08,1212,1212,793,3632.6
L900210,2025-12-09,1124,1124,621,3381.7
L900210,2025-12-10,901,901,611,2358.8
L900210,2025-12-11,1027,1027,577,2223.7
L900210,2025-12-12,938,938,577,1796.1
L900210,2025-12-13,915,915,506,2618.9
L900210,2025-12-14,829,829,555,1794.8
L900210,2025-12-15,759,759,525,2126.8
L900210,2025-12-16,806,806,557,1566.6
L900210,2025-12-17,735,735,447,2176.3
L900210,2025-12-18,749,749,459,2111.5
L900210,2025-12-19,650,650,357,1478.2
L900210,2025-12-20,571,571,360,1431.6
L900210,2025-12-21,583,583,403,1609.5
L900210,2025-12-22,414,414,251,1129.0
L900210,2025-12-23,589,589,346,1791.5
L900210,2025-12-24,471,471,307,982.6
L900210,2025-12-25,526,526,344,1660.9
L900210,2025-12-26,371,371,224,1128.8
L900210,2025-12-27,340,340,237,885.9
L900210,2025-12-28,374,374,224,1135.5
L900210,2025-12-29,352,352,245,770.7
L900210,2025-12-30,330,330,219,601.7
L900210,2025-12-31,307,307,184,728.4
L900210,2026-01-01,266,266,180,693.5
L900210,2026-01-02,227,227,157,562.6
L900210,2026-01-03,258,258,153,513.4
L900210,2026-01-04,206,206,135,630.7
L900210,2026-01-05,192,192,131,559.4
L900210,2026-01-06,202,202,124,497.0
L900210,2026-01-07,206,206,135,540.3
L900210,2026-01-08,223,223,152,651.6
L900210,2026-01-09,192,192,109,603.4
L900210,2026-01-10,189,189,127,427.6
L900210,2026-01-11,166,166,115,457.4
L900211,2025-10-13,237101,229329,126943,
L900211,2025-10-14,190979,185194,106171,
L900211,2025-10-15,211627,207642,116367,
L900211,2025-10-16,209571,204272,120845,
L900211,2025-10-17,210359,206643,123139,
L900211,2025-10-18,268512,263857,152777,
L900211,2025-10-19,249229,245798,138941,
L900211,2025-10-20,182264,176618,108672,
L900211,2025-10-21,184676,182788,108361,
L900211,2025-10-22,205899,198103,119555,
L900211,2025-10-23,171307,166568,99578,
L900211,2025-10-24,196591,193185,109729,
L900211,2025-10-25,234291,228555,137301,
L900211,2025-10-26,253075,245134,141550,
L900211,2025-10-27,179509,173645,97003,
L900211,2025-10-28,209406,205732,114067,
L900211,2025-10-29,195641,192859,122199,
L900211,2025-10-30,204769,201911,120105,
L900211,2025-10-31,180743,177152,98399,
L900211,2025-11-01,254310,245631,141078,
L900211,2025-11-02,261537,255093,148684,
L900211,2025-11-03,253701,245232,139918,
L900211,2025-11-04,203657,199910,112772,
L900211,2025-11-05,215396,207326,122490,
L900211,2025-11-06,183901,180791,104073,
L900211,2025-11-07,220764,217563,132068,
L900211,2025-11-08,213948,206297,118142,
L900211,2025-11-09,275840,269351,155861,
L900211,2025-11-10,201986,196193,118213,
L900211,2025-11-11,178039,172698,97264,
L900211,2025-11-12,193973,191840,116272,
L900211,2025-11-13,215201,210533,125560,
L900211,2025-11-14,196889,190244,115019,
L900211,2025-11-15,238082,233980,138881,
L900211,2025-11-16,258446,253091,155887,
L900211,2025-11-17,198198,193265,111078,
L900211,2025-11-18,219551,213198,129930,
L900211,2025-11-19,190502,188062,105295,
L900211,2025-11-20,218350,215535,118364,
L900211,2025-11-21,172341,167979,96862,
L900211,2025-11-22,241048,233939,130725,
L900211,2025-11-23,243332,236343,138338,
L900211,2025-11-24,189918,185026,114839,
L900211,2025-11-25,204298,201590,121472,
L900211,2025-11-26,174499,169546,93369,
L900211,2025-11-27,204777,199135,122885,
L900211,2025-11-28,181550,174569,101750,
L900211,2025-11-29,215465,208102,117708,
L900211,2025-11-30,242782,236147,134638,
L900211,2025-12-01,176880,171151,94722,
L900211,2025-12-02,167708,164420,96930,
L900211,2025-12-03,206950,199983,118360,
L900211,2025-12-04,183142,179086,107472,
L900211,2025-12-05,208676,202851,117683,
L900211,2025-12-06,236089,232176,131647,
L900211,2025-12-07,242764,235802,144392,
L900211,2025-12-08,215487,211643,121668,
L900211,2025-12-09,206019,199290,111198,
L900211,2025-12-10,209044,201340,113431,
L900211,2025-12-11,208414,200527,128213,
L900211,2025-12-12,188501,186406,119012,
L900211,2025-12-13,248473,239996,135599,
L900211,2025-12-14,223874,217409,136380,
L900211,2025-12-15,205298,201271,114458,
L900211,2025-12-16,194293,187038,110093,
L900211,2025-12-17,197370,193703,113687,
L900211,2025-12-18,225532,221536,123493,
L900211,2025-12-19,207694,199684,115525,
L900211,2025-12-20,229543,226440,136190,
L900211,2025-12-21,211136,207999,110795,
L900211,2025-12-22,201056,198357,114498,
L900211,2025-12-23,176132,170679,93154,
L900211,2025-12-24,228013,224818,132476,
L900211,2025-12-25,197818,192641,120189,
L900211,2025-12-26,213657,210790,129717,
L900211,2025-12-27,216520,208983,116121,
L900211,2025-12-28,250892,243968,143523,
L900211,2025-12-29,217253,209448,114648,
L900211,2025-12-30,208625,201813,121044,
L900211,2025-12-31,212300,206307,117979,
L900211,2026-01-01,205702,200795,113346,
L900211,2026-01-02,192879,189194,105786,
L900211,2026-01-03,224578,219027,125980,
L900211,2026-01-04,229698,226723,128058,
L900211,2026-01-05,176973,172836,107023,
L900211,2026-01-06,189599,187057,109727,
L900211,2026-01-07,169715,165412,100430,
L900211,2026-01-08,200149,195120,111437,
L900211,2026-01-09,190632,187487,112002,
L900211,2026-01-10,182604,180592,101766,
L900211,2026-01-11,236811,233438,134784,
L900212,2025-10-13,44674,43803,41604,
L900212,2025-10-14,52568,51490,48576,
L900212,2025-10-15,43439,42927,38819,
L900212,2025-10-16,48652,47930,46151,
L900212,2025-10-17,47919,47027,44895,
L900212,2025-10-18,67105,64699,61253,
L900212,2025-10-19,50686,49197,45803,
L900212,2025-10-20,50947,49199,45510,
L900212,2025-10-21,51444,50543,46937,
L900212,2025-10-22,47142,46369,42797,
L900212,2025-10-23,46500,45865,42849,
L900212,2025-10-24,40005,39447,36337,
L900212,2025-10-25,50097,49539,45667,
L900212,2025-10-26,52044,51186,48638,
L900212,2025-10-27,49673,48395,45549,
L900212,2025-10-28,41258,40184,37292,
L900212,2025-10-29,40965,40011,37092,
L900212,2025-10-30,48292,46767,44421,
L900212,2025-10-31,47651,46123,44055,
L900212,2025-11-01,56735,54721,50634,
L900212,2025-11-02,59465,58795,55745,
L900212,2025-11-03,43988,42861,40185,
L900212,2025-11-04,44833,43668,38857,
L900212,2025-11-05,47530,45743,41356,
L900212,2025-11-06,47119,46077,41436,
L900212,2025-11-07,43270,41994,38690,
L900212,2025-11-08,60923,59030,54268,
L900212,2025-11-09,50800,48883,45817,
L900212,2025-11-10,45117,44333,41930,
L900212,2025-11-11,42197,41479,38750,
L900212,2025-11-12,54985,53860,49832,
L900212,2025-11-13,46600,45026,40378,
L900212,2025-11-14,42781,41868,39322,
L900212,2025-11-15,54113,52042,49038,
L900212,2025-11-16,57469,55225,49903,
L900212,2025-11-17,49643,48726,44104,
L900212,2025-11-18,43104,42118,39363,
L900212,2025-11-19,51670,50033,45526,
L900212,2025-11-20,46456,44644,41658,
L900212,2025-11-21,48328,46987,44810,
L900212,2025-11-22,53783,52274,49672,
L900212,2025-11-23,61495,60374,58301,
L900212,2025-11-24,47757,46061,42981,
L900212,2025-11-25,44171,43391,39087,
L900212,2025-11-26,44893,44070,41084,
L900212,2025-11-27,45512,44160,41596,
L900212,2025-11-28,40572,39588,36672,
L900212,2025-11-29,64450,63725,60533,
L900212,2025-11-30,58320,56570,53052,
L900212,2025-12-01,44571,43666,39077,
L900212,2025-12-02,47593,46211,40713,
L900212,2025-12-03,44718,43388,40347,
L900212,2025-12-04,44271,42739,41603,
L900212,2025-12-05,52615,50826,48318,
L900212,2025-12-06,51466,50452,48859,
L900212,2025-12-07,58332,57646,52524,
L900212,2025-12-08,46034,44786,42509,
L900212,2025-12-09,43714,42007,39184,
L900212,2025-12-10,47076,46158,41910,
L900212,2025-12-11,44922,44358,40343,
L900212,2025-12-12,49105,48264,44008,
L900212,2025-12-13,56877,56072,50587,
L900212,2025-12-14,50540,48574,44025,
L900212,2025-12-15,44850,43683,40782,
L900212,2025-12-16,47254,46576,41664,
L900212,2025-12-17,45294,44257,40494,
L900212,2025-12-18,47876,46073,42601,
L900212,2025-12-19,45617,43874,40149,
L900212,2025-12-20,63248,61183,55329,
L900212,2025-12-21,53803,52147,48608,
L900212,2025-12-22,44990,44526,40728,
L900212,2025-12-23,39259,38472,35246,
L900212,2025-12-24,42390,41742,40221,
L900212,2025-12-25,54232,52189,48482,
L900212,2025-12-26,40754,39857,37655,
L900212,2025-12-27,51218,50345,46267,
L900212,2025-12-28,52784,51467,47349,
L900212,2025-12-29,44611,43618,39418,
L900212,2025-12-30,43335,42120,40030,
L900212,2025-12-31,45791,44391,41394,
L900212,2026-01-01,37714,36296,34443,
L900212,2026-01-02,43396,42373,40359,
L900212,2026-01-03,56266,55167,50685,
L900212,2026-01-04,48120,46654,45417,
L900212,2026-01-05,48864,47224,44733,
L900212,2026-01-06,52595,52008,48600,
L900212,2026-01-07,50881,50047,46064,
L900212,2026-01-08,48623,47081,43192,
L900212,2026-01-09,44063,42864,39946,
L900212,2026-01-10,49945,48414,45343,
L900212,2026-01-11,54193,52523,46758,
L900213,2026-07-11,15986,15789,11953,
L900213,2026-07-12,16815,16400,12610,
L900213,2026-07-13,14146,13904,10134,
L900213,2026-07-14,13517,13141,9632,
L900213,2026-07-15,14111,13752,10192,
L900213,2026-07-16,12898,12382,9164,
L900213,2026-07-17,14082,13823,9950,
L900213,2026-07-18,16857,16553,11726,
L900213,2026-07-19,17894,17399,13058,
L900213,2026-07-20,15351,15046,10798,
L900213,2026-07-21,14812,14601,11078,
L900213,2026-07-22,13383,13182,9655,
L900213,2026-07-23,12402,12109,8634,
L900213,2026-07-24,12764,12309,8799,
L900213,2026-07-25,18539,18138,12877,
L900213,2026-07-26,16636,16340,12233,
L900213,2026-07-27,13969,13708,10266,
L900213,2026-07-28,14609,14186,10371,
L900213,2026-07-29,13676,13269,9741,
L900213,2026-07-30,14996,14666,11468,
L900213,2026-07-31,12283,11929,8342,
L900213,2026-08-01,17188,16772,12770,
L900213,2026-08-02,19014,18606,14043,
L900213,2026-08-03,15097,14618,11302,
L900213,2026-08-04,15172,14639,11090,
L900213,2026-08-05,12188,11785,8718,
L900213,2026-08-06,13907,13447,9923,
L900213,2026-08-07,13539,13293,10253,
L900213,2026-08-08,15444,15092,11409,
L900213,2026-08-09,16856,16275,11764,
L900213,2026-08-10,12411,12071,8521,
L900213,2026-08-11,14108,13664,10094,
L900213,2026-08-12,12683,12182,8557,
L900213,2026-08-13,14051,13606,10021,
L900213,2026-08-14,12805,12477,8992,
L900213,2026-08-15,16126,15598,11689,
L900213,2026-08-16,16006,15622,11188,
L900213,2026-08-17,13518,13048,9928,
L900213,2026-08-18,13624,13142,9743,
L900213,2026-08-19,13227,12798,9242,
L900213,2026-08-20,12578,12208,8628,
L900213,2026-08-21,14864,14365,10762,
L900213,2026-08-22,16548,15929,11881,
L900213,2026-08-23,16886,16407,11900,
L900213,2026-08-24,13227,12710,9284,
L900213,2026-08-25,16309,15893,12085,
L900213,2026-08-26,13763,13398,10280,
L900213,2026-08-27,14928,14439,10286,
L900213,2026-08-28,13339,13026,9634,
L900213,2026-08-29,17244,16987,12494,
L900213,2026-08-30,16310,15781,11532,
L900213,2026-08-31,14720,14454,10278,
L900213,2026-09-01,13116,12788,8991,
L900213,2026-09-02,12462,12026,8975,
L900213,2026-09-03,13946,13578,9962,
L900213,2026-09-04,14802,14593,11194,
L900213,2026-09-05,16349,16100,11994,
L900213,2026-09-06,15845,15212,11447,
L900213,2026-09-07,12283,11912,9242,
L900213,2026-09-08,14819,14342,10269,
L900213,2026-09-09,12723,12253,9170,
L900214,2026-07-11,89379,88297,83247,
L900214,2026-07-12,96095,94402,89697,
L900214,2026-07-13,84453,82777,79635,
L900214,2026-07-14,63114,62324,61700,
L900214,2026-07-15,76971,74413,71258,
L900214,2026-07-16,74412,72561,67207,
L900214,2026-07-17,60539,59289,56275,
L900214,2026-07-18,95094,93681,89738,
L900214,2026-07-19,97358,96361,94089,
L900214,2026-07-20,70869,69176,67354,
L900214,2026-07-21,79370,77975,73951,
L900214,2026-07-22,69542,68220,65000,
L900214,2026-07-23,57100,56288,53789,
L900214,2026-07-24,74830,72765,69337,
L900214,2026-07-25,88009,86932,82509,
L900214,2026-07-26,71964,70951,69762,
L900214,2026-07-27,68670,66910,62737,
L900214,2026-07-28,78438,75525,73227,
L900214,2026-07-29,72298,69601,67191,
L900214,2026-07-30,64214,62037,58834,
L900214,2026-07-31,78081,75816,70998,
L900214,2026-08-01,78807,76849,73127,
L900214,2026-08-02,86346,83378,80288,
L900214,2026-08-03,62951,60699,54569,
L900214,2026-08-04,75966,74099,68789,
L900214,2026-08-05,67299,65001,58912,
L900214,2026-08-06,76542,75548,72299,
L900214,2026-08-07,72508,71718,68567,
L900214,2026-08-08,71531,70327,65424,
L900214,2026-08-09,82552,80573,75337,
L900214,2026-08-10,69215,66609,63606,
L900214,2026-08-11,76449,73872,67991,
L900214,2026-08-12,70702,69193,66718,
L900214,2026-08-13,65521,63936,60492,
L900214,2026-08-14,73393,71641,68075,
L900214,2026-08-15,90267,88383,84131,
L900214,2026-08-16,83510,81907,75890,
L900214,2026-08-17,72151,70323,66947,
L900214,2026-08-18,65132,63703,61259,
L900214,2026-08-19,77929,75615,70835,
L900214,2026-08-20,66633,65212,60954,
L900214,2026-08-21,61250,59939,59339,
L900214,2026-08-22,82572,81272,75813,
L900214,2026-08-23,77927,76031,71639,
L900214,2026-08-24,66817,65559,64166,
L900214,2026-08-25,63684,62430,57387,
L900214,2026-08-26,73875,73077,69266,
L900214,2026-08-27,69490,68621,65958,
L900214,2026-08-28,71526,70748,67144,
L900214,2026-08-29,76016,74238,68049,
L900214,2026-08-30,80848,78523,72893,
L900214,2026-08-31,72276,70167,64134,
L900214,2026-09-01,68221,66554,62995,
L900214,2026-09-02,70527,69582,66658,
L900214,2026-09-03,68904,67936,63632,
L900214,2026-09-04,77796,75563,71301,
L900214,2026-09-05,95371,92543,87314,
L900214,2026-09-06,85536,83707,79289,
L900214,2026-09-07,72061,69643,65576,
L900214,2026-09-08,71296,68883,67547,
L900214,2026-09-09,76689,75585,73401,
L900215,2026-07-11,20412,19785,18486,
L900215,2026-07-12,23930,23519,21628,
L900215,2026-07-13,17581,17179,16455,
L900215,2026-07-14,19642,19179,18242,
L900215,2026-07-15,17962,17629,16211,
L900215,2026-07-16,20033,19256,17806,
L900215,2026-07-17,17710,17031,15527,
L900215,2026-07-18,21618,20880,19783,
L900215,2026-07-19,19818,19342,18231,
L900215,2026-07-20,17565,17294,16010,
L900215,2026-07-21,18402,18144,16793,
L900215,2026-07-22,18192,17567,16181,
L900215,2026-07-23,17769,17126,16379,
L900215,2026-07-24,18657,18250,16926,
L900215,2026-07-25,21378,21046,19401,
L900215,2026-07-26,21384,20728,19594,
L900215,2026-07-27,17497,16879,14939,
L900215,2026-07-28,18707,18345,16958,
L900215,2026-07-29,17747,17503,16596,
L900215,2026-07-30,14548,14216,13669,
L900215,2026-07-31,20191,19834,18196,
L900215,2026-08-01,21727,21015,19755,
L900215,2026-08-02,23498,23096,21186,
L900215,2026-08-03,16211,15587,15154,
L900215,2026-08-04,20044,19595,18284,
L900215,2026-08-05,18882,18649,17575,
L900215,2026-08-06,19724,19037,16910,
L900215,2026-08-07,18097,17652,16255,
L900215,2026-08-08,22249,21462,20290,
L900215,2026-08-09,19312,19063,17214,
L900215,2026-08-10,17604,17055,15913,
L900215,2026-08-11,19859,19654,18919,
L900215,2026-08-12,18193,17626,16684,
L900215,2026-08-13,19678,19127,17995,
L900215,2026-08-14,18584,17950,16550,
L900215,2026-08-15,20619,19846,18007,
L900215,2026-08-16,23166,22852,21227,
L900215,2026-08-17,18001,17473,16482,
L900215,2026-08-18,18321,17695,16133,
L900215,2026-08-19,18223,17523,16583,
L900215,2026-08-20,17095,16443,15360,
L900215,2026-08-21,18537,17919,16392,
L900215,2026-08-22,22011,21255,19099,
L900215,2026-08-23,22738,22379,20201,
L900215,2026-08-24,20217,19588,18180,
L900215,2026-08-25,17768,17297,16487,
L900215,2026-08-26,17083,16672,15255,
L900215,2026-08-27,15895,15579,14896,
L900215,2026-08-28,21410,20617,18483,
L900215,2026-08-29,21069,20256,18866,
L900215,2026-08-30,21610,21393,19882,
L900215,2026-08-31,18445,18116,16995,
L900215,2026-09-01,17188,16686,15582,
L900215,2026-09-02,16957,16558,15262,
L900215,2026-09-03,16033,15710,14483,
L900215,2026-09-04,17767,17223,16342,
L900215,2026-09-05,22433,21842,20366,
L900215,2026-09-06,22500,22100,19611,
L900215,2026-09-07,15645,15351,14178,
L900215,2026-09-08,19035,18409,17033,
L900215,2026-09-09,17333,17055,15779,
L900216,2025-11-01,92194,88837,83903,
L900216,2025-11-02,82943,81014,75262,
L900216,2025-11-03,73277,72486,68027,
L900216,2025-11-04,81171,79379,73777,
L900216,2025-11-05,78396,75491,68455,
L900216,2025-11-06,68035,66143,58687,
L900216,2025-11-07,72560,70993,66942,
L900216,2025-11-08,69044,68156,63641,
L900216,2025-11-09,90981,88070,82869,
L900216,2025-11-10,64834,62537,59126,
L900216,2025-11-11,71746,69773,65713,
L900216,2025-11-12,70971,69589,65248,
L900216,2025-11-13,78054,77121,71407,
L900216,2025-11-14,73322,72407,69148,
L900216,2025-11-15,85861,84496,76679,
L900216,2025-11-16,91479,87882,84252,
L900216,2025-11-17,79084,78226,73868,
L900216,2025-11-18,58248,57521,52763,
L900216,2025-11-19,68340,67140,62500,
L900216,2025-11-20,81375,80517,73140,
L900216,2025-11-21,84553,82136,75758,
L900216,2025-11-22,81461,79707,75474,
L900216,2025-11-23,93203,89523,84420,
L900216,2025-11-24,67279,66394,62413,
L900216,2025-11-25,65765,64886,59309,
L900216,2025-11-26,71148,70115,64057,
L900216,2025-11-27,77730,76315,70090,
L900216,2025-11-28,70428,68955,62914,
L900216,2025-11-29,93990,90681,83125,
L900216,2025-11-30,94715,91636,87179,
L900216,2025-12-01,69135,68028,63306,
L900216,2025-12-02,68976,66472,62544,
L900216,2025-12-03,70577,68887,63489,
L900216,2025-12-04,71957,69979,62866,
L900216,2025-12-05,71257,69482,65520,
L900216,2025-12-06,87744,84565,80254,
L900216,2025-12-07,84166,82534,75998,
L900216,2025-12-08,65284,63912,58919,
L900216,2025-12-09,82968,80891,75674,
L900216,2025-12-10,68334,67502,61418,
L900216,2025-12-11,62524,60777,55513,
L900216,2025-12-12,76047,74488,68637,
L900216,2025-12-13,80133,77843,71073,
L900216,2025-12-14,91295,89336,82937,
L900216,2025-12-15,68095,66962,61861,
L900216,2025-12-16,84344,83385,79582,
L900216,2025-12-17,80116,76984,68897,
L900216,2025-12-18,70826,68404,62733,
L900216,2025-12-19,74812,72427,68892,
L900216,2025-12-20,89052,87020,79410,
L900216,2025-12-21,82196,81207,76530,
L900216,2025-12-22,75822,72985,68081,
L900216,2025-12-23,72437,69547,64748,
L900216,2025-12-24,73236,71065,67108,
L900216,2025-12-25,75307,72815,67752,
L900216,2025-12-26,71411,69972,64951,
L900216,2025-12-27,81368,79661,72821,
L900216,2025-12-28,90562,89445,81908,
L900216,2025-12-29,76361,75476,70115,
L900216,2025-12-30,76393,74143,69897,
L900216,2025-12-31,76527,73763,67896,
L900217,2025-11-01,133629,128815,91326,
L900217,2025-11-02,143358,140321,110196,
L900217,2025-11-03,112135,107814,81520,
L900217,2025-11-04,109145,105438,77342,
L900217,2025-11-05,103317,99636,75652,
L900217,2025-11-06,96120,92409,66422,
L900217,2025-11-07,100922,98839,74438,
L900217,2025-11-08,117439,114373,84120,
L900217,2025-11-09,125103,123271,88725,
L900217,2025-11-10,83891,81941,58954,
L900217,2025-11-11,106411,104120,78061,
L900217,2025-11-12,108358,106413,80042,
L900217,2025-11-13,99012,95806,69285,
L900217,2025-11-14,107363,103684,76287,
L900217,2025-11-15,135337,131803,98539,
L900217,2025-11-16,139140,134084,97973,
L900217,2025-11-17,113138,110683,86409,
L900217,2025-11-18,104684,100774,75579,
L900217,2025-11-19,96476,93585,70926,
L900217,2025-11-20,113651,112176,81900,
L900217,2025-11-21,109124,107415,80089,
L900217,2025-11-22,130125,126212,95446,
L900217,2025-11-23,131418,130087,95902,
L900217,2025-11-24,111185,109688,83608,
L900217,2025-11-25,99614,98028,72537,
L900217,2025-11-26,89487,85969,64620,
L900217,2025-11-27,114435,113049,83074,
L900217,2025-11-28,105348,104021,76517,
L900217,2025-11-29,122305,120890,90019,
L900217,2025-11-30,118264,114950,84522,
L900217,2025-12-01,96693,95163,71541,
L900217,2025-12-02,106231,102121,74688,
L900217,2025-12-03,104545,102095,75099,
L900217,2025-12-04,113775,109816,80295,
L900217,2025-12-05,109531,108223,78558,
L900217,2025-12-06,134399,129756,98711,
L900217,2025-12-07,137128,131695,101328,
L900217,2025-12-08,106674,104913,80233,
L900217,2025-12-09,117780,116062,83281,
L900217,2025-12-10,99205,97874,69498,
L900217,2025-12-11,113085,109455,77694,
L900217,2025-12-12,89394,88378,63460,
L900217,2025-12-13,108633,105588,78709,
L900217,2025-12-14,115232,114009,80512,
L900217,2025-12-15,103887,102742,76064,
L900217,2025-12-16,88644,85209,61838,
L900217,2025-12-17,103613,101270,74217,
L900217,2025-12-18,101488,98211,74992,
L900217,2025-12-19,122136,117556,86254,
L900217,2025-12-20,112837,110025,80902,
L900217,2025-12-21,128141,125816,92969,
L900217,2025-12-22,109328,106611,83608,
L900217,2025-12-23,89950,87527,63882,
L900217,2025-12-24,117087,115785,84471,
L900217,2025-12-25,110819,107249,80717,
L900217,2025-12-26,114550,110089,85678,
L900217,2025-12-27,129542,127860,90151,
L900217,2025-12-28,119110,115522,90537,
L900217,2025-12-29,92443,91077,68301,
L900217,2025-12-30,83267,81013,57760,
L900217,2025-12-31,111632,107617,79713,
L900218,2025-06-09,661435,644743,451364,
L900218,2025-06-10,746777,728301,534818,
L900218,2025-06-11,621388,606048,448841,
L900218,2025-06-12,740429,726982,535048,
L900218,2025-06-13,714094,693690,513859,
L900218,2025-06-14,808054,786048,582528,
L900218,2025-06-15,906859,897315,682581,
L900218,2025-06-16,752286,744236,540685,
L900218,2025-06-17,743540,727704,545275,
L900218,2025-06-18,667358,645421,471617,
L900218,2025-06-19,746001,720771,553219,
L900218,2025-06-20,604984,592745,458074,
L900218,2025-06-21,936249,900272,669786,
L900218,2025-06-22,839989,822697,615219,
L900218,2025-06-23,671272,662244,487707,
L900218,2025-06-24,624039,601661,424273,
L900218,2025-06-25,839543,820860,608471,
L900218,2025-06-26,719058,709380,524505,
L900218,2025-06-27,660675,653915,479881,
L900218,2025-06-28,862731,848910,624854,
L900218,2025-06-29,804943,793709,594956,
L900218,2025-06-30,718191,701443,524579,
L900218,2025-07-01,747436,717743,528681,
L900218,2025-07-02,697970,675902,520207,
L900218,2025-07-03,654096,644233,452591,
L900218,2025-07-04,738974,715558,520506,
L900218,2025-07-05,782664,769043,582707,
L900218,2025-07-06,846563,835622,597243,
L900218,2025-07-07,817052,786322,556547,
L900219,2025-06-09,150496,144545,135209,
L900219,2025-06-10,168200,164040,155245,
L900219,2025-06-11,177046,171065,163711,
L900219,2025-06-12,171198,164972,148129,
L900219,2025-06-13,180662,177343,164033,
L900219,2025-06-14,183382,177457,161289,
L900219,2025-06-15,201962,199910,192135,
L900219,2025-06-16,187327,183131,169038,
L900219,2025-06-17,183972,182078,161905,
L900219,2025-06-18,169281,164148,153974,
L900219,2025-06-19,179639,173778,159738,
L900219,2025-06-20,176750,170573,159786,
L900219,2025-06-21,214457,210499,199388,
L900219,2025-06-22,220090,213200,200455,
L900219,2025-06-23,201597,193977,183608,
L900219,2025-06-24,201986,198216,181677,
L900219,2025-06-25,154707,149085,138230,
L900219,2025-06-26,174093,169529,162610,
L900219,2025-06-27,161265,157539,146262,
L900219,2025-06-28,221575,213029,198543,
L900219,2025-06-29,211673,205502,192590,
L900219,2025-06-30,192598,186671,179337,
L900219,2025-07-01,177758,171331,156542,
L900219,2025-07-02,199058,192525,174898,
L900219,2025-07-03,202690,196761,188277,
L900219,2025-07-04,198418,191034,180280,
L900219,2025-07-05,178348,175148,159247,
L900219,2025-07-06,219887,214219,196328,
L900219,2025-07-07,172821,169224,159452,
L900220,2026-06-09,105658,105658,63363,222884.3
L900220,2026-06-10,123355,123355,80011,290054.5
L900220,2026-06-11,112214,112214,61849,289425.8
L900220,2026-06-12,98002,98002,66609,280559.6
L900220,2026-06-13,101384,101384,61905,271456.2
L900220,2026-06-14,89987,89987,59592,214116.9
L900220,2026-06-15,95125,95125,63729,221831.2
L900220,2026-06-16,80255,80255,52095,211086.8
L900220,2026-06-17,84313,84313,48481,243160.2
L900220,2026-06-18,56981,56981,39367,145228.3
L900220,2026-06-19,69069,69069,39910,209988.3
L900220,2026-06-20,59716,59716,37551,121262.3
L900220,2026-06-21,53537,53537,33753,96487.3
L900220,2026-06-22,61548,61548,40904,156191.5
L900220,2026-06-23,56564,56564,32419,131393.8
L900220,2026-06-24,39105,39105,21752,119567.0
L900220,2026-06-25,49368,49368,30960,118381.1
L900220,2026-06-26,45967,45967,30297,126598.3
L900220,2026-06-27,37907,37907,25578,93969.2
L900220,2026-06-28,35268,35268,21563,87933.4
L900220,2026-06-29,30477,30477,16846,95354.2
L900220,2026-06-30,32979,32979,19516,96377.6
L900220,2026-07-01,31572,31572,18400,99862.0
L900220,2026-07-02,32684,32684,21575,85120.4
L900220,2026-07-03,29276,29276,19750,72163.0
L900220,2026-07-04,24002,24002,13728,50967.6
L900220,2026-07-05,25888,25888,16708,49539.9
L900220,2026-07-06,23207,23207,14426,70923.2
L900220,2026-07-07,20329,20329,13265,56774.2
L900220,2026-07-08,17762,17762,11366,35916.5
L900220,2026-07-09,21132,21132,13216,56458.6
L900220,2026-07-10,19567,19567,11567,54630.1
L900220,2026-07-11,18622,18622,12938,35787.4
L900220,2026-07-12,15403,15403,10056,42944.4
L900220,2026-07-13,15913,15913,9447,40374.3
L900220,2026-07-14,12708,12708,8293,40358.9
L900220,2026-07-15,12507,12507,7172,30282.8
L900220,2026-07-16,13112,13112,8707,39003.5
L900220,2026-07-17,12630,12630,8181,36701.2
L900220,2026-07-18,9702,9702,6236,23228.2
L900220,2026-07-19,9761,9761,5858,21235.1
L900220,2026-07-20,9904,9904,6050,28741.2
L900220,2026-07-21,10609,10609,5949,24416.3
L900220,2026-07-22,8376,8376,5412,18720.0
L900220,2026-07-23,8707,8707,4934,20588.8
L900220,2026-07-24,8285,8285,5214,19863.1
L900220,2026-07-25,7425,7425,5125,13447.5
L900220,2026-07-26,7364,7364,4943,19087.6
L900220,2026-07-27,5846,5846,3396,16549.8
L900220,2026-07-28,5943,5943,3998,11205.1
L900220,2026-07-29,6849,6849,3880,19848.4
L900220,2026-07-30,6490,6490,4384,12462.1
L900220,2026-07-31,5761,5761,3804,15012.3
L900220,2026-08-01,5554,5554,3598,11204.2
L900220,2026-08-02,3851,3851,2650,7711.3
L900220,2026-08-03,4016,4016,2524,11498.0
L900220,2026-08-04,4049,4049,2707,8506.8
L900220,2026-08-05,4887,4887,3253,12903.1
L900220,2026-08-06,3590,3590,2232,8523.7
L900220,2026-08-07,3751,3751,2090,10051.9
L900220,2026-08-08,3412,3412,2268,8223.8
L900220,2026-08-09,3206,3206,2097,10056.9
L900220,2026-08-10,2909,2909,1950,8796.6
L900220,2026-08-11,2416,2416,1680,5277.6
L900220,2026-08-12,1887,1887,1262,3915.8
L900220,2026-08-13,2747,2747,1634,4963.9
L900220,2026-08-14,2152,2152,1454,4878.8
L900220,2026-08-15,1756,1756,1023,4999.1
L900220,2026-08-16,2123,2123,1286,6440.3
L900220,2026-08-17,1996,1996,1217,6350.2
L900220,2026-08-18,1942,1942,1209,6020.1
L900220,2026-08-19,1888,1888,1130,4118.8
L900220,2026-08-20,1453,1453,991,3317.3
L900220,2026-08-21,1375,1375,877,4193.1
L900220,2026-08-22,1374,1374,764,4186.2
L900220,2026-08-23,1446,1446,900,3144.0
L900220,2026-08-24,994,994,658,3167.7
L900220,2026-08-25,1200,1200,773,2391.5
L900220,2026-08-26,1220,1220,695,3270.5
L900220,2026-08-27,1145,1145,758,2694.3
L900220,2026-08-28,1060,1060,693,3085.3
L900220,2026-08-29,1031,1031,663,1946.7
L900220,2026-08-30,636,636,406,1281.2
L900220,2026-08-31,960,960,604,3047.1
L900220,2026-09-01,804,804,491,2278.9
L900220,2026-09-02,831,831,572,1674.5
L900220,2026-09-03,609,609,380,1725.3
L900220,2026-09-04,536,536,308,1029.0
L900220,2026-09-05,722,722,492,1660.9
L900220,2026-09-06,523,523,312,1590.2
L900220,2026-09-07,526,526,351,1564.2
L900221,2026-06-09,20187,19511,18956,
L900221,2026-06-10,19352,18720,17389,
L900221,2026-06-11,20087,19295,18609,
L900221,2026-06-12,16251,15843,15500,
L900221,2026-06-13,18435,17885,17360,
L900221,2026-06-14,21847,21182,20421,
L900221,2026-06-15,19788,19078,18109,
L900221,2026-06-16,19698,19450,18443,
L900221,2026-06-17,20098,19526,19330,
L900221,2026-06-18,16972,16505,14627,
L900221,2026-06-19,18380,17764,16703,
L900221,2026-06-20,22319,21832,20335,
L900221,2026-06-21,24621,23929,22071,
L900221,2026-06-22,19697,19288,18569,
L900221,2026-06-23,19493,18869,18109,
L900221,2026-06-24,20456,20097,19113,
L900221,2026-06-25,18485,17747,17032,
L900221,2026-06-26,19925,19463,18836,
L900221,2026-06-27,19862,19530,18481,
L900221,2026-06-28,21053,20225,19440,
L900221,2026-06-29,20117,19602,18514,
L900221,2026-06-30,17903,17371,16709,
L900221,2026-07-01,18809,18432,18036,
L900221,2026-07-02,21709,21422,20779,
L900221,2026-07-03,19366,18996,18739,
L900221,2026-07-04,23458,23179,21797,
L900221,2026-07-05,21771,21296,19931,
L900221,2026-07-06,19002,18278,17533,
L900221,2026-07-07,16859,16429,15460,
L900221,2026-07-08,19336,18777,18079,
L900221,2026-07-09,18972,18300,17474,
L900221,2026-07-10,17128,16791,15645,
L900221,2026-07-11,22902,22176,21293,
L900221,2026-07-12,23440,22569,21057,
L900221,2026-07-13,18652,18077,17719,
L900221,2026-07-14,19840,19511,18472,
L900221,2026-07-15,17452,16931,15842,
L900221,2026-07-16,19022,18644,17814,
L900221,2026-07-17,19872,19333,18516,
L900221,2026-07-18,22333,21624,20321,
L900221,2026-07-19,26783,26146,24547,
L900221,2026-07-20,17047,16631,15254,
L900221,2026-07-21,18475,18108,17543,
L900221,2026-07-22,18136,17543,17184,
L900221,2026-07-23,19001,18685,18165,
L900221,2026-07-24,17859,17324,16200,
L900221,2026-07-25,23182,22651,21737,
L900221,2026-07-26,22685,21962,20992,
L900221,2026-07-27,19907,19376,17856,
L900221,2026-07-28,18493,17947,16863,
L900221,2026-07-29,18297,17993,17239,
L900221,2026-07-30,18244,17832,16225,
L900221,2026-07-31,18652,17926,16648,
L900221,2026-08-01,23928,22984,22205,
L900221,2026-08-02,19010,18435,17227,
L900221,2026-08-03,19549,19192,17691,
L900221,2026-08-04,20202,19553,18985,
L900221,2026-08-05,18765,18461,17252,
L900221,2026-08-06,15498,14975,14470,
L900221,2026-08-07,22058,21728,21421,
L900221,2026-08-08,22655,21900,20326,
L900221,2026-08-09,24557,24138,22869,
L900221,2026-08-10,19739,19267,18420,
L900221,2026-08-11,19153,18764,18211,
L900221,2026-08-12,20633,19870,18668,
L900221,2026-08-13,17608,17357,15621,
L900221,2026-08-14,18485,18189,16881,
L900221,2026-08-15,23786,22959,21656,
L900221,2026-08-16,22596,21787,21051,
L900221,2026-08-17,19616,18832,17846,
L900221,2026-08-18,21577,21090,20346,
L900221,2026-08-19,18379,18067,17029,
L900221,2026-08-20,20211,19923,19007,
L900221,2026-08-21,17307,16642,16107,
L900221,2026-08-22,25329,24623,23973,
L900221,2026-08-23,25855,25557,25301,
L900221,2026-08-24,21643,20933,20028,
L900221,2026-08-25,18695,18432,16835,
L900221,2026-08-26,19028,18464,17732,
L900221,2026-08-27,19078,18520,16894,
L900221,2026-08-28,18576,18091,17419,
L900221,2026-08-29,21126,20360,19409,
L900221,2026-08-30,23809,22893,22260,
L900221,2026-08-31,21617,20783,19586,
L900221,2026-09-01,19291,18590,17740,
L900221,2026-09-02,20000,19399,18637,
L900221,2026-09-03,21179,20492,18511,
L900221,2026-09-04,19648,19130,18359,
L900221,2026-09-05,22581,21832,19751,
L900221,2026-09-06,22902,22183,20758,
L900221,2026-09-07,21564,21323,20416,
L900222,2025-11-18,16362,15836,14914,
L900222,2025-11-19,20667,20172,18672,
L900222,2025-11-20,20522,19783,18260,
L900222,2025-11-21,21248,20622,19587,
L900222,2025-11-22,20591,19993,18035,
L900222,2025-11-23,27549,27242,25842,
L900222,2025-11-24,17599,17072,15340,
L900222,2025-11-25,19902,19257,17469,
L900222,2025-11-26,19080,18444,17135,
L900222,2025-11-27,19435,18815,17921,
L900222,2025-11-28,22450,22202,20435,
L900222,2025-11-29,21554,21101,19788,
L900222,2025-11-30,26791,25967,23939,
L900222,2025-12-01,20908,20318,18555,
L900222,2025-12-02,19610,19019,17245,
L900222,2025-12-03,19593,19190,17802,
L900222,2025-12-04,20529,19995,19306,
L900222,2025-12-05,18967,18560,16518,
L900222,2025-12-06,23315,22602,21155,
L900222,2025-12-07,24081,23289,21585,
L900222,2025-12-08,21906,21124,19702,
L900222,2025-12-09,19412,18849,17236,
L900222,2025-12-10,16841,16355,15317,
L900222,2025-12-11,19961,19493,17715,
L900222,2025-12-12,19507,19214,17813,
L900222,2025-12-13,22514,22068,20173,
L900222,2025-12-14,24466,23914,22132,
L900222,2025-12-15,18651,18446,16836,
L900222,2025-12-16,19373,18798,17829,
L900222,2025-12-17,19900,19549,18087,
L900222,2025-12-18,20060,19438,18607,
L900222,2025-12-19,20344,19827,18542,
L900222,2025-12-20,24908,24605,22804,
L900222,2025-12-21,24047,23155,21307,
L900222,2025-12-22,17148,16672,15619,
L900222,2025-12-23,20119,19340,17874,
L900222,2025-12-24,21199,20851,19090,
L900222,2025-12-25,16802,16588,15195,
L900222,2025-12-26,17163,16874,15806,
L900222,2025-12-27,22272,21556,20471,
L900222,2025-12-28,25525,24994,22782,
L900222,2025-12-29,18311,18005,16937,
L900222,2025-12-30,21111,20526,18262,
L900222,2025-12-31,20017,19359,17153,
L900222,2026-01-01,18717,18384,17499,
L900222,2026-01-02,24290,23795,22015,
L900222,2026-01-03,21333,21095,19401,
L900222,2026-01-04,23823,23085,21159,
L900222,2026-01-05,18128,17403,16036,
L900222,2026-01-06,20196,19399,17975,
L900222,2026-01-07,18196,17523,16061,
L900222,2026-01-08,18928,18398,16742,
L900222,2026-01-09,18469,18058,17026,
L900222,2026-01-10,23261,23011,20593,
L900222,2026-01-11,25641,25102,23554,
L900222,2026-01-12,17410,16763,15467,
L900222,2026-01-13,18336,18003,16986,
L900222,2026-01-14,18994,18514,17191,
L900222,2026-01-15,19280,18849,16971,
L900222,2026-01-16,21777,21376,20162,
L900222,2026-01-17,22281,21928,20477,
L900223,2025-11-18,65309,64055,49395,
L900223,2025-11-19,80196,79331,58504,
L900223,2025-11-20,61989,59740,43025,
L900223,2025-11-21,53505,51925,39720,
L900223,2025-11-22,76481,74154,56172,
L900223,2025-11-23,85485,82937,59580,
L900223,2025-11-24,60177,57845,44823,
L900223,2025-11-25,64654,63450,46115,
L900223,2025-11-26,59582,58091,42822,
L900223,2025-11-27,72862,70566,53186,
L900223,2025-11-28,65964,64738,49962,
L900223,2025-11-29,87496,85052,63506,
L900223,2025-11-30,96187,92693,68134,
L900223,2025-12-01,70730,67954,49751,
L900223,2025-12-02,69715,68199,50128,
L900223,2025-12-03,67419,65507,51606,
L900223,2025-12-04,69970,67211,50377,
L900223,2025-12-05,60989,59391,44172,
L900223,2025-12-06,72360,70802,53649,
L900223,2025-12-07,84134,80847,59536,
L900223,2025-12-08,73672,72595,55931,
L900223,2025-12-09,65797,64661,48580,
L900223,2025-12-10,61958,60294,44289,
L900223,2025-12-11,59412,57098,41706,
L900223,2025-12-12,64476,62638,44272,
L900223,2025-12-13,82339,80460,61185,
L900223,2025-12-14,78657,77035,52850,
L900223,2025-12-15,63703,62253,44332,
L900223,2025-12-16,61848,60281,46358,
L900223,2025-12-17,52356,50941,36864,
L900223,2025-12-18,69334,67803,49222,
L900223,2025-12-19,60970,60258,47040,
L900223,2025-12-20,81090,78606,59637,
L900223,2025-12-21,81822,80218,59620,
L900223,2025-12-22,71594,69584,54143,
L900223,2025-12-23,56262,55199,40808,
L900223,2025-12-24,64794,62415,45651,
L900223,2025-12-25,70122,68996,51411,
L900223,2025-12-26,75034,73334,55880,
L900223,2025-12-27,87300,85852,61471,
L900223,2025-12-28,73632,72154,52349,
L900223,2025-12-29,71901,70687,50941,
L900223,2025-12-30,60140,59400,42623,
L900223,2025-12-31,79339,77175,56889,
L900223,2026-01-01,67775,65880,47248,
L900223,2026-01-02,70009,67733,47719,
L900223,2026-01-03,72543,71813,52091,
L900223,2026-01-04,80085,78781,57048,
L900223,2026-01-05,72946,71093,53324,
L900223,2026-01-06,61432,59417,45154,
L900223,2026-01-07,62973,62115,45231,
L900223,2026-01-08,69679,68554,47366,
L900223,2026-01-09,68841,67539,49015,
L900223,2026-01-10,74208,72562,56537,
L900223,2026-01-11,75362,72450,54998,
L900223,2026-01-12,66471,63927,47795,
L900223,2026-01-13,63716,61412,45073,
L900223,2026-01-14,72967,71217,54025,
L900223,2026-01-15,62420,60324,43377,
L900223,2026-01-16,61979,60948,46297,
L900223,2026-01-17,86129,85182,63980,
L900224,2025-10-10,146052,141723,108569,
L900224,2025-10-11,169059,162836,126946,
L900224,2025-10-12,149123,144025,108551,
L900224,2025-10-13,126503,121470,92459,
L900224,2025-10-14,144499,139898,108564,
L900224,2025-10-15,143252,137724,100802,
L900224,2025-10-16,132334,128898,94739,
L900224,2025-10-17,132117,130230,99878,
L900224,2025-10-18,183761,177320,125909,
L900224,2025-10-19,167256,163753,121381,
L900224,2025-10-20,129136,127750,95654,
L900224,2025-10-21,153843,148735,112716,
L900224,2025-10-22,152589,148340,107640,
L900224,2025-10-23,138147,135407,98127,
L900224,2025-10-24,140384,135716,101324,
L900224,2025-10-25,179548,174950,134058,
L900224,2025-10-26,175935,172971,125022,
L900224,2025-10-27,122845,120023,90065,
L900224,2025-10-28,154280,150152,111038,
L900224,2025-10-29,120914,119052,93062,
L900224,2025-10-30,143138,137681,102355,
L900224,2025-10-31,124874,122480,90674,
L900224,2025-11-01,175907,171615,128721,
L900224,2025-11-02,157675,151473,111917,
L900224,2025-11-03,130957,128482,99352,
L900224,2025-11-04,147606,145484,106132,
L900224,2025-11-05,124869,123213,91862,
L900224,2025-11-06,132314,127065,92965,
L900224,2025-11-07,125235,120419,86674,
L900224,2025-11-08,168914,164469,120829,
L900224,2025-11-09,200047,196371,147648,
L900225,2025-10-10,137733,137733,92375,397201.5
L900225,2025-10-11,159346,159346,98084,368194.5
L900225,2025-10-12,138593,138593,93143,325106.6
L900225,2025-10-13,154013,154013,85289,314763.9
L900225,2025-10-14,131609,131609,89161,270333.4
L900225,2025-10-15,96648,96648,67532,230129.8
L900225,2025-10-16,101953,101953,69790,250725.4
L900225,2025-10-17,99695,99695,63674,216356.4
L900225,2025-10-18,105140,105140,70103,199306.9
L900225,2025-10-19,84842,84842,57943,255338.5
L900225,2025-10-20,90668,90668,56981,217678.4
L900225,2025-10-21,72865,72865,46450,140181.0
L900225,2025-10-22,79253,79253,45090,156904.4
L900225,2025-10-23,77352,77352,44819,226113.4
L900225,2025-10-24,80515,80515,45195,215560.6
L900225,2025-10-25,67782,67782,38971,204256.5
L900225,2025-10-26,57216,57216,38378,109605.9
L900225,2025-10-27,67436,67436,38184,167573.4
L900225,2025-10-28,54247,54247,35059,140752.1
L900225,2025-10-29,56067,56067,39065,167083.2
L900225,2025-10-30,46006,46006,30893,138533.5
L900225,2025-10-31,46575,46575,28371,133274.9
L900225,2025-11-01,39985,39985,23901,125923.4
L900225,2025-11-02,42256,42256,27228,92202.1
L900225,2025-11-03,41652,41652,28623,115796.4
L900225,2025-11-04,34511,34511,19917,95285.5
L900225,2025-11-05,32309,32309,19306,71111.3
L900225,2025-11-06,33351,33351,18725,84347.4
L900225,2025-11-07,27824,27824,18630,76865.1
L900225,2025-11-08,24225,24225,15742,69533.5
L900225,2025-11-09,27847,27847,18224,53451.2
L900228,2026-01-07,5374,5241,5033,
L900228,2026-01-08,5717,5491,5198,
L900228,2026-01-09,4942,4794,4493,
L900228,2026-01-10,6881,6617,6304,
L900228,2026-01-11,6284,6136,5732,
L900228,2026-01-12,5698,5580,5276,
L900228,2026-01-13,5757,5619,5436,
L900228,2026-01-14,5294,5191,5030,
L900228,2026-01-15,5490,5306,5069,
L900228,2026-01-16,4479,4412,4105,
L900228,2026-01-17,6091,5979,5641,
L900228,2026-01-18,6633,6469,6165,
L900228,2026-01-19,5554,5461,5113,
L900228,2026-01-20,5730,5593,5515,
L900228,2026-01-21,5276,5207,4877,
L900228,2026-01-22,5132,5059,4814,
L900228,2026-01-23,5201,5139,4704,
L900228,2026-01-24,5807,5620,5453,
L900228,2026-01-25,7247,7102,6974,
L900228,2026-01-26,5528,5334,4961,
L900228,2026-01-27,5240,5179,4765,
L900228,2026-01-28,4765,4611,4403,
L900228,2026-01-29,5664,5526,5466,
L900228,2026-01-30,5394,5210,4808,
L900228,2026-01-31,6509,6311,5959,
L900228,2026-02-01,6315,6247,5977,
L900228,2026-02-02,4902,4838,4608,
L900228,2026-02-03,5713,5503,5384,
L900228,2026-02-04,5565,5416,5258,
L900229,2026-01-07,19957,19957,12597,61387.4
L900229,2026-01-08,21997,21997,12136,39644.5
L900229,2026-01-09,15752,15752,9801,45504.3
L900229,2026-01-10,16499,16499,11351,40524.8
L900229,2026-01-11,18018,18018,11215,50905.2
L900229,2026-01-12,14926,14926,8232,35680.6
L900229,2026-01-13,13950,13950,9064,33615.1
L900229,2026-01-14,13165,13165,9158,28069.5
L900229,2026-01-15,12886,12886,7986,25799.5
L900229,2026-01-16,13297,13297,8517,23982.7
L900229,2026-01-17,12340,12340,7566,30552.5
L900229,2026-01-18,10650,10650,7196,28660.3
L900229,2026-01-19,11113,11113,6421,21462.9
L900229,2026-01-20,9758,9758,5582,21416.0
L900229,2026-01-21,9649,9649,6064,24340.6
L900229,2026-01-22,7508,7508,4761,20417.8
L900229,2026-01-23,9251,9251,5230,21702.0
L900229,2026-01-24,7585,7585,4825,14127.8
L900229,2026-01-25,5069,5069,3461,13888.1
L900229,2026-01-26,7675,7675,4666,17010.3
L900229,2026-01-27,6202,6202,3716,14642.0
L900229,2026-01-28,5607,5607,3600,13760.6
L900229,2026-01-29,5165,5165,2925,13728.7
L900229,2026-01-30,5406,5406,3298,12174.6
L900229,2026-01-31,4443,4443,3047,12679.5
L900229,2026-02-01,4327,4327,2775,7912.4
L900229,2026-02-02,4086,4086,2728,8785.9
L900229,2026-02-03,3954,3954,2647,7300.9
L900229,2026-02-04,3638,3638,2308,10162.8
L900230,2026-01-07,502,489,365,
L900230,2026-01-08,515,494,364,
L900230,2026-01-09,451,436,338,
L900230,2026-01-10,639,619,478,
L900230,2026-01-11,644,631,461,
L900230,2026-01-12,399,384,274,
L900230,2026-01-13,516,510,376,
L900230,2026-01-14,474,461,318,
L900230,2026-01-15,490,471,338,
L900230,2026-01-16,462,451,341,
L900230,2026-01-17,545,535,385,
L900230,2026-01-18,603,585,443,
L900230,2026-01-19,475,464,356,
L900230,2026-01-20,441,425,302,
L900230,2026-01-21,430,425,300,
L900230,2026-01-22,504,485,349,
L900230,2026-01-23,436,423,316,
L900230,2026-01-24,634,626,476,
L900230,2026-01-25,636,619,446,
L900230,2026-01-26,502,484,362,
L900230,2026-01-27,472,466,346,
L900230,2026-01-28,442,436,317,
L900230,2026-01-29,506,486,374,
L900230,2026-01-30,536,518,390,
L900230,2026-01-31,598,590,435,
L900230,2026-02-01,526,516,373,
L900230,2026-02-02,459,451,338,
L900230,2026-02-03,528,512,386,
L900230,2026-02-04,537,518,384,
L900234,2025-02-19,129649,124902,70632,
L900234,2025-02-20,137019,133886,76692,
L900234,2025-02-21,129143,127577,75764,
L900234,2025-02-22,148231,142413,85345,
L900234,2025-02-23,140585,137946,80854,
L900234,2025-02-24,129222,125818,75056,
L900234,2025-02-25,115857,113977,62617,
L900234,2025-02-26,137979,134589,77009,
L900234,2025-02-27,129223,124602,70625,
L900234,2025-02-28,139674,137619,80642,
L900234,2025-03-01,160606,157089,87436,
L900234,2025-03-02,163895,158317,88682,
L900234,2025-03-03,123311,122054,67458,
L900234,2025-03-04,128539,125499,75461,
L900234,2025-03-05,132529,130233,74384,
L900234,2025-03-06,131305,129312,75268,
L900234,2025-03-07,130857,126376,73746,
L900234,2025-03-08,144463,142321,82849,
L900234,2025-03-09,135446,132623,78448,
L900234,2025-03-10,118685,113952,68775,
L900234,2025-03-11,104705,101654,62363,
L900234,2025-03-12,113099,109387,60819,
L900234,2025-03-13,133283,131164,77698,
L900234,2025-03-14,127218,125378,74957,
L900234,2025-03-15,147531,143754,82228,
L900234,2025-03-16,153765,149173,84914,
L900234,2025-03-17,110027,106463,61696,
L900234,2025-03-18,128971,126032,75816,
L900234,2025-03-19,116777,114808,65120,
L900234,2025-03-20,142701,140015,82029,
L900234,2025-03-21,135890,130952,77139,
L900234,2025-03-22,163345,161104,99307,
L900234,2025-03-23,158727,155875,87254,
L900234,2025-03-24,136821,132597,75403,
L900234,2025-03-25,129024,127375,74820,
L900234,2025-03-26,121615,119542,68114,
L900234,2025-03-27,135124,130329,74160,
L900234,2025-03-28,140305,136978,76745,
L900234,2025-03-29,145099,140119,86610,
L900234,2025-03-30,138283,135121,78297,
L900234,2025-03-31,149449,145119,84086,
L900234,2025-04-01,144193,142541,84533,
L900234,2025-04-02,130094,127165,73423,
L900235,2025-02-19,92627,92627,57644,241706.8
L900235,2025-02-20,92201,92201,63596,209704.2
L900235,2025-02-21,86827,86827,57631,229575.6
L900235,2025-02-22,99626,99626,56288,308893.0
L900235,2025-02-23,77380,77380,43504,191926.0
L900235,2025-02-24,75348,75348,41744,139071.4
L900235,2025-02-25,74531,74531,45584,181308.7
L900235,2025-02-26,66264,66264,37011,172444.2
L900235,2025-02-27,58696,58696,32931,126496.3
L900235,2025-02-28,55305,55305,38156,129125.1
L900235,2025-03-01,50669,50669,30375,159528.7
L900235,2025-03-02,51649,51649,30369,151476.8
L900235,2025-03-03,45779,45779,30402,122856.0
L900235,2025-03-04,46601,46601,29758,97506.4
L900235,2025-03-05,37138,37138,22922,95892.6
L900235,2025-03-06,39472,39472,22392,101849.3
L900235,2025-03-07,42321,42321,28126,100097.5
L900235,2025-03-08,33727,33727,20901,92213.8
L900235,2025-03-09,38481,38481,26115,69771.7
L900235,2025-03-10,31101,31101,18410,69486.8
L900235,2025-03-11,28655,28655,19808,77898.0
L900235,2025-03-12,27456,27456,18043,71988.8
L900235,2025-03-13,24763,24763,16279,68020.3
L900235,2025-03-14,19303,19303,12551,41046.8
L900235,2025-03-15,24664,24664,13861,70726.0
L900235,2025-03-16,26030,26030,17285,48479.6
L900235,2025-03-17,21072,21072,12303,45723.6
L900235,2025-03-18,19960,19960,13346,56841.8
L900235,2025-03-19,17506,17506,11525,42568.7
L900235,2025-03-20,18738,18738,12870,59532.2
L900235,2025-03-21,15753,15753,10781,34178.3
L900235,2025-03-22,15292,15292,10402,30015.7
L900235,2025-03-23,11831,11831,6507,30287.2
L900235,2025-03-24,12511,12511,8564,37561.8
L900235,2025-03-25,12898,12898,8228,35872.9
L900235,2025-03-26,12779,12779,8913,35979.4
L900235,2025-03-27,12066,12066,7029,23696.4
L900235,2025-03-28,8750,8750,4934,19969.4
L900235,2025-03-29,8340,8340,4611,18992.4
L900235,2025-03-30,9755,9755,5788,24164.2
L900235,2025-03-31,8031,8031,4965,23219.5
L900235,2025-04-01,8905,8905,5677,27739.2
L900235,2025-04-02,6443,6443,4333,18075.0
L900236,2025-05-18,698276,680343,401136,
L900236,2025-05-19,530705,522722,282617,
L900236,2025-05-20,586346,564742,333496,
L900236,2025-05-21,625039,600997,344268,
L900236,2025-05-22,614314,607311,358140,
L900236,2025-05-23,639613,625083,361855,
L900236,2025-05-24,603292,586258,339236,
L900236,2025-05-25,705148,695581,410645,
L900236,2025-05-26,507498,492710,282696,
L900236,2025-05-27,618591,606348,350419,
L900236,2025-05-28,564273,547645,338513,
L900236,2025-05-29,528908,513169,310294,
L900236,2025-05-30,625678,603463,347290,
L900236,2025-05-31,698351,682259,395212,
L900236,2025-06-01,710386,691686,392953,
L900236,2025-06-02,558609,539053,308821,
L900236,2025-06-03,563461,552469,316998,
L900236,2025-06-04,474729,458731,266959,
L900236,2025-06-05,554013,540277,293188,
L900236,2025-06-06,562223,544260,311524,
L900236,2025-06-07,771627,763655,434684,
L900236,2025-06-08,737600,708643,430611,
L900236,2025-06-09,549358,530732,307320,
L900236,2025-06-10,658414,632283,369619,
L900236,2025-06-11,595716,580956,332222,
L900236,2025-06-12,610213,603317,349445,
L900236,2025-06-13,493643,479528,274719,
L900236,2025-06-14,633917,624882,363834,
L900236,2025-06-15,648836,637318,375738,
L900237,2025-05-18,260268,249946,182497,
L900237,2025-05-19,250709,243943,186118,
L900237,2025-05-20,221607,217553,156214,
L900237,2025-05-21,276131,271124,200578,
L900237,2025-05-22,240599,232288,168458,
L900237,2025-05-23,242963,239553,185486,
L900237,2025-05-24,295019,288970,219992,
L900237,2025-05-25,289806,285715,205567,
L900237,2025-05-26,225796,217222,155888,
L900237,2025-05-27,243012,237078,181240,
L900237,2025-05-28,241928,239011,175396,
L900237,2025-05-29,223762,220059,164408,
L900237,2025-05-30,215193,209660,150392,
L900237,2025-05-31,309957,303368,222807,
L900237,2025-06-01,282255,278266,204975,
L900237,2025-06-02,252721,249307,185312,
L900237,2025-06-03,224652,221666,160898,
L900237,2025-06-04,235123,228814,170705,
L900237,2025-06-05,238172,231321,170601,
L900237,2025-06-06,239735,230439,170357,
L900237,2025-06-07,271085,265562,202395,
L900237,2025-06-08,277979,271609,201692,
L900237,2025-06-09,199482,196847,144819,
L900237,2025-06-10,217840,211781,152571,
L900237,2025-06-11,285134,276947,206322,
L900237,2025-06-12,262278,255697,193589,
L900237,2025-06-13,257639,251887,185393,
L900237,2025-06-14,326293,321848,243617,
L900237,2025-06-15,290092,285519,212787,
L900238,2026-08-07,19426,18689,17738,
L900238,2026-08-08,24133,23736,23375,
L900238,2026-08-09,21160,20348,19795,
L900238,2026-08-10,18775,18270,17820,
L900238,2026-08-11,18829,18210,17449,
L900238,2026-08-12,19099,18539,16970,
L900238,2026-08-13,22036,21240,19777,
L900238,2026-08-14,19475,19044,17690,
L900238,2026-08-15,20913,20184,19092,
L900238,2026-08-16,22306,21855,20251,
L900238,2026-08-17,19290,18537,17060,
L900238,2026-08-18,19539,19073,18070,
L900238,2026-08-19,15506,15304,14378,
L900238,2026-08-20,20070,19818,18405,
L900238,2026-08-21,20137,19505,18698,
L900238,2026-08-22,21511,20756,19713,
L900238,2026-08-23,24963,24108,22480,
L900238,2026-08-24,19026,18802,18294,
L900238,2026-08-25,18018,17428,16716,
L900238,2026-08-26,17675,17385,16459,
L900238,2026-08-27,20036,19364,17464,
L900238,2026-08-28,18518,18104,17354,
L900238,2026-08-29,23841,23051,21657,
L900238,2026-08-30,21348,20673,19899,
L900238,2026-08-31,18846,18104,17396,
L900238,2026-09-01,19933,19375,18232,
L900238,2026-09-02,21005,20611,19335,
L900238,2026-09-03,21187,20357,19877,
L900238,2026-09-04,20970,20664,19556,
L900238,2026-09-05,28190,27863,26554,
L900238,2026-09-06,23869,23319,22142,
L900238,2026-09-07,17597,17407,16987,
L900238,2026-09-08,18459,18112,17539,
L900238,2026-09-09,21140,20725,19938,
L900238,2026-09-10,18274,17544,16547,
L900238,2026-09-11,15202,14873,14094,
L900238,2026-09-12,24922,24414,23077,
L900238,2026-09-13,22312,21547,20341,
L900238,2026-09-14,21226,20655,19599,
L900238,2026-09-15,22220,21917,20570,
L900238,2026-09-16,19681,19084,17964,
L900238,2026-09-17,22556,21748,20738,
L900238,2026-09-18,22638,21939,20657,
L900238,2026-09-19,26280,25336,24128,
L900239,2026-08-07,639,622,582,
L900239,2026-08-08,784,772,721,
L900239,2026-08-09,753,723,671,
L900239,2026-08-10,770,748,703,
L900239,2026-08-11,638,630,561,
L900239,2026-08-12,736,712,684,
L900239,2026-08-13,653,644,625,
L900239,2026-08-14,708,691,615,
L900239,2026-08-15,750,726,686,
L900239,2026-08-16,866,843,808,
L900239,2026-08-17,640,632,589,
L900239,2026-08-18,708,684,634,
L900239,2026-08-19,686,660,609,
L900239,2026-08-20,718,701,656,
L900239,2026-08-21,722,709,676,
L900239,2026-08-22,775,762,681,
L900239,2026-08-23,927,911,830,
L900239,2026-08-24,687,664,609,
L900239,2026-08-25,672,652,587,
L900239,2026-08-26,676,668,629,
L900239,2026-08-27,708,698,656,
L900239,2026-08-28,680,663,628,
L900239,2026-08-29,822,789,700,
L900239,2026-08-30,879,850,803,
L900239,2026-08-31,676,657,626,
L900239,2026-09-01,660,648,611,
L900239,2026-09-02,807,782,727,
L900239,2026-09-03,695,669,620,
L900239,2026-09-04,800,775,726,
L900239,2026-09-05,1004,964,901,
L900239,2026-09-06,812,793,728,
L900239,2026-09-07,712,704,625,
L900239,2026-09-08,681,662,609,
L900239,2026-09-09,722,704,682,
L900239,2026-09-10,711,703,626,
L900239,2026-09-11,656,640,598,
L900239,2026-09-12,864,830,798,
L900239,2026-09-13,923,891,845,
L900239,2026-09-14,696,672,639,
L900239,2026-09-15,657,642,609,
L900239,2026-09-16,692,667,600,
L900239,2026-09-17,742,715,684,
L900239,2026-09-18,685,675,648,
L900239,2026-09-19,744,734,665,
L900240,2026-01-29,6845,6755,4908,
L900240,2026-01-30,7130,6977,5089,
L900240,2026-01-31,8295,8141,6069,
L900240,2026-02-01,8084,7839,5784,
L900240,2026-02-02,6690,6502,4654,
L900240,2026-02-03,7486,7279,5635,
L900240,2026-02-04,7655,7396,5522,
L900240,2026-02-05,6693,6544,4805,
L900240,2026-02-06,7651,7477,5191,
L900240,2026-02-07,8292,7993,6032,
L900240,2026-02-08,7762,7640,5718,
L900240,2026-02-09,7267,7099,5046,
L900240,2026-02-10,7104,6985,5082,
L900240,2026-02-11,7289,7032,5297,
L900240,2026-02-12,7280,7182,5325,
L900240,2026-02-13,7218,7036,5041,
L900240,2026-02-14,8519,8389,6074,
L900240,2026-02-15,9245,9069,6834,
L900240,2026-02-16,7439,7197,5572,
L900240,2026-02-17,6868,6625,4829,
L900240,2026-02-18,6855,6644,4703,
L900240,2026-02-19,6195,6014,4525,
L900240,2026-02-20,6267,6093,4377,
L900240,2026-02-21,8470,8277,6056,
L900240,2026-02-22,9145,8810,6530,
L900240,2026-02-23,6604,6521,4952,
L900240,2026-02-24,7466,7296,5193,
L900240,2026-02-25,7197,6975,5061,
L900240,2026-02-26,6636,6393,4969,
L900240,2026-02-27,7125,6841,5032,
L900240,2026-02-28,8598,8304,6290,
L900240,2026-03-01,8061,7782,5676,
L900240,2026-03-02,7425,7252,5146,
L900240,2026-03-03,7614,7310,5174,
L900240,2026-03-04,6916,6640,4701,
L900240,2026-03-05,6458,6262,4796,
L900240,2026-03-06,7644,7499,5721,
L900240,2026-03-07,7550,7288,5239,
L900240,2026-03-08,8772,8549,6448,
L900240,2026-03-09,6603,6405,4665,
L900240,2026-03-10,6416,6174,4773,
L900240,2026-03-11,6787,6706,4966,
L900240,2026-03-12,7102,6849,5219,
L900240,2026-03-13,6517,6287,4799,
L900240,2026-03-14,7666,7521,5740,
L900240,2026-03-15,7368,7239,5341,
L900240,2026-03-16,7972,7672,5784,
L900240,2026-03-17,7292,7194,5172,
L900240,2026-03-18,6640,6446,4943,
L900240,2026-03-19,7321,7108,5386,
L900240,2026-03-20,7096,6869,5044,
L900240,2026-03-21,9064,8809,6564,
L900240,2026-03-22,8424,8220,5850,
L900240,2026-03-23,7593,7430,5563,
L900240,2026-03-24,6712,6576,5021,
L900240,2026-03-25,7192,7054,5257,
L900240,2026-03-26,7553,7263,5471,
L900240,2026-03-27,7220,7123,5244,
L900240,2026-03-28,9895,9619,6976,
L900240,2026-03-29,9050,8723,6440,
L900240,2026-03-30,7311,7120,5444,
L900240,2026-03-31,6879,6738,5067,
L900240,2026-04-01,7204,6919,5031,
L900240,2026-04-02,7765,7477,5639,
L900240,2026-04-03,6809,6571,5007,
L900240,2026-04-04,7972,7815,5778,
L900240,2026-04-05,8247,8058,6084,
L900240,2026-04-06,6784,6564,4956,
L900240,2026-04-07,7390,7132,5224,
L900240,2026-04-08,8087,7775,5637,
L900240,2026-04-09,6259,6171,4672,
L900240,2026-04-10,5841,5677,4370,
L900240,2026-04-11,8609,8388,5967,
L900240,2026-04-12,7892,7791,5510,
L900240,2026-04-13,7271,7054,5032,
L900240,2026-04-14,7338,7206,5288,
L900240,2026-04-15,6786,6704,5029,
L900240,2026-04-16,7407,7289,5560,
L900240,2026-04-17,6697,6469,4783,
L900240,2026-04-18,8106,7921,5887,
L900240,2026-04-19,8008,7777,5689,
L900240,2026-04-20,6818,6740,5027,
L900240,2026-04-21,7056,6803,5103,
L900240,2026-04-22,6994,6764,4926,
L900240,2026-04-23,7163,6995,5047,
L900240,2026-04-24,7376,7169,5264,
L900240,2026-04-25,8680,8516,6339,
L900240,2026-04-26,9634,9251,6916,
L900240,2026-04-27,7096,6822,4953,
L900240,2026-04-28,7507,7226,5308,
L900240,2026-04-29,6194,5994,4412,
L900241,2026-01-29,31549,31549,19459,83042.8
L900241,2026-01-30,31978,31978,18686,75527.9
L900241,2026-01-31,30258,30258,16984,85876.4
L900241,2026-02-01,28541,28541,17973,71359.2
L900241,2026-02-02,30367,30367,17156,81625.7
L900241,2026-02-03,22117,22117,12187,51111.8
L900241,2026-02-04,28849,28849,18992,74767.8
L900241,2026-02-05,22503,22503,14052,71417.8
L900241,2026-02-06,22496,22496,15664,61572.3
L900241,2026-02-07,20280,20280,11238,40170.2
L900241,2026-02-08,15603,15603,8753,30940.3
L900241,2026-02-09,15883,15883,9019,41094.0
L900241,2026-02-10,15848,15848,10023,44520.5
L900241,2026-02-11,17317,17317,9852,36670.2
L900241,2026-02-12,12780,12780,7315,33114.8
L900241,2026-02-13,12775,12775,8639,37863.5
L900241,2026-02-14,13373,13373,8509,40003.9
L900241,2026-02-15,12976,12976,8604,33993.1
L900241,2026-02-16,12185,12185,7625,32055.6
L900241,2026-02-17,9908,9908,5602,25262.8
L900241,2026-02-18,8695,8695,6005,26710.8
L900241,2026-02-19,10272,10272,7058,30146.0
L900241,2026-02-20,10494,10494,5893,31264.2
L900241,2026-02-21,8346,8346,5594,22570.0
L900241,2026-02-22,7209,7209,4055,19047.3
L900241,2026-02-23,7337,7337,5106,22492.7
L900241,2026-02-24,7505,7505,4653,22235.0
L900241,2026-02-25,6641,6641,4110,18424.7
L900241,2026-02-26,7305,7305,4139,21245.9
L900241,2026-02-27,6589,6589,3930,13553.1
L900241,2026-02-28,5784,5784,3668,14198.8
L900241,2026-03-01,4303,4303,2520,10227.6
L900241,2026-03-02,4688,4688,2849,10708.1
L900241,2026-03-03,4484,4484,2519,13882.2
L900241,2026-03-04,4134,4134,2421,7846.9
L900241,2026-03-05,4288,4288,2551,11170.9
L900241,2026-03-06,4046,4046,2818,11767.5
L900241,2026-03-07,3107,3107,1927,7548.0
L900241,2026-03-08,3797,3797,2521,10267.4
L900241,2026-03-09,3315,3315,2175,8106.9
L900241,2026-03-10,3228,3228,1858,9206.6
L900241,2026-03-11,3154,3154,1875,8482.7
L900241,2026-03-12,2552,2552,1479,7749.6
L900241,2026-03-13,2931,2931,1990,7830.7
L900241,2026-03-14,2417,2417,1497,6027.0
L900241,2026-03-15,2658,2658,1702,8010.7
L900241,2026-03-16,1980,1980,1196,3869.8
L900241,2026-03-17,2342,2342,1605,6683.5
L900241,2026-03-18,1754,1754,1188,3704.3
L900241,2026-03-19,2279,2279,1430,6260.2
L900241,2026-03-20,1547,1547,860,3124.0
L900241,2026-03-21,1781,1781,1224,3322.7
L900241,2026-03-22,1462,1462,980,3184.7
L900241,2026-03-23,1531,1531,964,2796.0
L900241,2026-03-24,1340,1340,796,2961.7
L900241,2026-03-25,1129,1129,719,2694.1
L900241,2026-03-26,859,859,478,1583.0
L900241,2026-03-27,1405,1405,783,3093.7
L900241,2026-03-28,1066,1066,682,2544.0
L900241,2026-03-29,703,703,424,1489.9
L900241,2026-03-30,967,967,592,2130.5
L900241,2026-03-31,945,945,543,2206.3
L900241,2026-04-01,773,773,515,2142.3
L900241,2026-04-02,728,728,415,1683.4
L900241,2026-04-03,737,737,471,2278.8
L900241,2026-04-04,779,779,454,2254.9
L900241,2026-04-05,661,661,386,1740.8
L900241,2026-04-06,707,707,397,2220.3
L900241,2026-04-07,646,646,444,1732.1
L900241,2026-04-08,534,534,298,1036.2
L900241,2026-04-09,434,434,260,1064.8
L900241,2026-04-10,474,474,268,1324.9
L900241,2026-04-11,481,481,318,989.9
L900241,2026-04-12,432,432,249,965.5
L900241,2026-04-13,431,431,241,1072.3
L900241,2026-04-14,414,414,281,989.3
L900241,2026-04-15,378,378,262,687.1
L900241,2026-04-16,329,329,181,622.5
L900241,2026-04-17,335,335,197,1033.7
L900241,2026-04-18,367,367,245,772.3
L900241,2026-04-19,240,240,143,609.2
L900241,2026-04-20,279,279,184,677.3
L900241,2026-04-21,296,296,176,598.2
L900241,2026-04-22,208,208,131,445.0
L900241,2026-04-23,244,244,163,699.4
L900241,2026-04-24,233,233,154,620.5
L900241,2026-04-25,168,168,109,516.8
L900241,2026-04-26,199,199,123,491.0
L900241,2026-04-27,170,170,117,539.9
L900241,2026-04-28,163,163,95,429.2
L900241,2026-04-29,150,150,100,304.9
L900242,2026-01-29,3947,3808,3506,
L900242,2026-01-30,3840,3721,3435,
L900242,2026-01-31,4405,4325,3981,
L900242,2026-02-01,4867,4706,4414,
L900242,2026-02-02,4366,4233,3957,
L900242,2026-02-03,3832,3683,3350,
L900242,2026-02-04,4077,3938,3653,
L900242,2026-02-05,3956,3869,3618,
L900242,2026-02-06,4148,3984,3726,
L900242,2026-02-07,4755,4570,4176,
L900242,2026-02-08,4585,4535,4294,
L900242,2026-02-09,3848,3700,3341,
L900242,2026-02-10,4352,4217,3842,
L900242,2026-02-11,3994,3888,3654,
L900242,2026-02-12,3984,3832,3373,
L900242,2026-02-13,4107,4046,3870,
L900242,2026-02-14,5125,4967,4408,
L900242,2026-02-15,5642,5440,4914,
L900242,2026-02-16,3639,3548,3355,
L900242,2026-02-17,4127,3992,3718,
L900242,2026-02-18,3801,3733,3571,
L900242,2026-02-19,3970,3849,3459,
L900242,2026-02-20,4375,4234,3956,
L900242,2026-02-21,5251,5188,4884,
L900242,2026-02-22,5744,5637,5207,
L900242,2026-02-23,3988,3862,3647,
L900242,2026-02-24,3886,3805,3599,
L900242,2026-02-25,3043,2932,2722,
L900242,2026-02-26,3950,3865,3583,
L900242,2026-02-27,3703,3621,3433,
L900242,2026-02-28,4627,4542,4242,
L900242,2026-03-01,4807,4722,4438,
L900242,2026-03-02,4439,4359,4070,
L900242,2026-03-03,4251,4137,3859,
L900242,2026-03-04,3821,3709,3438,
L900242,2026-03-05,3892,3837,3612,
L900242,2026-03-06,4017,3970,3629,
L900242,2026-03-07,4736,4578,4117,
L900242,2026-03-08,4750,4587,4266,
L900242,2026-03-09,4559,4507,4313,
L900242,2026-03-10,3653,3581,3344,
L900242,2026-03-11,4053,3939,3645,
L900242,2026-03-12,3930,3775,3484,
L900242,2026-03-13,4579,4439,4091,
L900242,2026-03-14,4953,4786,4208,
L900242,2026-03-15,5139,5053,4818,
L900242,2026-03-16,3647,3565,3278,
L900242,2026-03-17,4127,3984,3706,
L900242,2026-03-18,4131,4088,3778,
L900242,2026-03-19,4576,4440,4069,
L900242,2026-03-20,4840,4720,4506,
L900242,2026-03-21,5142,5022,4565,
L900242,2026-03-22,5172,4999,4709,
L900242,2026-03-23,3307,3220,2904,
L900242,2026-03-24,4097,3963,3675,
L900242,2026-03-25,3818,3756,3574,
L900242,2026-03-26,3701,3609,3323,
L900242,2026-03-27,3777,3726,3503,
L900242,2026-03-28,4158,4022,3700,
L900242,2026-03-29,4157,4107,3793,
L900242,2026-03-30,4213,4073,3848,
L900242,2026-03-31,3751,3639,3423,
L900242,2026-04-01,3924,3841,3676,
L900242,2026-04-02,3941,3882,3379,
L900242,2026-04-03,4268,4123,3796,
L900242,2026-04-04,4715,4551,4263,
L900242,2026-04-05,4272,4130,3847,
L900242,2026-04-06,4153,4025,3772,
L900242,2026-04-07,3792,3736,3548,
L900242,2026-04-08,3665,3535,3243,
L900242,2026-04-09,3939,3871,3622,
L900242,2026-04-10,3879,3832,3657,
L900242,2026-04-11,4935,4740,4415,
L900242,2026-04-12,4922,4809,4542,
L900242,2026-04-13,4059,3942,3523,
L900242,2026-04-14,4330,4249,3961,
L900242,2026-04-15,4201,4090,3770,
L900242,2026-04-16,3401,3270,2892,
L900242,2026-04-17,3682,3560,3347,
L900242,2026-04-18,5322,5116,4788,
L900242,2026-04-19,4415,4359,3985,
L900242,2026-04-20,4416,4292,3879,
L900242,2026-04-21,4652,4483,4337,
L900242,2026-04-22,4663,4591,4304,
L900242,2026-04-23,3874,3757,3520,
L900242,2026-04-24,4272,4206,3856,
L900242,2026-04-25,4396,4284,3959,
L900242,2026-04-26,4523,4354,4157,
L900242,2026-04-27,3786,3742,3487,
L900242,2026-04-28,4296,4165,3980,
L900242,2026-04-29,4049,3991,3742,
L900243,2025-09-02,23763,23231,17777,
L900243,2025-09-03,18678,18472,14320,
L900243,2025-09-04,20734,20299,15262,
L900243,2025-09-05,22101,21679,16016,
L900243,2025-09-06,26150,25318,18232,
L900243,2025-09-07,27704,26722,19621,
L900243,2025-09-08,19664,19259,13852,
L900243,2025-09-09,19694,19312,14088,
L900243,2025-09-10,22817,22109,16046,
L900243,2025-09-11,23679,22973,16945,
L900243,2025-09-12,21456,20794,15394,
L900243,2025-09-13,29557,28444,20268,
L900243,2025-09-14,30113,29469,22372,
L900243,2025-09-15,21927,21294,16261,
L900243,2025-09-16,21398,20781,15496,
L900243,2025-09-17,21014,20228,15359,
L900243,2025-09-18,20722,20092,14847,
L900243,2025-09-19,23158,22586,17187,
L900243,2025-09-20,24843,24454,18464,
L900243,2025-09-21,24500,24211,16874,
L900243,2025-09-22,20650,20301,15361,
L900243,2025-09-23,21944,21115,15399,
L900243,2025-09-24,22062,21239,15726,
L900243,2025-09-25,23058,22308,15788,
L900243,2025-09-26,21785,21552,16002,
L900243,2025-09-27,23685,23429,16691,
L900243,2025-09-28,25814,25048,18539,
L900243,2025-09-29,21986,21120,15393,
L900243,2025-09-30,20915,20527,15027,
L900243,2025-10-01,22490,21741,16629,
L900243,2025-10-02,18063,17713,13328,
L900243,2025-10-03,21770,21298,15984,
L900243,2025-10-04,29111,28168,20418,
L900243,2025-10-05,28598,28107,20094,
L900243,2025-10-06,22189,21346,15692,
L900243,2025-10-07,22046,21635,15581,
L900243,2025-10-08,22733,22144,17089,
L900243,2025-10-09,20257,19649,14614,
L900243,2025-10-10,23469,22880,16795,
L900243,2025-10-11,29483,28972,21190,
L900243,2025-10-12,26342,25571,18414,
L900243,2025-10-13,22187,21931,16230,
L900243,2025-10-14,23082,22777,16565,
L900243,2025-10-15,20767,20180,15119,
L900243,2025-10-16,24420,24027,18082,
L900243,2025-10-17,25211,24333,18276,
L900243,2025-10-18,27694,27014,20357,
L900243,2025-10-19,29755,29144,22287,
L900243,2025-10-20,20059,19846,15003,
L900243,2025-10-21,22431,21809,16054,
L900243,2025-10-22,18850,18105,12840,
L900243,2025-10-23,21325,20973,14905,
L900243,2025-10-24,21361,20583,15525,
L900243,2025-10-25,25354,24652,18283,
L900243,2025-10-26,24313,23957,17871,
L900243,2025-10-27,22858,21994,15649,
L900243,2025-10-28,20644,20232,14458,
L900243,2025-10-29,22860,22313,16584,
L900243,2025-10-30,21878,21242,15664,
L900243,2025-10-31,22532,22271,16633,
L900243,2025-11-01,25535,24844,18068,
L900243,2025-11-02,26464,25656,18888,
L900243,2025-11-03,25586,24569,17992,
L900243,2025-11-04,22474,22100,16559,
L900243,2025-11-05,24426,23784,17214,
L900243,2025-11-06,24319,24031,17712,
L900243,2025-11-07,26360,25552,19093,
L900243,2025-11-08,23975,23223,17093,
L900243,2025-11-09,29432,28303,20990,
L900243,2025-11-10,21860,21383,16130,
L900243,2025-11-11,21359,20927,15397,
L900243,2025-11-12,20305,19797,15334,
L900243,2025-11-13,19817,19237,14300,
L900243,2025-11-14,22808,22341,16526,
L900243,2025-11-15,23922,23392,16842,
L900243,2025-11-16,27701,26975,19540,
L900243,2025-11-17,18324,17633,13184,
L900243,2025-11-18,20432,19731,14850,
L900243,2025-11-19,21611,20886,15351,
L900243,2025-11-20,22057,21812,15644,
L900243,2025-11-21,20514,19708,14481,
L900243,2025-11-22,24155,23865,18000,
L900243,2025-11-23,25935,24930,17725,
L900243,2025-11-24,20983,20625,15304,
L900243,2025-11-25,21181,20357,15226,
L900243,2025-11-26,22974,22085,17403,
L900243,2025-11-27,23987,23687,16753,
L900243,2025-11-28,21332,20968,15404,
L900243,2025-11-29,27813,27048,19510,
L900243,2025-11-30,25459,24513,17529,
L900243,2025-12-01,20907,20102,14648,
L900244,2025-09-02,18882,18249,17694,
L900244,2025-09-03,21651,20881,19231,
L900244,2025-09-04,20906,20590,18915,
L900244,2025-09-05,23103,22542,22142,
L900244,2025-09-06,25142,24556,22909,
L900244,2025-09-07,23913,23342,21963,
L900244,2025-09-08,20684,19985,19533,
L900244,2025-09-09,22457,21748,21082,
L900244,2025-09-10,21147,20918,19389,
L900244,2025-09-11,19577,19023,18094,
L900244,2025-09-12,18858,18168,17370,
L900244,2025-09-13,26881,26562,25523,
L900244,2025-09-14,26275,25661,23420,
L900244,2025-09-15,23088,22243,20433,
L900244,2025-09-16,20608,20381,19614,
L900244,2025-09-17,21461,20907,19327,
L900244,2025-09-18,19029,18573,17750,
L900244,2025-09-19,21715,21075,19554,
L900244,2025-09-20,26048,25418,23376,
L900244,2025-09-21,26516,26000,24240,
L900244,2025-09-22,20997,20744,19670,
L900244,2025-09-23,22800,22524,21506,
L900244,2025-09-24,19863,19095,18277,
L900244,2025-09-25,24438,23717,22882,
L900244,2025-09-26,20764,19955,18624,
L900244,2025-09-27,24009,23474,22619,
L900244,2025-09-28,23465,22761,21624,
L900244,2025-09-29,23262,22610,21547,
L900244,2025-09-30,19061,18616,18429,
L900244,2025-10-01,23804,23393,22457,
L900244,2025-10-02,22992,22334,21098,
L900244,2025-10-03,22072,21305,20059,
L900244,2025-10-04,22516,21638,21421,
L900244,2025-10-05,22413,21838,20876,
L900244,2025-10-06,21340,20586,19769,
L900244,2025-10-07,20713,20187,19145,
L900244,2025-10-08,21093,20770,19930,
L900244,2025-10-09,20859,20477,19425,
L900244,2025-10-10,18657,18461,18276,
L900244,2025-10-11,26337,25372,24209,
L900244,2025-10-12,23993,23514,21866,
L900244,2025-10-13,22298,21984,20814,
L900244,2025-10-14,21899,21316,19673,
L900244,2025-10-15,23444,22950,22216,
L900244,2025-10-16,20727,20182,19361,
L900244,2025-10-17,22099,21448,19802,
L900244,2025-10-18,28645,27742,26623,
L900244,2025-10-19,23832,23211,21541,
L900244,2025-10-20,22510,21760,20763,
L900244,2025-10-21,21668,21272,20219,
L900244,2025-10-22,19189,18871,18119,
L900244,2025-10-23,20533,20302,19278,
L900244,2025-10-24,24830,24002,23219,
L900244,2025-10-25,27127,26667,26400,
L900244,2025-10-26,26032,25462,24249,
L900244,2025-10-27,19729,19503,18351,
L900244,2025-10-28,17446,17020,16438,
L900244,2025-10-29,18748,18334,17748,
L900244,2025-10-30,20791,20351,19385,
L900244,2025-10-31,20792,20315,19862,
L900244,2025-11-01,27698,26675,25325,
L900244,2025-11-02,23438,22679,21964,
L900244,2025-11-03,19236,19030,17486,
L900244,2025-11-04,21694,21221,20677,
L900244,2025-11-05,20186,19502,18684,
L900244,2025-11-06,20169,19641,18942,
L900244,2025-11-07,22690,21836,20629,
L900244,2025-11-08,23178,22520,20737,
L900244,2025-11-09,27125,26254,24344,
L900244,2025-11-10,21483,20646,19934,
L900244,2025-11-11,20026,19486,18446,
L900244,2025-11-12,22530,21984,20529,
L900244,2025-11-13,19344,18989,17950,
L900244,2025-11-14,22995,22385,21986,
L900244,2025-11-15,25055,24104,22555,
L900244,2025-11-16,27405,26770,24537,
L900244,2025-11-17,21276,20911,19847,
L900244,2025-11-18,23022,22718,22215,
L900244,2025-11-19,19289,18566,17699,
L900244,2025-11-20,19910,19295,18217,
L900244,2025-11-21,21893,21300,20092,
L900244,2025-11-22,25646,24890,24122,
L900244,2025-11-23,28316,27699,26473,
L900244,2025-11-24,21059,20447,18971,
L900244,2025-11-25,23509,22852,21935,
L900244,2025-11-26,21090,20877,19868,
L900244,2025-11-27,21464,20765,20047,
L900244,2025-11-28,22357,21966,21575,
L900244,2025-11-29,25745,25104,24729,
L900244,2025-11-30,27392,27049,25664,
L900244,2025-12-01,18080,17712,16856,
L900245,2026-07-25,57968,57968,39986,105661.8
L900245,2026-07-26,59668,59668,33107,136597.1
L900245,2026-07-27,56655,56655,38255,129430.7
L900245,2026-07-28,57433,57433,34442,166981.3
L900245,2026-07-29,47514,47514,27844,116771.1
L900245,2026-07-30,42505,42505,26417,123793.4
L900245,2026-07-31,46341,46341,25615,96393.4
L900245,2026-08-01,38219,38219,23190,105580.7
L900245,2026-08-02,31747,31747,19751,83452.2
L900245,2026-08-03,43359,43359,24893,103279.3
L900245,2026-08-04,37684,37684,22824,96716.3
L900245,2026-08-05,38596,38596,25125,70154.5
L900245,2026-08-06,33261,33261,18809,72098.9
L900245,2026-08-07,30766,30766,17187,96467.1
L900245,2026-08-08,28131,28131,19503,62059.8
L900245,2026-08-09,25073,25073,14998,68235.1
L900245,2026-08-10,25293,25293,17692,56001.3
L900245,2026-08-11,21406,21406,14960,53733.2
L900245,2026-08-12,19058,19058,12609,35277.7
L900245,2026-08-13,19429,19429,12328,59953.3
L900245,2026-08-14,21371,21371,14456,55462.9
L900245,2026-08-15,15628,15628,9758,41938.3
L900245,2026-08-16,14744,14744,8633,37066.5
L900245,2026-08-17,16744,16744,9548,38988.6
L900245,2026-08-18,14270,14270,8686,25949.5
L900245,2026-08-19,14702,14702,9846,42352.3
L900245,2026-08-20,14512,14512,8523,30586.4
L900245,2026-08-21,13009,13009,8464,23917.0
L900245,2026-08-22,10971,10971,6988,24218.1
L900245,2026-08-23,12444,12444,7428,33115.0
L900245,2026-08-24,11158,11158,7172,23615.2
L900246,2025-10-24,137290,137290,89752,384332.0
L900246,2025-10-25,134420,134420,76075,428561.3
L900246,2025-10-26,118221,118221,75065,319355.7
L900246,2025-10-27,96176,96176,57428,209669.2
L900246,2025-10-28,116349,116349,77161,234285.6
L900246,2025-10-29,108967,108967,70052,301888.9
L900246,2025-10-30,73903,73903,44628,187020.2
L900246,2025-10-31,95017,95017,63639,191883.7
L900246,2025-11-01,100090,100090,60106,243546.8
L900246,2025-11-02,71137,71137,42617,168303.6
L900246,2025-11-03,74956,74956,41272,148289.4
L900246,2025-11-04,69818,69818,38791,147611.8
L900246,2025-11-05,78090,78090,54123,144820.6
L900246,2025-11-06,70140,70140,42598,172217.3
L900246,2025-11-07,54180,54180,36732,171524.7
L900246,2025-11-08,57852,57852,32704,133244.5
L900246,2025-11-09,64812,64812,42056,163722.9
L900246,2025-11-10,46513,46513,30721,137515.3
L900246,2025-11-11,46671,46671,26385,117761.0
L900246,2025-11-12,46262,46262,29809,133284.7
L900246,2025-11-13,38912,38912,24359,119518.3
L900246,2025-11-14,45908,45908,27568,109166.7
L900246,2025-11-15,35017,35017,21525,97819.7
L900246,2025-11-16,29806,29806,19974,89111.6
L900246,2025-11-17,30886,30886,17995,61090.2
L900246,2025-11-18,32704,32704,20573,72324.2
L900246,2025-11-19,26604,26604,15731,71533.9
L900246,2025-11-20,28051,28051,15569,72361.0
L900246,2025-11-21,27085,27085,18145,64538.1
L900246,2025-11-22,21229,21229,12715,52288.9
L900246,2025-11-23,21461,21461,13772,63541.3
L900246,2025-11-24,22166,22166,14885,66447.3
L900246,2025-11-25,21588,21588,12786,48013.9
L900246,2025-11-26,17973,17973,9925,36379.1
L900246,2025-11-27,18161,18161,12650,50337.1
L900246,2025-11-28,16370,16370,9369,41765.9
L900246,2025-11-29,17022,17022,11497,35200.6
L900246,2025-11-30,15719,15719,8811,47402.7
L900246,2025-12-01,13547,13547,7927,25841.4
L900246,2025-12-02,13887,13887,8402,29397.5
L900246,2025-12-03,11966,11966,6713,35536.7
L900246,2025-12-04,12292,12292,6963,31298.1
L900246,2025-12-05,11591,11591,7584,27034.4
L900246,2025-12-06,12897,12897,7829,33816.3
L900246,2025-12-07,9488,9488,5391,20579.5
L900246,2025-12-08,9116,9116,5179,26136.7
L900247,2025-10-24,60194,58995,43117,
L900247,2025-10-25,83656,81335,61387,
L900247,2025-10-26,81309,78991,57986,
L900247,2025-10-27,63026,60551,43697,
L900247,2025-10-28,62693,61039,43587,
L900247,2025-10-29,72744,71541,55568,
L900247,2025-10-30,55454,53389,39816,
L900247,2025-10-31,67047,65373,48649,
L900247,2025-11-01,75663,74528,56674,
L900247,2025-11-02,82038,79062,60141,
L900247,2025-11-03,61744,59463,42357,
L900247,2025-11-04,67899,66364,47831,
L900247,2025-11-05,71152,70012,48831,
L900247,2025-11-06,63156,60866,44291,
L900247,2025-11-07,63871,61920,46144,
L900247,2025-11-08,81948,81000,60976,
L900247,2025-11-09,84227,83274,61337,
L900247,2025-11-10,76685,75174,57714,
L900247,2025-11-11,63978,61693,45483,
L900247,2025-11-12,63868,61895,46252,
L900247,2025-11-13,60514,58976,42710,
L900247,2025-11-14,54239,52980,38782,
L900247,2025-11-15,86196,84478,62256,
L900247,2025-11-16,78819,76166,56786,
L900247,2025-11-17,60355,58055,42990,
L900247,2025-11-18,70290,67573,50418,
L900247,2025-11-19,70751,68476,52403,
L900247,2025-11-20,69094,66912,48560,
L900247,2025-11-21,63809,61635,47990,
L900247,2025-11-22,81426,78339,58254,
L900247,2025-11-23,73965,71236,52584,
L900247,2025-11-24,69376,68565,50758,
L900247,2025-11-25,62890,62260,45714,
L900247,2025-11-26,71872,70209,52892,
L900247,2025-11-27,68419,65894,49342,
L900247,2025-11-28,59406,57047,42525,
L900247,2025-11-29,86216,85310,62684,
L900247,2025-11-30,85641,84583,63513,
L900247,2025-12-01,69961,68626,50853,
L900247,2025-12-02,70270,67947,48290,
L900247,2025-12-03,65790,63779,48105,
L900247,2025-12-04,67171,64717,49308,
L900247,2025-12-05,64791,63897,46584,
L900247,2025-12-06,69014,67637,49682,
L900247,2025-12-07,82714,80173,60548,
L900247,2025-12-08,58271,56727,43311,
L900248,2026-07-27,15260,14911,13697,
L900248,2026-07-28,15923,15417,14366,
L900248,2026-07-29,16245,15618,15100,
L900248,2026-07-30,15899,15739,14455,
L900248,2026-07-31,15977,15523,15040,
L900248,2026-08-01,19633,18906,17940,
L900248,2026-08-02,16275,15946,14953,
L900248,2026-08-03,15079,14703,13473,
L900248,2026-08-04,15381,15008,13990,
L900248,2026-08-05,14639,14083,13150,
L900248,2026-08-06,15195,14677,13855,
L900248,2026-08-07,15690,15186,14237,
L900248,2026-08-08,20115,19797,18630,
L900248,2026-08-09,18644,18324,16276,
L900248,2026-08-10,16042,15587,14211,
L900248,2026-08-11,15303,14835,13906,
L900248,2026-08-12,17052,16433,15888,
L900248,2026-08-13,14273,14029,12677,
L900248,2026-08-14,15810,15394,14391,
L900248,2026-08-15,16860,16520,15358,
L900248,2026-08-16,19545,19040,17238,
L900248,2026-08-17,14183,13730,12592,
L900248,2026-08-18,15147,14565,13747,
L900248,2026-08-19,15006,14732,13717,
L900248,2026-08-20,18178,17465,15908,
L900248,2026-08-21,14604,14113,13316,
L900248,2026-08-22,20128,19922,18692,
L900248,2026-08-23,21353,20786,19462,
L900248,2026-08-24,12973,12554,11699,
L900248,2026-08-25,14705,14393,13783,
L900248,2026-08-26,16598,16239,14585,
L900249,2026-07-27,497605,492174,361014,
L900249,2026-07-28,459919,447728,343785,
L900249,2026-07-29,389827,381300,285558,
L900249,2026-07-30,503308,486643,359252,
L900249,2026-07-31,486813,476226,353389,
L900249,2026-08-01,525119,515268,372960,
L900249,2026-08-02,592170,575468,418529,
L900249,2026-08-03,406375,401941,298420,
L900249,2026-08-04,443826,434259,310937,
L900249,2026-08-05,465480,448103,338472,
L900249,2026-08-06,463570,456372,327983,
L900249,2026-08-07,480663,467269,355452,
L900249,2026-08-08,659451,639017,491299,
L900249,2026-08-09,515199,494657,374535,
L900249,2026-08-10,472322,458888,329003,
L900249,2026-08-11,473332,457581,356168,
L900249,2026-08-12,507102,493308,355049,
L900249,2026-08-13,463332,456044,341957,
L900249,2026-08-14,398772,387015,273267,
L900249,2026-08-15,567191,560503,416651,
L900249,2026-08-16,477843,468804,350552,
L900249,2026-08-17,503070,491346,361450,
L900249,2026-08-18,465038,451287,339109,
L900249,2026-08-19,479079,473216,334387,
L900249,2026-08-20,429311,417246,305458,
L900249,2026-08-21,430951,414845,319156,
L900249,2026-08-22,588698,579923,416271,
L900249,2026-08-23,550654,529969,404158,
L900249,2026-08-24,438896,434460,328899,
L900249,2026-08-25,514037,502767,384276,
L900249,2026-08-26,469503,459793,351751,
L900250,2025-12-07,246655,242610,180700,
L900250,2025-12-08,185552,179052,131202,
L900250,2025-12-09,176749,170876,128305,
L900250,2025-12-10,157330,151213,108999,
L900250,2025-12-11,167178,165160,125869,
L900250,2025-12-12,145057,139347,102105,
L900250,2025-12-13,227299,220122,157465,
L900250,2025-12-14,226378,219296,157332,
L900250,2025-12-15,157497,153659,113255,
L900250,2025-12-16,195432,190334,138410,
L900250,2025-12-17,146396,141859,100998,
L900250,2025-12-18,182630,178400,127182,
L900250,2025-12-19,186111,182993,135670,
L900250,2025-12-20,205209,200916,149872,
L900250,2025-12-21,192557,189570,140804,
L900250,2025-12-22,153737,150313,115286,
L900250,2025-12-23,155991,152132,113913,
L900250,2025-12-24,155890,152071,110910,
L900250,2025-12-25,164876,160592,128413,
L900250,2025-12-26,169762,167545,121230,
L900250,2025-12-27,198423,191953,136268,
L900250,2025-12-28,203060,199860,155295,
L900250,2025-12-29,174528,167679,127112,
L900250,2025-12-30,157587,151536,111520,
L900250,2025-12-31,172731,170444,123656,
L900250,2026-01-01,175398,172580,129833,
L900250,2026-01-02,177340,170267,125483,
L900250,2026-01-03,223695,215229,158160,
L900250,2026-01-04,199998,194915,149856,
L900250,2026-01-05,154908,153153,108116,
L900250,2026-01-06,158159,155920,116588,
L900250,2026-01-07,187411,183590,133431,
L900250,2026-01-08,194635,188678,139724,
L900250,2026-01-09,168388,166236,120188,
L900250,2026-01-10,237858,232593,171419,
L900250,2026-01-11,183816,180924,142776,
L900250,2026-01-12,175311,172589,130473,
L900250,2026-01-13,192823,190514,143321,
L900250,2026-01-14,183214,178326,132154,
L900250,2026-01-15,179935,173295,128119,
L900250,2026-01-16,169684,167638,124453,
L900250,2026-01-17,199208,191681,143777,
L900250,2026-01-18,214000,206124,155907,
L900250,2026-01-19,178655,175279,136717,
L900250,2026-01-20,184271,179239,131893,
L900250,2026-01-21,176119,169349,130103,
L900251,2025-12-07,164132,164132,91171,437005.1
L900251,2025-12-08,118692,118692,68311,229070.3
L900251,2025-12-09,132074,132074,78318,253659.1
L900251,2025-12-10,114185,114185,79445,262550.3
L900251,2025-12-11,106917,106917,72423,255748.0
L900251,2025-12-12,88020,88020,52098,187069.5
L900251,2025-12-13,103962,103962,67558,262667.9
L900251,2025-12-14,78197,78197,50791,220717.0
L900251,2025-12-15,72338,72338,50473,223948.7
L900251,2025-12-16,88844,88844,53848,180039.0
L900251,2025-12-17,88393,88393,56141,172583.5
L900251,2025-12-18,65898,65898,43915,121062.5
L900251,2025-12-19,73167,73167,42558,155684.3
L900251,2025-12-20,67613,67613,39659,121822.9
L900251,2025-12-21,58438,58438,40352,109721.0
L900251,2025-12-22,62962,62962,40458,183581.7
L900251,2025-12-23,51452,51452,32802,120326.5
L900251,2025-12-24,51812,51812,31638,118503.2
L900251,2025-12-25,40577,40577,26695,113805.8
L900251,2025-12-26,38400,38400,26633,102097.7
L900251,2025-12-27,45957,45957,29740,112084.8
L900251,2025-12-28,40887,40887,23124,99609.0
L900251,2025-12-29,35974,35974,24974,108521.8
L900251,2025-12-30,40926,40926,27195,113457.5
L900251,2025-12-31,38509,38509,22073,96626.5
L900251,2026-01-01,31821,31821,20927,64059.8
L900251,2026-01-02,24528,24528,16868,71373.8
L900251,2026-01-03,26734,26734,17959,78912.3
L900251,2026-01-04,23341,23341,15798,54304.3
L900251,2026-01-05,24193,24193,14502,65944.2
L900251,2026-01-06,20467,20467,13822,41237.1
L900251,2026-01-07,18723,18723,11643,54987.5
L900251,2026-01-08,15496,15496,9809,42293.1
L900251,2026-01-09,19177,19177,11297,36619.2
L900251,2026-01-10,13680,13680,9422,29247.8
L900251,2026-01-11,16193,16193,10306,47080.2
L900251,2026-01-12,16849,16849,11527,41688.6
L900251,2026-01-13,13766,13766,8828,33264.8
L900251,2026-01-14,12457,12457,6913,22524.9
L900251,2026-01-15,13070,13070,7901,35256.6
L900251,2026-01-16,11366,11366,7065,24102.7
L900251,2026-01-17,11888,11888,7108,31509.6
L900251,2026-01-18,9856,9856,5595,27635.6
L900251,2026-01-19,10243,10243,6230,23298.7
L900251,2026-01-20,9411,9411,5731,27631.2
L900251,2026-01-21,9170,9170,5810,18919.3
L900252,2025-10-25,683452,671493,503679,
L900252,2025-10-26,639075,621049,462349,
L900252,2025-10-27,543491,528283,391242,
L900252,2025-10-28,584558,575548,420147,
L900252,2025-10-29,538012,525128,383486,
L900252,2025-10-30,533225,521429,387664,
L900252,2025-10-31,539526,518197,398990,
L900252,2025-11-01,816881,807209,588165,
L900252,2025-11-02,688521,674667,513259,
L900252,2025-11-03,543894,532391,383381,
L900252,2025-11-04,632981,613883,462697,
L900252,2025-11-05,569876,555389,427099,
L900252,2025-11-06,589950,581341,429635,
L900252,2025-11-07,512290,495345,361667,
L900252,2025-11-08,737538,723908,545567,
L900252,2025-11-09,662653,641127,497085,
L900252,2025-11-10,548718,528947,401867,
L900252,2025-11-11,565490,554671,431899,
L900252,2025-11-12,589186,582979,431942,
L900252,2025-11-13,547759,537750,397769,
L900252,2025-11-14,523459,517997,369158,
L900252,2025-11-15,689314,669962,488623,
L900252,2025-11-16,643844,632525,466944,
L900252,2025-11-17,558030,551861,408458,
L900252,2025-11-18,632987,614543,462903,
L900252,2025-11-19,649414,625895,457667,
L900252,2025-11-20,590550,581699,425996,
L900252,2025-11-21,530762,519856,407000,
L900252,2025-11-22,631360,612342,425801,
L900252,2025-11-23,634600,621041,434625,
L900252,2025-11-24,513415,495552,358198,
L900252,2025-11-25,557276,551450,385467,
L900252,2025-11-26,608876,584650,410707,
L900252,2025-11-27,550029,539030,395387,
L900252,2025-11-28,592400,582633,435244,
L900252,2025-11-29,736572,724704,531042,
L900252,2025-11-30,647688,623938,466865,
L900252,2025-12-01,601463,591311,447327,
L900252,2025-12-02,570015,548161,408189,
L900252,2025-12-03,554095,545528,408163,
L900252,2025-12-04,646174,628548,462076,
L900252,2025-12-05,539504,524645,383609,
L900252,2025-12-06,693654,683514,476795,
L900252,2025-12-07,665431,647990,490925,
L900252,2025-12-08,532313,519992,386735,
L900252,2025-12-09,649482,638852,476987,
L900253,2025-09-21,28038,27443,25384,
L900253,2025-09-22,24428,23510,21912,
L900253,2025-09-23,25491,25195,24018,
L900253,2025-09-24,23827,23485,21743,
L900253,2025-09-25,26560,25498,23887,
L900253,2025-09-26,26413,25889,22828,
L900253,2025-09-27,31813,31071,28802,
L900253,2025-09-28,33787,32577,30767,
L900253,2025-09-29,26610,26155,24487,
L900253,2025-09-30,28931,28234,26907,
L900253,2025-10-01,26682,25857,25156,
L900253,2025-10-02,24794,24524,22225,
L900253,2025-10-03,26084,25691,23700,
L900253,2025-10-04,25370,24830,22767,
L900253,2025-10-05,32471,31916,29644,
L900253,2025-10-06,24485,24009,22348,
L900253,2025-10-07,26364,26013,24564,
L900253,2025-10-08,24767,24303,23026,
L900253,2025-10-09,23829,23276,21412,
L900253,2025-10-10,29655,28829,26220,
L900253,2025-10-11,29937,28854,26111,
L900253,2025-10-12,29511,28927,26982,
L900253,2025-10-13,27582,26659,24782,
L900253,2025-10-14,25428,24457,22137,
L900253,2025-10-15,24588,24095,21663,
L900253,2025-10-16,27645,26978,25524,
L900253,2025-10-17,26022,25366,23814,
L900253,2025-10-18,33818,33367,31098,
L900253,2025-10-19,35126,34752,31607,
L900254,2025-09-21,7476,7389,5563,
L900254,2025-09-22,5680,5494,4224,
L900254,2025-09-23,6704,6635,5142,
L900254,2025-09-24,6395,6303,4594,
L900254,2025-09-25,6753,6673,5075,
L900254,2025-09-26,6049,5982,4187,
L900254,2025-09-27,6632,6510,4851,
L900254,2025-09-28,8724,8393,5992,
L900254,2025-09-29,6276,6051,4435,
L900254,2025-09-30,7402,7325,5751,
L900254,2025-10-01,6634,6522,4943,
L900254,2025-10-02,6863,6697,4784,
L900254,2025-10-03,6774,6530,4699,
L900254,2025-10-04,7660,7385,5633,
L900254,2025-10-05,7817,7600,5791,
L900254,2025-10-06,7083,6959,4905,
L900254,2025-10-07,5298,5169,3945,
L900254,2025-10-08,7033,6959,5185,
L900254,2025-10-09,6617,6515,4937,
L900254,2025-10-10,6865,6615,4854,
L900254,2025-10-11,8361,8122,5953,
L900254,2025-10-12,7918,7752,5767,
L900254,2025-10-13,5975,5848,4240,
L900254,2025-10-14,7563,7423,5360,
L900254,2025-10-15,6606,6505,4889,
L900254,2025-10-16,6388,6162,4642,
L900254,2025-10-17,6585,6403,4626,
L900254,2025-10-18,8100,7961,5804,
L900254,2025-10-19,8848,8677,6495,
L900255,2025-09-21,32966,32966,20289,70357.0
L900255,2025-09-22,27243,27243,17054,61122.7
L900255,2025-09-23,29000,29000,18671,76196.8
L900255,2025-09-24,26024,26024,15928,63691.6
L900255,2025-09-25,23001,23001,13595,68341.5
L900255,2025-09-26,21631,21631,12375,62603.9
L900255,2025-09-27,27654,27654,17974,77382.1
L900255,2025-09-28,21135,21135,13951,57530.0
L900255,2025-09-29,18872,18872,13146,37666.2
L900255,2025-09-30,17451,17451,11953,35056.6
L900255,2025-10-01,18318,18318,12511,53617.8
L900255,2025-10-02,15423,15423,10345,47442.9
L900255,2025-10-03,13817,13817,7961,42049.1
L900255,2025-10-04,14564,14564,8535,38105.9
L900255,2025-10-05,13706,13706,8782,36656.2
L900255,2025-10-06,12419,12419,7428,37308.0
L900255,2025-10-07,11117,11117,7675,24882.4
L900255,2025-10-08,11044,11044,7576,26287.6
L900255,2025-10-09,10316,10316,6071,22920.1
L900255,2025-10-10,9574,9574,6012,27421.6
L900255,2025-10-11,9866,9866,5793,30491.0
L900255,2025-10-12,11054,11054,7123,31763.0
L900255,2025-10-13,9649,9649,6363,23244.5
L900255,2025-10-14,9576,9576,5429,30267.8
L900255,2025-10-15,7123,7123,4041,15903.9
L900255,2025-10-16,8303,8303,5776,17511.9
L900255,2025-10-17,6850,6850,4205,12563.1
L900255,2025-10-18,6930,6930,4546,12711.9
L900255,2025-10-19,6212,6212,3940,15346.5
L900256,2025-08-30,17932,17385,16684,
L900256,2025-08-31,14557,14126,13384,
L900256,2025-09-01,14985,14688,14035,
L900256,2025-09-02,14533,14292,13362,
L900256,2025-09-03,14294,13746,13032,
L900256,2025-09-04,13779,13492,12634,
L900256,2025-09-05,15032,14605,13975,
L900256,2025-09-06,17288,17057,16886,
L900256,2025-09-07,17599,17306,16856,
L900256,2025-09-08,14313,13968,13170,
L900256,2025-09-09,12820,12664,12091,
L900256,2025-09-10,11022,10598,10125,
L900256,2025-09-11,14360,14182,13411,
L900256,2025-09-12,13904,13588,12568,
L900256,2025-09-13,18836,18471,17422,
L900256,2025-09-14,15637,15018,14430,
L900256,2025-09-15,14131,13875,13081,
L900256,2025-09-16,13487,13333,12664,
L900256,2025-09-17,15515,15338,14715,
L900256,2025-09-18,13968,13605,13156,
L900256,2025-09-19,14038,13525,12957,
L900256,2025-09-20,17161,16566,15933,
L900256,2025-09-21,16354,16055,14886,
L900256,2025-09-22,15023,14600,14309,
L900256,2025-09-23,12783,12549,11966,
L900256,2025-09-24,13504,13051,12629,
L900256,2025-09-25,14283,13793,13655,
L900256,2025-09-26,13669,13330,13073,
L900256,2025-09-27,19173,18447,17721,
L900256,2025-09-28,17006,16732,15927,
L900256,2025-09-29,14018,13530,13160,
L900256,2025-09-30,13029,12632,11959,
L900256,2025-10-01,13691,13413,12279,
L900256,2025-10-02,14970,14635,14214,
L900256,2025-10-03,13296,13143,12756,
L900256,2025-10-04,14808,14423,13708,
L900256,2025-10-05,16785,16228,15445,
L900256,2025-10-06,14100,13728,13020,
L900256,2025-10-07,13572,13402,12702,
L900256,2025-10-08,15535,15179,14244,
L900256,2025-10-09,16534,16171,15157,
L900256,2025-10-10,14276,13858,13323,
L900256,2025-10-11,16560,16140,15779,
L900256,2025-10-12,17696,17295,16359,
L900256,2025-10-13,15544,15278,14203,
L900256,2025-10-14,13373,12865,12366,
L900256,2025-10-15,14905,14738,14096,
L900256,2025-10-16,13865,13649,12897,
L900256,2025-10-17,15275,14780,14112,
L900256,2025-10-18,15773,15355,14301,
L900256,2025-10-19,19009,18637,17437,
L900256,2025-10-20,14313,13772,13455,
L900256,2025-10-21,14615,14240,13312,
L900256,2025-10-22,12869,12437,12280,
L900256,2025-10-23,12840,12477,11715,
L900256,2025-10-24,14424,14246,13471,
L900256,2025-10-25,17734,17030,15678,
L900256,2025-10-26,16671,16359,15762,
L900256,2025-10-27,14770,14367,13484,
L900256,2025-10-28,12862,12718,12136,
L900256,2025-10-29,12536,12182,11885,
L900256,2025-10-30,14183,13893,13004,
L900256,2025-10-31,12825,12643,11850,
L900256,2025-11-01,14837,14289,13715,
L900256,2025-11-02,15867,15308,14664,
L900256,2025-11-03,14609,14440,13996,
L900256,2025-11-04,14289,13842,13461,
L900256,2025-11-05,15560,15334,14646,
L900256,2025-11-06,14364,13877,13028,
L900256,2025-11-07,12900,12395,12093,
L900256,2025-11-08,17778,17074,16454,
L900256,2025-11-09,16155,15529,15256,
L900256,2025-11-10,13751,13365,12482,
L900256,2025-11-11,13364,12929,12688,
L900256,2025-11-12,12762,12536,11720,
L900256,2025-11-13,17255,16827,16302,
L900256,2025-11-14,13186,12716,11805,
L900256,2025-11-15,14687,14524,13826,
L900256,2025-11-16,17944,17564,17219,
L900256,2025-11-17,11885,11764,10863,
L900256,2025-11-18,13873,13550,13414,
L900256,2025-11-19,15000,14630,14007,
L900256,2025-11-20,12634,12213,11084,
L900256,2025-11-21,14051,13872,13150,
L900256,2025-11-22,16593,16359,15416,
L900256,2025-11-23,15941,15685,14594,
L900256,2025-11-24,15564,14959,13945,
L900256,2025-11-25,13698,13343,12665,
L900256,2025-11-26,14798,14523,13549,
L900256,2025-11-27,15103,14736,13828,
L900256,2025-11-28,13826,13307,13078,
L900257,2025-08-30,152909,149713,89841,
L900257,2025-08-31,148155,143248,82747,
L900257,2025-09-01,139737,135936,78805,
L900257,2025-09-02,121378,117808,67535,
L900257,2025-09-03,120871,119370,71536,
L900257,2025-09-04,116798,114034,61330,
L900257,2025-09-05,124335,119918,66966,
L900257,2025-09-06,153151,147037,85277,
L900257,2025-09-07,155478,149882,84088,
L900257,2025-09-08,114314,109961,63029,
L900257,2025-09-09,105266,102473,61712,
L900257,2025-09-10,103898,99812,60081,
L900257,2025-09-11,123483,119636,68913,
L900257,2025-09-12,122725,119821,70257,
L900257,2025-09-13,139940,135406,79342,
L900257,2025-09-14,153027,149997,84164,
L900257,2025-09-15,122736,119435,62998,
L900257,2025-09-16,100992,99123,58610,
L900257,2025-09-17,115436,112515,63338,
L900257,2025-09-18,118921,116655,66736,
L900257,2025-09-19,109982,108097,59152,
L900257,2025-09-20,121808,117700,70005,
L900257,2025-09-21,139684,135754,81369,
L900257,2025-09-22,115294,110911,65115,
L900257,2025-09-23,118230,115716,67218,
L900257,2025-09-24,120317,118141,67468,
L900257,2025-09-25,107680,104514,62219,
L900257,2025-09-26,134653,129635,79490,
L900257,2025-09-27,138172,135585,76651,
L900257,2025-09-28,138160,132709,76504,
L900257,2025-09-29,118927,115466,64665,
L900257,2025-09-30,105290,101333,58874,
L900257,2025-10-01,85697,83588,48312,
L900257,2025-10-02,110402,108034,64345,
L900257,2025-10-03,129437,126933,76340,
L900257,2025-10-04,140564,138182,77008,
L900257,2025-10-05,135149,132621,77683,
L900257,2025-10-06,103703,99955,60759,
L900257,2025-10-07,116269,114677,67659,
L900257,2025-10-08,102408,98950,55558,
L900257,2025-10-09,101221,97316,58430,
L900257,2025-10-10,117897,113923,67377,
L900257,2025-10-11,145304,139538,82239,
L900257,2025-10-12,140668,136947,78871,
L900257,2025-10-13,118551,114267,67201,
L900257,2025-10-14,123557,119809,76225,
L900257,2025-10-15,135494,130698,71155,
L900257,2025-10-16,118061,115655,66141,
L900257,2025-10-17,131659,127304,73032,
L900257,2025-10-18,149941,147116,78450,
L900257,2025-10-19,127065,122708,76305,
L900257,2025-10-20,119908,116089,65013,
L900257,2025-10-21,121748,117397,65617,
L900257,2025-10-22,116720,114919,63314,
L900257,2025-10-23,111892,108338,61933,
L900257,2025-10-24,130135,128817,75909,
L900257,2025-10-25,151956,147386,85407,
L900257,2025-10-26,154088,148870,83743,
L900257,2025-10-27,112427,108316,63706,
L900257,2025-10-28,116761,113613,65864,
L900257,2025-10-29,117860,115172,69687,
L900257,2025-10-30,131902,129987,73764,
L900257,2025-10-31,102614,100234,56709,
L900257,2025-11-01,134197,132309,78940,
L900257,2025-11-02,155217,149529,83643,
L900257,2025-11-03,112219,109129,60066,
L900257,2025-11-04,120712,117319,67939,
L900257,2025-11-05,126967,122360,72185,
L900257,2025-11-06,125258,123405,67769,
L900257,2025-11-07,113444,111576,66831,
L900257,2025-11-08,138342,135349,74096,
L900257,2025-11-09,153916,151620,86189,
L900257,2025-11-10,129581,126229,73166,
L900257,2025-11-11,116779,114476,69517,
L900257,2025-11-12,106982,102732,62531,
L900257,2025-11-13,113319,109487,63858,
L900257,2025-11-14,121070,116232,66421,
L900257,2025-11-15,135756,131848,75496,
L900257,2025-11-16,132837,131149,81212,
L900257,2025-11-17,114831,110459,66626,
L900257,2025-11-18,129242,124145,72905,
L900257,2025-11-19,118132,113759,66421,
L900257,2025-11-20,124895,121364,70634,
L900257,2025-11-21,104459,102099,55504,
L900257,2025-11-22,162023,155562,82028,
L900257,2025-11-23,146834,143981,82832,
L900257,2025-11-24,120964,117168,65286,
L900257,2025-11-25,122778,120772,70545,
L900257,2025-11-26,145807,141423,82392,
L900257,2025-11-27,132309,127125,69922,
L900257,2025-11-28,129174,125282,73230,
L900258,2026-06-23,288103,279165,269150,
L900258,2026-06-24,287462,280966,256892,
L900258,2026-06-25,267831,260435,246460,
L900258,2026-06-26,291797,286194,257400,
L900258,2026-06-27,355061,346351,314609,
L900258,2026-06-28,352977,345066,315351,
L900258,2026-06-29,275369,266797,245214,
L900258,2026-06-30,315945,304435,285571,
L900258,2026-07-01,310134,297785,294183,
L900258,2026-07-02,282768,278397,267272,
L900258,2026-07-03,265949,260530,248831,
L900258,2026-07-04,318991,315459,293260,
L900258,2026-07-05,355668,345794,326389,
L900258,2026-07-06,253033,247262,225666,
L900258,2026-07-07,295493,289923,267496,
L900258,2026-07-08,250221,240953,223744,
L900258,2026-07-09,279031,273887,255684,
L900258,2026-07-10,293640,283613,266401,
L900258,2026-07-11,320064,310429,286148,
L900258,2026-07-12,366332,353463,324880,
L900258,2026-07-13,272808,264608,238124,
L900258,2026-07-14,281066,271170,254060,
L900258,2026-07-15,237191,229443,208470,
L900258,2026-07-16,249671,240902,227837,
L900258,2026-07-17,238614,233798,217064,
L900258,2026-07-18,360605,356778,333143,
L900258,2026-07-19,329018,325090,304586,
L900258,2026-07-20,305083,295848,274501,
L900258,2026-07-21,231254,227813,217095,
L900259,2025-04-18,21496,20923,18629,
L900259,2025-04-19,25468,24681,22521,
L900259,2025-04-20,23552,22857,21194,
L900259,2025-04-21,20629,19971,18385,
L900259,2025-04-22,22828,21954,20529,
L900259,2025-04-23,20699,20305,18630,
L900259,2025-04-24,20769,20382,18854,
L900259,2025-04-25,22560,21993,19994,
L900259,2025-04-26,29135,28323,26671,
L900259,2025-04-27,20376,20134,18758,
L900259,2025-04-28,23347,22935,21507,
L900259,2025-04-29,20842,20431,18975,
L900259,2025-04-30,21860,21376,20208,
L900259,2025-05-01,19113,18375,16866,
L900259,2025-05-02,24378,23480,21851,
L900259,2025-05-03,29280,28210,27919,
L900259,2025-05-04,25063,24308,22024,
L900259,2025-05-05,21095,20351,19373,
L900259,2025-05-06,23689,22972,22407,
L900259,2025-05-07,21489,20955,19692,
L900259,2025-05-08,20326,19778,17401,
L900259,2025-05-09,21485,20742,18811,
L900259,2025-05-10,27433,26702,23828,
L900259,2025-05-11,24547,23965,22415,
L900259,2025-05-12,22195,21665,20127,
L900259,2025-05-13,24773,24080,23150,
L900259,2025-05-14,20373,19693,18948,
L900259,2025-05-15,24591,24332,22568,
L900259,2025-05-16,21631,20945,19457,
L900259,2025-05-17,24744,24190,22232,
L900259,2025-05-18,28844,28529,26781,
L900259,2025-05-19,20597,19785,18033,
L900259,2025-05-20,20246,19987,18522,
L900259,2025-05-21,23127,22450,20492,
L900259,2025-05-22,23108,22809,21302,
L900259,2025-05-23,21799,21509,20444,
L900259,2025-05-24,27851,27160,24495,
L900259,2025-05-25,23828,23380,21636,
L900259,2025-05-26,22167,21674,20748,
L900259,2025-05-27,21665,20874,20124,
L900259,2025-05-28,20334,19852,18248,
L900259,2025-05-29,21026,20227,18480,
L900259,2025-05-30,23552,23237,20323,
L900259,2025-05-31,25039,24670,23509,
L900259,2025-06-01,25439,25052,23835,
L900259,2025-06-02,25342,24428,22757,
L900259,2025-06-03,23568,23055,22556,
L900259,2025-06-04,22246,21952,20394,
L900259,2025-06-05,23109,22439,21399,
L900259,2025-06-06,21486,21079,19399,
L900259,2025-06-07,29675,29342,27129,
L900259,2025-06-08,28582,28097,26277,
L900259,2025-06-09,24703,24204,22098,
L900259,2025-06-10,20086,19502,18470,
L900259,2025-06-11,19604,19336,18027,
L900259,2025-06-12,24223,23286,20824,
L900259,2025-06-13,22246,21847,20847,
L900259,2025-06-14,26036,25269,23031,
L900259,2025-06-15,25542,24832,22677,
L900259,2025-06-16,21672,21013,19425,
L900259,2025-06-17,20668,20148,18925,
L900260,2025-04-18,48610,48610,31163,145520.1
L900260,2025-04-19,50282,50282,28461,103767.7
L900260,2025-04-20,48335,48335,29841,127091.1
L900260,2025-04-21,37007,37007,23397,67561.8
L900260,2025-04-22,38042,38042,22666,86123.3
L900260,2025-04-23,33386,33386,20423,66769.1
L900260,2025-04-24,27970,27970,19050,63077.8
L900260,2025-04-25,32025,32025,21783,62311.4
L900260,2025-04-26,26060,26060,18231,46928.5
L900260,2025-04-27,28756,28756,18274,87679.4
L900260,2025-04-28,21812,21812,13163,55464.6
L900260,2025-04-29,24742,24742,15332,77393.7
L900260,2025-04-30,19311,19311,12932,37707.5
L900260,2025-05-01,23029,23029,13870,71383.3
L900260,2025-05-02,19520,19520,11227,38313.9
L900260,2025-05-03,18198,18198,10568,42410.1
L900260,2025-05-04,20051,20051,12597,57899.1
L900260,2025-05-05,16426,16426,9184,50618.0
L900260,2025-05-06,16161,16161,9363,39463.7
L900260,2025-05-07,14754,14754,9621,28010.3
L900260,2025-05-08,14895,14895,9692,40065.6
L900260,2025-05-09,14743,14743,10072,38647.2
L900260,2025-05-10,13624,13624,8967,24657.3
L900260,2025-05-11,11288,11288,7881,28154.3
L900260,2025-05-12,12499,12499,7606,24350.0
L900260,2025-05-13,9539,9539,5413,20461.0
L900260,2025-05-14,9156,9156,6185,24226.9
L900260,2025-05-15,9195,9195,5938,23982.8
L900260,2025-05-16,9690,9690,6579,25505.5
L900260,2025-05-17,7294,7294,4522,19597.2
L900260,2025-05-18,8473,8473,5840,23506.7
L900260,2025-05-19,7286,7286,5029,22421.3
L900260,2025-05-20,6601,6601,4478,13917.9
L900260,2025-05-21,7211,7211,4529,17883.6
L900260,2025-05-22,5628,5628,3552,14220.1
L900260,2025-05-23,7081,7081,4269,20961.3
L900260,2025-05-24,5332,5332,3343,15075.9
L900260,2025-05-25,5188,5188,3602,13411.8
L900260,2025-05-26,5557,5557,3568,13087.8
L900260,2025-05-27,4613,4613,2988,11830.2
L900260,2025-05-28,4777,4777,3176,13787.9
L900260,2025-05-29,3235,3235,2249,7939.9
L900260,2025-05-30,3619,3619,2368,6773.4
L900260,2025-05-31,3707,3707,2544,9622.9
L900260,2025-06-01,3722,3722,2407,9150.1
L900260,2025-06-02,3406,3406,2126,7487.7
L900260,2025-06-03,3180,3180,2026,8447.4
L900260,2025-06-04,3103,3103,2071,8748.0
L900260,2025-06-05,2767,2767,1863,8009.3
L900260,2025-06-06,1954,1954,1166,5388.3
L900260,2025-06-07,2681,2681,1732,5774.1
L900260,2025-06-08,2022,2022,1354,4424.0
L900260,2025-06-09,2143,2143,1451,3987.1
L900260,2025-06-10,1992,1992,1216,6111.2
L900260,2025-06-11,1852,1852,1065,4438.2
L900260,2025-06-12,1543,1543,937,4443.3
L900260,2025-06-13,1317,1317,792,3576.8
L900260,2025-06-14,1385,1385,823,3369.3
L900260,2025-06-15,1569,1569,946,4072.0
L900260,2025-06-16,1168,1168,763,2153.1
L900260,2025-06-17,1172,1172,785,2534.8
L900261,2025-04-18,172255,167126,95117,
L900261,2025-04-19,228680,224007,131190,
L900261,2025-04-20,208159,203051,118341,
L900261,2025-04-21,193669,191272,106067,
L900261,2025-04-22,190907,186224,105341,
L900261,2025-04-23,189541,187388,111394,
L900261,2025-04-24,185034,181167,108386,
L900261,2025-04-25,199555,196734,117677,
L900261,2025-04-26,234519,230349,138673,
L900261,2025-04-27,234192,228070,124675,
L900261,2025-04-28,175788,171952,99005,
L900261,2025-04-29,186371,183292,107620,
L900261,2025-04-30,175565,173630,107680,
L900261,2025-05-01,186142,180728,104794,
L900261,2025-05-02,177610,175061,98022,
L900261,2025-05-03,224897,218940,127105,
L900261,2025-05-04,225613,221707,135929,
L900261,2025-05-05,185784,183491,106109,
L900261,2025-05-06,199922,194905,112378,
L900261,2025-05-07,195779,190394,105558,
L900261,2025-05-08,168595,166839,97173,
L900261,2025-05-09,184203,179886,101423,
L900261,2025-05-10,229407,222835,130176,
L900261,2025-05-11,214290,209101,119108,
L900261,2025-05-12,190933,189000,105760,
L900261,2025-05-13,178612,172636,101972,
L900261,2025-05-14,187323,181552,103567,
L900261,2025-05-15,174122,167360,93677,
L900261,2025-05-16,185703,182960,113529,
L900261,2025-05-17,237476,232917,128882,
L900261,2025-05-18,240047,230854,130391,
L900261,2025-05-19,187608,182596,103755,
L900261,2025-05-20,218051,213711,119104,
L900261,2025-05-21,192390,189348,107226,
L900261,2025-05-22,198774,195833,114732,
L900261,2025-05-23,206517,201141,119550,
L900261,2025-05-24,214587,208500,133090,
L900261,2025-05-25,237288,234062,133178,
L900261,2025-05-26,190767,187062,110856,
L900261,2025-05-27,196581,193788,114319,
L900261,2025-05-28,202192,196022,117096,
L900261,2025-05-29,174955,168090,104579,
L900261,2025-05-30,217243,212635,126734,
L900261,2025-05-31,227896,222143,129091,
L900261,2025-06-01,221308,216005,124443,
L900261,2025-06-02,154847,150455,91868,
L900261,2025-06-03,205360,198111,108260,
L900261,2025-06-04,201044,194152,112578,
L900261,2025-06-05,184692,181268,106922,
L900261,2025-06-06,161514,157481,91303,
L900261,2025-06-07,228637,221429,128785,
L900261,2025-06-08,202338,195678,115242,
L900261,2025-06-09,203593,196604,115631,
L900261,2025-06-10,184240,180085,114134,
L900261,2025-06-11,173799,169996,101227,
L900261,2025-06-12,191333,184425,114388,
L900261,2025-06-13,193488,188966,111872,
L900261,2025-06-14,236384,231765,129518,
L900261,2025-06-15,211400,203218,116746,
L900261,2025-06-16,202055,195108,114072,
L900261,2025-06-17,184577,177675,107927,
L900262,2026-03-21,295963,285351,256835,
L900262,2026-03-22,362110,356548,338030,
L900262,2026-03-23,293853,289161,274071,
L900262,2026-03-24,295095,286080,271050,
L900262,2026-03-25,281712,271784,259627,
L900262,2026-03-26,280137,270930,266512,
L900262,2026-03-27,237320,232770,220813,
L900262,2026-03-28,335422,329159,313018,
L900262,2026-03-29,319682,314652,295554,
L900262,2026-03-30,306154,296523,281277,
L900262,2026-03-31,325967,317333,304819,
L900262,2026-04-01,266447,257887,247843,
L900262,2026-04-02,275144,269833,263583,
L900262,2026-04-03,247286,238792,218250,
L900262,2026-04-04,339728,336010,324825,
L900262,2026-04-05,337744,326723,314781,
L900262,2026-04-06,284233,276974,254924,
L900262,2026-04-07,278904,268374,262023,
L900262,2026-04-08,276516,268971,248475,
L900262,2026-04-09,265482,259739,249644,
L900262,2026-04-10,311951,307766,280335,
L900262,2026-04-11,339734,332108,309310,
L900262,2026-04-12,343604,337182,324287,
L900262,2026-04-13,267680,259494,249797,
L900262,2026-04-14,297641,288813,273421,
L900262,2026-04-15,243589,237144,232048,
L900262,2026-04-16,290851,287843,276696,
L900262,2026-04-17,257689,254441,246733,
L900262,2026-04-18,384144,370493,351069,
L900262,2026-04-19,332688,319789,296986,
L900262,2026-04-20,257066,247659,229953,
L900262,2026-04-21,275622,266676,251524,
L900262,2026-04-22,280902,271305,252900,
L900262,2026-04-23,269111,266213,247825,
L900262,2026-04-24,276860,267990,245841,
L900262,2026-04-25,334196,330185,311835,
L900262,2026-04-26,334972,325195,298189,
L900262,2026-04-27,287054,277932,262374,
L900262,2026-04-28,277505,270318,246691,
L900262,2026-04-29,245649,238709,224910,
L900262,2026-04-30,302783,297629,285886,
L900262,2026-05-01,275601,265468,247287,
L900262,2026-05-02,300970,294021,280946,
L900262,2026-05-03,348701,344452,328669,
L900262,2026-05-04,310072,303223,283923,
L900262,2026-05-05,276681,273553,250611,
L900263,2025-11-06,37891,37144,34513,
L900263,2025-11-07,36189,35562,34808,
L900263,2025-11-08,38778,37243,35728,
L900263,2025-11-09,46230,44961,42920,
L900263,2025-11-10,36039,34629,31668,
L900263,2025-11-11,35525,34887,33503,
L900263,2025-11-12,30308,29189,27166,
L900263,2025-11-13,35543,34285,32363,
L900263,2025-11-14,36921,36407,34812,
L900263,2025-11-15,41228,40699,38525,
L900263,2025-11-16,42004,41005,39613,
L900263,2025-11-17,35353,34190,32191,
L900263,2025-11-18,37267,36570,35222,
L900263,2025-11-19,34950,33579,31961,
L900263,2025-11-20,35261,34259,31291,
L900263,2025-11-21,34560,33471,32895,
L900263,2025-11-22,41765,40792,38820,
L900263,2025-11-23,39087,37937,36414,
L900263,2025-11-24,33376,32713,31933,
L900263,2025-11-25,31563,31187,29345,
L900263,2025-11-26,32275,31343,30925,
L900263,2025-11-27,33390,32378,30404,
L900263,2025-11-28,28234,27900,25996,
L900263,2025-11-29,42776,41810,40157,
L900263,2025-11-30,38905,37408,35091,
L900263,2025-12-01,38950,38524,38138,
L900263,2025-12-02,37024,35778,35104,
L900263,2025-12-03,38710,37548,37172,
L900263,2025-12-04,33086,31769,29622,
L900263,2025-12-05,38878,37904,35277,
L900263,2025-12-06,37666,37027,34430,
L900264,2025-11-06,114589,112316,101234,
L900264,2025-11-07,129432,127838,115831,
L900264,2025-11-08,178904,172909,160828,
L900264,2025-11-09,172502,168945,158698,
L900264,2025-11-10,133960,130563,124003,
L900264,2025-11-11,141140,139126,128501,
L900264,2025-11-12,117864,113827,107044,
L900264,2025-11-13,122469,120227,112725,
L900264,2025-11-14,137073,131843,119026,
L900264,2025-11-15,168299,164992,154073,
L900264,2025-11-16,167462,162828,151908,
L900264,2025-11-17,129104,124053,116837,
L900264,2025-11-18,128720,124258,112889,
L900264,2025-11-19,143565,141017,133786,
L900264,2025-11-20,142819,138152,127908,
L900264,2025-11-21,115079,112428,107889,
L900264,2025-11-22,139100,136544,128586,
L900264,2025-11-23,192727,190701,177921,
L900264,2025-11-24,139387,137303,128733,
L900264,2025-11-25,138373,136773,133628,
L900264,2025-11-26,127025,123560,112516,
L900264,2025-11-27,132645,131036,126425,
L900264,2025-11-28,129927,124797,117135,
L900264,2025-11-29,179018,176942,167312,
L900264,2025-11-30,178320,172170,165000,
L900264,2025-12-01,139572,134249,123624,
L900264,2025-12-02,137818,134141,123841,
L900264,2025-12-03,163691,161803,148753,
L900264,2025-12-04,141478,138690,124818,
L900264,2025-12-05,137661,133808,123673,
L900264,2025-12-06,173803,169238,159766,
L900265,2025-11-06,194554,190305,140573,
L900265,2025-11-07,162470,158075,114360,
L900265,2025-11-08,217900,215319,160015,
L900265,2025-11-09,217137,211462,154218,
L900265,2025-11-10,195955,193511,137498,
L900265,2025-11-11,167446,161085,115732,
L900265,2025-11-12,172810,167664,128251,
L900265,2025-11-13,171702,165389,122723,
L900265,2025-11-14,185087,177898,130451,
L900265,2025-11-15,219260,211852,157832,
L900265,2025-11-16,193501,190685,139336,
L900265,2025-11-17,180733,174874,133891,
L900265,2025-11-18,193762,189566,148223,
L900265,2025-11-19,182573,177773,130082,
L900265,2025-11-20,174849,170997,126148,
L900265,2025-11-21,170013,167772,125436,
L900265,2025-11-22,220057,217277,155684,
L900265,2025-11-23,231268,224670,158002,
L900265,2025-11-24,172620,169485,129314,
L900265,2025-11-25,184288,179964,131888,
L900265,2025-11-26,203429,196473,143660,
L900265,2025-11-27,147601,142749,106926,
L900265,2025-11-28,150742,147815,106925,
L900265,2025-11-29,223346,215961,157820,
L900265,2025-11-30,222629,218630,156722,
L900265,2025-12-01,187818,185123,130730,
L900265,2025-12-02,194287,186938,136556,
L900265,2025-12-03,197276,192913,139512,
L900265,2025-12-04,202810,198214,142881,
L900265,2025-12-05,150525,146210,108321,
L900265,2025-12-06,233750,228949,173043,
L900266,2026-02-20,171632,171632,94460,389955.6
L900266,2026-02-21,137254,137254,76002,263398.1
L900266,2026-02-22,151603,151603,87323,361582.9
L900266,2026-02-23,133842,133842,90997,409128.5
L900266,2026-02-24,116024,116024,66004,232447.7
L900266,2026-02-25,119725,119725,70036,293161.2
L900266,2026-02-26,110142,110142,72945,226293.7
L900266,2026-02-27,119086,119086,79419,266964.5
L900266,2026-02-28,93182,93182,59922,210014.6
L900266,2026-03-01,87323,87323,57659,222641.1
L900266,2026-03-02,81044,81044,49982,164772.3
L900266,2026-03-03,97622,97622,61709,195577.0
L900266,2026-03-04,72312,72312,44112,145420.6
L900266,2026-03-05,82216,82216,53764,207675.5
L900266,2026-03-06,61471,61471,40205,174547.1
L900266,2026-03-07,67819,67819,47066,215202.6
L900266,2026-03-08,62385,62385,35878,197539.4
L900266,2026-03-09,64310,64310,40708,196927.0
L900266,2026-03-10,59783,59783,35200,166505.4
L900266,2026-03-11,51191,51191,30962,133681.5
L900266,2026-03-12,45250,45250,25819,137263.8
L900266,2026-03-13,52352,52352,32649,95196.7
L900266,2026-03-14,39710,39710,25223,116980.2
L900266,2026-03-15,30884,30884,20793,83554.4
L900266,2026-03-16,30624,30624,20913,95887.8
L900266,2026-03-17,29703,29703,18296,82357.0
L900266,2026-03-18,35349,35349,20805,104039.1
L900266,2026-03-19,38377,38377,23079,88516.6
L900266,2026-03-20,23553,23553,13722,60534.9
L900267,2026-02-20,25323,24666,23701,
L900267,2026-02-21,28519,27846,26225,
L900267,2026-02-22,29829,29115,28595,
L900267,2026-02-23,25435,24428,22891,
L900267,2026-02-24,25314,24304,22401,
L900267,2026-02-25,27055,26538,24065,
L900267,2026-02-26,21117,20656,19148,
L900267,2026-02-27,26785,26048,23922,
L900267,2026-02-28,30892,30099,27257,
L900267,2026-03-01,33026,32158,30326,
L900267,2026-03-02,25184,24832,23177,
L900267,2026-03-03,22341,22113,19968,
L900267,2026-03-04,24899,23967,22535,
L900267,2026-03-05,26280,25942,23937,
L900267,2026-03-06,26644,25989,24908,
L900267,2026-03-07,30222,29563,27676,
L900267,2026-03-08,29932,29590,27443,
L900267,2026-03-09,25485,24582,23698,
L900267,2026-03-10,26985,26153,24753,
L900267,2026-03-11,24232,23552,21480,
L900267,2026-03-12,25928,24938,23812,
L900267,2026-03-13,28611,27980,24648,
L900267,2026-03-14,36395,35498,33309,
L900267,2026-03-15,32651,32313,28926,
L900267,2026-03-16,24668,24342,23038,
L900267,2026-03-17,22781,22339,19484,
L900267,2026-03-18,25819,24841,23077,
L900267,2026-03-19,28044,27463,25452,
L900267,2026-03-20,24970,24254,22894,
L900268,2026-03-25,24229,23279,17666,
L900268,2026-03-26,24613,23880,17679,
L900268,2026-03-27,27064,26684,20197,
L900268,2026-03-28,31885,30680,22040,
L900268,2026-03-29,26441,25792,18989,
L900268,2026-03-30,27681,26926,20167,
L900268,2026-03-31,26183,25398,18790,
L900268,2026-04-01,26320,25842,18609,
L900268,2026-04-02,27288,26522,20075,
L900268,2026-04-03,24955,24342,18225,
L900268,2026-04-04,26823,26389,19622,
L900268,2026-04-05,30762,29600,22649,
L900268,2026-04-06,25277,24902,18860,
L900268,2026-04-07,24881,24364,16915,
L900268,2026-04-08,25222,24499,18225,
L900268,2026-04-09,25995,25734,19128,
L900268,2026-04-10,24645,24375,17879,
L900268,2026-04-11,28291,27649,19356,
L900268,2026-04-12,30828,29934,21705,
L900268,2026-04-13,27904,26841,18691,
L900268,2026-04-14,26283,25599,20029,
L900268,2026-04-15,25310,24695,18272,
L900268,2026-04-16,26561,26213,19662,
L900268,2026-04-17,24846,24508,17641,
L900268,2026-04-18,32716,32154,22566,
L900268,2026-04-19,33163,32828,24035,
L900268,2026-04-20,25692,24767,18067,
L900268,2026-04-21,28626,28068,20910,
L900268,2026-04-22,25024,24201,17739,
L900269,2026-03-25,51214,50218,45379,
L900269,2026-03-26,46696,44944,42308,
L900269,2026-03-27,48267,46913,44219,
L900269,2026-03-28,52034,49980,47501,
L900269,2026-03-29,52976,51773,48930,
L900269,2026-03-30,47883,46090,42948,
L900269,2026-03-31,41514,40621,37254,
L900269,2026-04-01,44522,43650,39827,
L900269,2026-04-02,41771,40797,37151,
L900269,2026-04-03,44721,43632,39921,
L900269,2026-04-04,46665,44802,40670,
L900269,2026-04-05,49644,48704,44826,
L900269,2026-04-06,43838,42704,39576,
L900269,2026-04-07,44246,43394,40747,
L900269,2026-04-08,45519,44762,39920,
L900269,2026-04-09,39098,38337,36078,
L900269,2026-04-10,43700,42589,40439,
L900269,2026-04-11,45595,45000,41422,
L900269,2026-04-12,50787,49314,46026,
L900269,2026-04-13,43097,41424,38912,
L900269,2026-04-14,42579,41472,39707,
L900269,2026-04-15,48787,46986,42646,
L900269,2026-04-16,43128,42630,40326,
L900269,2026-04-17,44985,43821,40396,
L900269,2026-04-18,53081,51411,46184,
L900269,2026-04-19,51941,50307,45316,
L900269,2026-04-20,44720,43232,39240,
L900269,2026-04-21,43534,43066,40326,
L900269,2026-04-22,43234,42255,38763,
L900270,2026-03-25,54801,54801,36157,144452.3
L900270,2026-03-26,44198,44198,27312,88941.1
L900270,2026-03-27,43563,43563,29919,103557.9
L900270,2026-03-28,38659,38659,25145,87312.6
L900270,2026-03-29,42489,42489,23798,78561.4
L900270,2026-03-30,36592,36592,24674,113260.1
L900270,2026-03-31,31582,31582,17612,77583.5
L900270,2026-04-01,32226,32226,21665,80400.9
L900270,2026-04-02,29597,29597,19549,54438.0
L900270,2026-04-03,32539,32539,18758,75526.7
L900270,2026-04-04,26778,26778,15324,73135.4
L900270,2026-04-05,21829,21829,13857,44288.0
L900270,2026-04-06,25046,25046,16640,67058.3
L900270,2026-04-07,26480,26480,17357,70566.1
L900270,2026-04-08,23691,23691,13146,43040.3
L900270,2026-04-09,17729,17729,11544,47303.6
L900270,2026-04-10,18262,18262,12470,42190.0
L900270,2026-04-11,17619,17619,11340,46589.3
L900270,2026-04-12,16613,16613,9807,40618.7
L900270,2026-04-13,16272,16272,10640,44407.2
L900270,2026-04-14,14254,14254,9843,38428.9
L900270,2026-04-15,12629,12629,8590,30198.0
L900270,2026-04-16,14339,14339,9166,40835.5
L900270,2026-04-17,10945,10945,6760,24439.4
L900270,2026-04-18,10681,10681,7206,21723.0
L900270,2026-04-19,9700,9700,5555,26465.0
L900270,2026-04-20,10929,10929,7126,31355.0
L900270,2026-04-21,9802,9802,5770,26542.1
L900270,2026-04-22,9941,9941,5551,19054.2
L900271,2026-03-25,8223,7964,7495,
L900271,2026-03-26,9005,8739,8338,
L900271,2026-03-27,7909,7763,7449,
L900271,2026-03-28,10271,9995,9365,
L900271,2026-03-29,12102,11632,10542,
L900271,2026-03-30,9375,9223,8820,
L900271,2026-03-31,8540,8372,7878,
L900271,2026-04-01,10032,9740,9635,
L900271,2026-04-02,9917,9788,9667,
L900271,2026-04-03,8633,8545,7847,
L900271,2026-04-04,11016,10654,10292,
L900271,2026-04-05,9421,9309,8671,
L900271,2026-04-06,8543,8453,8090,
L900271,2026-04-07,9305,9147,8547,
L900271,2026-04-08,9270,9140,8473,
L900271,2026-04-09,8827,8682,8028,
L900271,2026-04-10,9029,8883,8296,
L900271,2026-04-11,11674,11345,10771,
L900271,2026-04-12,10862,10614,10458,
L900271,2026-04-13,9419,9263,8731,
L900271,2026-04-14,8712,8522,7894,
L900271,2026-04-15,9091,8830,8442,
L900271,2026-04-16,7739,7456,6879,
L900271,2026-04-17,8762,8589,7970,
L900271,2026-04-18,11101,10782,10282,
L900271,2026-04-19,10955,10818,10396,
L900271,2026-04-20,8711,8581,8144,
L900271,2026-04-21,8405,8149,7787,
L900271,2026-04-22,9194,8963,8300,
L900272,2025-10-07,12040,11845,8831,
L900272,2025-10-08,12384,12000,8706,
L900272,2025-10-09,12814,12554,9421,
L900272,2025-10-10,11377,11194,8027,
L900272,2025-10-11,13861,13523,9608,
L900272,2025-10-12,14863,14542,11105,
L900272,2025-10-13,13450,13069,9386,
L900272,2025-10-14,12837,12519,9285,
L900272,2025-10-15,9762,9452,6931,
L900272,2025-10-16,11648,11387,8702,
L900272,2025-10-17,11235,10797,8111,
L900272,2025-10-18,14494,13939,9911,
L900272,2025-10-19,13973,13814,10645,
L900272,2025-10-20,11909,11717,8882,
L900272,2025-10-21,12899,12577,9194,
L900272,2025-10-22,10837,10459,7498,
L900272,2025-10-23,13479,13236,9834,
L900272,2025-10-24,10401,10195,7714,
L900272,2025-10-25,12529,12194,8822,
L900272,2025-10-26,14714,14242,11256,
L900272,2025-10-27,12865,12360,9027,
L900272,2025-10-28,12104,11843,8981,
L900272,2025-10-29,13450,13137,9656,
L900272,2025-10-30,11865,11464,8293,
L900272,2025-10-31,12719,12308,9360,
L900272,2025-11-01,12352,12141,8887,
L900272,2025-11-02,13200,12797,9508,
L900272,2025-11-03,10881,10763,7680,
L900272,2025-11-04,13162,12926,9522,
L900272,2025-11-05,12019,11577,8666,
L900272,2025-11-06,13015,12846,9398,
L900272,2025-11-07,11694,11257,8241,
L900272,2025-11-08,15884,15707,11601,
L900272,2025-11-09,14279,14098,10542,
L900272,2025-11-10,13846,13507,10015,
L900272,2025-11-11,11816,11627,9055,
L900272,2025-11-12,13361,13171,10058,
L900272,2025-11-13,11593,11463,8345,
L900272,2025-11-14,10305,9970,7570,
L900272,2025-11-15,14709,14419,10150,
L900272,2025-11-16,16025,15815,11596,
L900272,2025-11-17,11870,11612,8241,
L900272,2025-11-18,12552,12301,9226,
L900272,2025-11-19,12030,11811,8641,
L900272,2025-11-20,14614,14290,10230,
L900272,2025-11-21,11380,11204,8449,
L900273,2025-10-07,32023,30815,29971,
L900273,2025-10-08,36776,35698,34258,
L900273,2025-10-09,35587,34779,32558,
L900273,2025-10-10,34368,33114,31405,
L900273,2025-10-11,45337,44429,42585,
L900273,2025-10-12,39310,37799,36505,
L900273,2025-10-13,30367,29752,28073,
L900273,2025-10-14,31872,31288,29187,
L900273,2025-10-15,40484,39105,35999,
L900273,2025-10-16,32778,31737,30474,
L900273,2025-10-17,33758,33356,31791,
L900273,2025-10-18,47318,46180,44475,
L900273,2025-10-19,40870,40311,38187,
L900273,2025-10-20,36566,35147,33836,
L900273,2025-10-21,35135,33894,32443,
L900273,2025-10-22,36092,35359,33525,
L900273,2025-10-23,33379,32463,31321,
L900273,2025-10-24,35896,34626,31453,
L900273,2025-10-25,39657,38803,36489,
L900273,2025-10-26,41779,41296,40225,
L900273,2025-10-27,44064,43177,38894,
L900273,2025-10-28,35931,34638,32954,
L900273,2025-10-29,34571,33535,32222,
L900273,2025-10-30,35498,34431,32460,
L900273,2025-10-31,35159,34329,32994,
L900273,2025-11-01,44030,42485,40521,
L900273,2025-11-02,40480,39558,39162,
L900273,2025-11-03,36086,35584,34347,
L900273,2025-11-04,33652,33242,31705,
L900273,2025-11-05,35587,35147,32045,
L900273,2025-11-06,33066,32287,30197,
L900273,2025-11-07,33392,32158,29862,
L900273,2025-11-08,42611,41686,40766,
L900273,2025-11-09,42905,42435,39310,
L900273,2025-11-10,32184,31721,29895,
L900273,2025-11-11,31105,30611,29266,
L900273,2025-11-12,38874,37867,35537,
L900273,2025-11-13,35291,34602,32575,
L900273,2025-11-14,33310,32586,31080,
L900273,2025-11-15,40209,39251,36653,
L900273,2025-11-16,36961,35978,34225,
L900273,2025-11-17,38071,36989,35662,
L900273,2025-11-18,39264,38040,35624,
L900273,2025-11-19,37465,36622,33983,
L900273,2025-11-20,37068,36625,35998,
L900273,2025-11-21,36476,36065,35460,
L900274,2025-09-06,59821,58410,32808,
L900274,2025-09-07,60639,58671,34345,
L900274,2025-09-08,50058,48768,27822,
L900274,2025-09-09,47993,47217,27711,
L900274,2025-09-10,49318,47611,26517,
L900274,2025-09-11,42372,41010,23297,
L900274,2025-09-12,44430,42757,24084,
L900274,2025-09-13,58423,56407,32551,
L900274,2025-09-14,57249,55536,34644,
L900274,2025-09-15,44914,43181,26089,
L900274,2025-09-16,49304,47733,27057,
L900274,2025-09-17,52302,51466,29384,
L900274,2025-09-18,46729,45731,28160,
L900274,2025-09-19,41184,40644,23374,
L900274,2025-09-20,61390,59714,36315,
L900274,2025-09-21,58543,57719,36548,
L900274,2025-09-22,52988,52202,27805,
L900274,2025-09-23,44145,43199,25260,
L900274,2025-09-24,45383,44253,26151,
L900274,2025-09-25,48141,47152,26220,
L900274,2025-09-26,46099,44884,26797,
L900274,2025-09-27,50684,50166,30145,
L900274,2025-09-28,65669,64076,36739,
L900274,2025-09-29,44341,43818,25901,
L900274,2025-09-30,48010,46565,25596,
L900274,2025-10-01,57584,55762,31355,
L900274,2025-10-02,44071,42986,25176,
L900274,2025-10-03,49683,49012,29883,
L900274,2025-10-04,58630,57618,32992,
L900274,2025-10-05,62093,61409,35862,
L900274,2025-10-06,50873,49197,28801,
L900274,2025-10-07,50612,48594,27779,
L900274,2025-10-08,53282,52618,30139,
L900274,2025-10-09,53169,52519,31918,
L900274,2025-10-10,47246,45549,28608,
L900274,2025-10-11,57023,56342,31883,
L900274,2025-10-12,63083,62435,36763,
L900274,2025-10-13,50241,49714,29647,
L900274,2025-10-14,50964,49561,30792,
L900274,2025-10-15,49741,49080,27627,
L900274,2025-10-16,47749,45843,27021,
L900274,2025-10-17,51896,50331,29399,
L900274,2025-10-18,56361,55124,33194,
L900274,2025-10-19,69841,67428,39147,
L900274,2025-10-20,57190,55680,33259,
L900274,2025-10-21,58821,57638,33974,
L900274,2025-10-22,50500,48576,28992,
L900274,2025-10-23,48221,47302,27820,
L900274,2025-10-24,55272,53407,31851,
L900274,2025-10-25,60321,58590,34217,
L900274,2025-10-26,64136,62050,36888,
L900274,2025-10-27,52952,51791,30390,
L900274,2025-10-28,46659,44947,25471,
L900274,2025-10-29,51797,51030,30445,
L900274,2025-10-30,52759,51980,29446,
L900274,2025-10-31,49350,48157,26800,
L900274,2025-11-01,53740,52860,30744,
L900274,2025-11-02,67041,65321,38016,
L900274,2025-11-03,57580,55695,32120,
L900274,2025-11-04,50079,49155,27535,
L900274,2025-11-05,48566,47598,26474,
L900274,2025-11-06,43778,42561,23686,
L900274,2025-11-07,50295,49673,28078,
L900274,2025-11-08,58053,55852,32852,
L900274,2025-11-09,52978,51431,29913,
L900274,2025-11-10,53343,52096,31189,
L900274,2025-11-11,52018,50564,29274,
L900274,2025-11-12,47461,46566,26931,
L900274,2025-11-13,56562,55489,32486,
L900274,2025-11-14,49527,47902,28323,
L900274,2025-11-15,60711,59914,35020,
L900274,2025-11-16,59277,58623,33514,
L900274,2025-11-17,53934,53089,28720,
L900274,2025-11-18,51867,49836,28429,
L900274,2025-11-19,42340,41178,23080,
L900274,2025-11-20,49810,48734,28364,
L900274,2025-11-21,52911,51617,30772,
L900274,2025-11-22,52988,52245,30696,
L900274,2025-11-23,63995,63293,36987,
L900274,2025-11-24,51962,50042,27090,
L900274,2025-11-25,45997,44205,26846,
L900274,2025-11-26,48836,47917,29922,
L900274,2025-11-27,44845,43655,26685,
L900274,2025-11-28,47513,46929,28028,
L900274,2025-11-29,59042,57107,33254,
L900274,2025-11-30,63352,60918,34585,
L900274,2025-12-01,53156,52364,30092,
L900274,2025-12-02,50666,50098,26406,
L900274,2025-12-03,48606,46918,28398,
L900274,2025-12-04,52730,52020,31093,
L900274,2025-12-05,50167,49139,30148,
L900275,2025-08-16,84707,82569,62513,
L900275,2025-08-17,96030,93735,70544,
L900275,2025-08-18,71495,69998,52192,
L900275,2025-08-19,82111,79225,59383,
L900275,2025-08-20,65143,63120,45915,
L900275,2025-08-21,69885,68918,49959,
L900275,2025-08-22,61398,59590,46349,
L900275,2025-08-23,83160,80302,58132,
L900275,2025-08-24,75538,72658,55025,
L900275,2025-08-25,73339,72179,52905,
L900275,2025-08-26,72115,69511,52255,
L900275,2025-08-27,71039,68360,47867,
L900275,2025-08-28,66243,64673,46120,
L900275,2025-08-29,75504,72516,55010,
L900275,2025-08-30,99916,97551,68998,
L900275,2025-08-31,93867,90636,65955,
L900275,2025-09-01,91154,89980,69075,
L900275,2025-09-02,83935,81936,61947,
L900275,2025-09-03,76133,74910,54830,
L900275,2025-09-04,70334,69432,50268,
L900275,2025-09-05,77526,75392,58142,
L900275,2025-09-06,86877,84233,61115,
L900275,2025-09-07,78816,77748,57914,
L900275,2025-09-08,81141,78739,60281,
L900275,2025-09-09,82023,80862,60509,
L900275,2025-09-10,74409,72172,55258,
L900275,2025-09-11,67316,65433,47843,
L900275,2025-09-12,83988,81212,58351,
L900275,2025-09-13,89183,86774,65308,
L900275,2025-09-14,90021,88333,67397,
L900275,2025-09-15,82893,80314,60202,
L900275,2025-09-16,82092,80096,57783,
L900275,2025-09-17,72945,70090,55238,
L900275,2025-09-18,85359,83554,59696,
L900275,2025-09-19,73801,72068,53526,
L900275,2025-09-20,92409,90160,69015,
L900275,2025-09-21,102587,99525,73722,
L900275,2025-09-22,80507,77470,58332,
L900275,2025-09-23,73751,71180,50255,
L900275,2025-09-24,79896,78288,58880,
L900275,2025-09-25,76179,74742,53842,
L900275,2025-09-26,85455,83014,61683,
L900275,2025-09-27,81264,79437,56714,
L900275,2025-09-28,94276,93082,70197,
L900275,2025-09-29,71140,68969,51675,
L900275,2025-09-30,77822,76932,57144,
L900275,2025-10-01,69731,67511,51256,
L900275,2025-10-02,78827,77067,57904,
L900275,2025-10-03,68949,67669,48273,
L900275,2025-10-04,89977,87797,66602,
L900275,2025-10-05,96873,93899,70582,
L900275,2025-10-06,71214,69512,50320,
L900275,2025-10-07,73777,72797,53859,
L900275,2025-10-08,80421,79601,58141,
L900275,2025-10-09,71532,70474,55047,
L900275,2025-10-10,83044,82189,59368,
L900275,2025-10-11,99937,97285,69808,
L900275,2025-10-12,86324,82964,60861,
L900275,2025-10-13,73418,70820,53284,
L900275,2025-10-14,74506,72067,54215,
L900275,2025-10-15,71501,70077,52381,
L900275,2025-10-16,74343,73242,52165,
L900275,2025-10-17,76731,74047,54937,
L900275,2025-10-18,84322,82509,60355,
L900275,2025-10-19,86565,84544,62148,
L900275,2025-10-20,84272,83188,65036,
L900275,2025-10-21,57765,55612,41695,
L900275,2025-10-22,79520,78089,57448,
L900275,2025-10-23,79361,78245,60489,
L900275,2025-10-24,65769,63551,47197,
L900275,2025-10-25,103429,99786,71371,
L900275,2025-10-26,88605,85105,62214,
L900275,2025-10-27,80093,78973,60321,
L900275,2025-10-28,74836,73963,54780,
L900275,2025-10-29,63716,62166,47772,
L900275,2025-10-30,71789,71028,52358,
L900275,2025-10-31,79619,76737,57088,
L900275,2025-11-01,96611,94029,70716,
L900275,2025-11-02,90887,89631,66883,
L900275,2025-11-03,67241,65520,48289,
L900275,2025-11-04,80283,78009,56324,
L900275,2025-11-05,69649,67756,48947,
L900275,2025-11-06,74783,73006,56072,
L900275,2025-11-07,77110,75560,52624,
L900275,2025-11-08,94070,91260,66725,
L900275,2025-11-09,93074,90666,66821,
L900275,2025-11-10,68791,67131,49580,
L900275,2025-11-11,71267,69995,52227,
L900275,2025-11-12,68640,67915,48729,
L900275,2025-11-13,78203,76769,58511,
L900275,2025-11-14,77305,74559,54206,
L900276,2025-12-31,126639,123278,116843,
L900276,2026-01-01,125112,120957,114628,
L900276,2026-01-02,140778,136281,130114,
L900276,2026-01-03,175945,174026,163732,
L900276,2026-01-04,143102,141484,133306,
L900276,2026-01-05,135191,129812,119756,
L900276,2026-01-06,148551,143420,132946,
L900276,2026-01-07,128279,125214,119263,
L900276,2026-01-08,129612,127631,117217,
L900276,2026-01-09,121874,117971,107777,
L900276,2026-01-10,152627,149421,140817,
L900276,2026-01-11,148934,146610,130899,
L900276,2026-01-12,137203,134820,123673,
L900276,2026-01-13,133779,132355,126484,
L900276,2026-01-14,134720,131904,126653,
L900276,2026-01-15,133223,129365,122914,
L900276,2026-01-16,128087,123896,115490,
L900276,2026-01-17,150051,148058,135282,
L900276,2026-01-18,159239,153698,138855,
L900276,2026-01-19,135661,134117,123916,
L900276,2026-01-20,136467,131536,118873,
L900276,2026-01-21,141473,139227,134208,
L900276,2026-01-22,149883,147661,142947,
L900276,2026-01-23,134408,131046,120949,
L900276,2026-01-24,168479,165347,152984,
L900276,2026-01-25,139576,134146,126953,
L900276,2026-01-26,131441,127187,114551,
L900276,2026-01-27,128506,124186,114967,
L900276,2026-01-28,134080,130851,121753,
L900276,2026-01-29,148624,145825,131859,
L900276,2026-01-30,132323,128895,117606,
L900276,2026-01-31,178449,171637,157695,
L900276,2026-02-01,157694,151981,144533,
L900276,2026-02-02,148150,144278,138427,
L900276,2026-02-03,116345,114293,107396,
L900276,2026-02-04,136848,134121,124595,
L900276,2026-02-05,134666,129790,124042,
L900276,2026-02-06,145083,141676,134300,
L900276,2026-02-07,164838,162278,158287,
L900276,2026-02-08,156957,154493,138685,
L900276,2026-02-09,131111,129496,120580,
L900276,2026-02-10,147918,142101,130701,
L900276,2026-02-11,139217,136610,123011,
L900276,2026-02-12,145542,143163,133337,
L900276,2026-02-13,130947,125873,122428,
L900276,2026-02-14,176033,172830,157137,
L900276,2026-02-15,160735,155040,152671,
L900276,2026-02-16,155159,150545,142785,
L900276,2026-02-17,114160,110588,105793,
L900276,2026-02-18,127146,123626,118244,
L900276,2026-02-19,126209,123446,116011,
L900276,2026-02-20,127092,125019,115359,
L900276,2026-02-21,170225,166908,150821,
L900276,2026-02-22,192930,190891,173606,
L900276,2026-02-23,122346,120372,113450,
L900276,2026-02-24,147798,145842,134688,
L900276,2026-02-25,122471,121184,110465,
L900276,2026-02-26,122915,120392,112706,
L900276,2026-02-27,133203,129046,121111,
L900276,2026-02-28,166887,160732,152130,
L900276,2026-03-01,156836,152805,139852,
L900276,2026-03-02,135628,132472,123053,
L900276,2026-03-03,136664,134697,123350,
L900276,2026-03-04,140835,135493,122815,
L900276,2026-03-05,129234,127122,121093,
L900276,2026-03-06,121830,118496,112690,
L900276,2026-03-07,143874,141504,127112,
L900276,2026-03-08,142775,138286,128929,
L900276,2026-03-09,141772,139799,133627,
L900276,2026-03-10,146951,143101,135552,
L900276,2026-03-11,125039,122016,111423,
L900276,2026-03-12,142395,140293,134460,
L900276,2026-03-13,122903,121624,116257,
L900276,2026-03-14,137243,133166,124882,
L900276,2026-03-15,160807,157311,145656,
L900276,2026-03-16,134288,130113,118783,
L900276,2026-03-17,138733,137201,127763,
L900276,2026-03-18,143976,140440,135076,
L900276,2026-03-19,135313,133665,122119,
L900276,2026-03-20,121759,117855,113608,
L900276,2026-03-21,182525,178898,169550,
L900276,2026-03-22,162930,158854,150324,
L900276,2026-03-23,147932,143027,131247,
L900276,2026-03-24,134272,129656,117711,
L900276,2026-03-25,132570,127976,122970,
L900276,2026-03-26,145511,143392,133741,
L900276,2026-03-27,105092,103930,95291,
L900276,2026-03-28,163482,157742,146018,
L900276,2026-03-29,162579,158730,148389,
L900276,2026-03-30,128234,124375,115650,
L900276,2026-03-31,132352,129180,118320,
L900277,2025-06-21,68107,66277,59975,
L900277,2025-06-22,80908,77697,72497,
L900277,2025-06-23,62703,61791,57859,
L900277,2025-06-24,61156,60344,57268,
L900277,2025-06-25,63173,61099,57782,
L900277,2025-06-26,55425,54230,51797,
L900277,2025-06-27,56702,56032,51068,
L900277,2025-06-28,67399,65881,65222,
L900277,2025-06-29,60489,59145,56472,
L900277,2025-06-30,57355,56509,55759,
L900277,2025-07-01,53293,52694,50166,
L900277,2025-07-02,61703,60015,56799,
L900277,2025-07-03,54900,52756,50094,
L900277,2025-07-04,57044,55468,52348,
L900277,2025-07-05,76078,74486,71361,
L900277,2025-07-06,73932,72293,69155,
L900277,2025-07-07,62984,60854,59398,
L900277,2025-07-08,57150,55009,53160,
L900277,2025-07-09,52427,51814,46888,
L900277,2025-07-10,67038,64451,60798,
L900277,2025-07-11,59673,58824,54441,
L900277,2025-07-12,63605,61528,57574,
L900277,2025-07-13,74448,72612,68231,
L900277,2025-07-14,56921,55828,52205,
L900277,2025-07-15,63947,61852,59833,
L900277,2025-07-16,56226,55571,53552,
L900277,2025-07-17,57344,55908,52735,
L900277,2025-07-18,58259,57444,55310,
L900277,2025-07-19,65752,63863,61311,
L900277,2025-07-20,84955,82944,79100,
L900277,2025-07-21,58659,56748,53815,
L900277,2025-07-22,60730,59073,54216,
L900277,2025-07-23,66452,65039,63063,
L900277,2025-07-24,55476,53790,51134,
L900277,2025-07-25,55884,55136,52709,
L900277,2025-07-26,71154,69962,66783,
L900277,2025-07-27,64981,62529,58800,
L900277,2025-07-28,63855,62336,58553,
L900277,2025-07-29,46122,44300,41951,
L900277,2025-07-30,69776,67229,65008,
L900277,2025-07-31,55759,54897,52096,
L900277,2025-08-01,61673,59588,54515,
L900277,2025-08-02,65957,63873,61188,
L900277,2025-08-03,79838,78580,73960,
L900277,2025-08-04,65825,63835,59680,
L900277,2025-08-05,42650,41530,40071,
L900278,2025-06-21,13115,12848,12127,
L900278,2025-06-22,12576,12258,11336,
L900278,2025-06-23,10051,9803,9026,
L900278,2025-06-24,9904,9644,8619,
L900278,2025-06-25,9238,9145,8474,
L900278,2025-06-26,8397,8294,7380,
L900278,2025-06-27,9958,9668,8966,
L900278,2025-06-28,12075,11748,10366,
L900278,2025-06-29,13924,13626,12280,
L900278,2025-06-30,9562,9312,8425,
L900278,2025-07-01,11295,11153,10466,
L900278,2025-07-02,9844,9647,8866,
L900278,2025-07-03,10378,10054,9099,
L900278,2025-07-04,10543,10425,9580,
L900278,2025-07-05,12900,12515,11760,
L900278,2025-07-06,11797,11446,10174,
L900278,2025-07-07,10029,9799,8829,
L900278,2025-07-08,10296,10185,9419,
L900278,2025-07-09,9750,9367,8468,
L900278,2025-07-10,11203,10870,10010,
L900278,2025-07-11,12158,11998,11166,
L900278,2025-07-12,12734,12316,11463,
L900278,2025-07-13,12724,12455,11855,
L900278,2025-07-14,11135,10734,9603,
L900278,2025-07-15,10932,10727,10082,
L900278,2025-07-16,10261,9876,9522,
L900278,2025-07-17,11666,11239,10655,
L900278,2025-07-18,9787,9546,8650,
L900278,2025-07-19,13133,12952,12397,
L900278,2025-07-20,10375,10257,9761,
L900278,2025-07-21,10023,9708,8677,
L900278,2025-07-22,10616,10215,9685,
L900278,2025-07-23,9944,9613,8736,
L900278,2025-07-24,11633,11288,10346,
L900278,2025-07-25,11181,10787,9705,
L900278,2025-07-26,12798,12406,11633,
L900278,2025-07-27,13251,13014,12491,
L900278,2025-07-28,9565,9372,8813,
L900278,2025-07-29,9113,8848,7984,
L900278,2025-07-30,9758,9604,9010,
L900278,2025-07-31,11604,11161,10794,
L900278,2025-08-01,9941,9678,9059,
L900278,2025-08-02,13320,13054,12340,
L900278,2025-08-03,12218,11923,11106,
L900278,2025-08-04,10141,10032,9287,
L900278,2025-08-05,9952,9602,8906,
L900279,2025-06-21,30498,29972,22696,
L900279,2025-06-22,34931,33947,26394,
L900279,2025-06-23,28530,27656,20234,
L900279,2025-06-24,26322,25959,19234,
L900279,2025-06-25,28937,28309,20810,
L900279,2025-06-26,24452,23994,17400,
L900279,2025-06-27,27751,26717,20166,
L900279,2025-06-28,29558,29113,21697,
L900279,2025-06-29,34139,33156,24235,
L900279,2025-06-30,26410,25587,18557,
L900279,2025-07-01,28023,27150,20702,
L900279,2025-07-02,30367,29288,21014,
L900279,2025-07-03,27297,26863,18700,
L900279,2025-07-04,27953,26868,20203,
L900279,2025-07-05,37761,37164,26173,
L900279,2025-07-06,30625,29524,21932,
L900279,2025-07-07,24123,23614,17555,
L900279,2025-07-08,29092,28596,20428,
L900279,2025-07-09,28005,27625,19772,
L900279,2025-07-10,30760,29957,22291,
L900279,2025-07-11,26292,25260,18066,
L900279,2025-07-12,34590,33964,26055,
L900279,2025-07-13,31475,30732,22471,
L900279,2025-07-14,26044,25236,19459,
L900279,2025-07-15,23480,22580,17289,
L900279,2025-07-16,26875,26463,19544,
L900279,2025-07-17,26956,26170,19491,
L900279,2025-07-18,26093,25721,19577,
L900279,2025-07-19,36495,35223,25372,
L900279,2025-07-20,35337,34917,25589,
L900279,2025-07-21,27826,27368,21087,
L900279,2025-07-22,26217,25748,19530,
L900279,2025-07-23,28725,27821,20479,
L900279,2025-07-24,28526,28233,21032,
L900279,2025-07-25,25143,24144,17573,
L900279,2025-07-26,30740,30157,22149,
L900279,2025-07-27,37155,36318,27297,
L900279,2025-07-28,24535,24288,17840,
L900279,2025-07-29,28229,27469,20735,
L900279,2025-07-30,26269,25446,18200,
L900279,2025-07-31,27586,27174,20418,
L900279,2025-08-01,28232,27768,20057,
L900279,2025-08-02,38254,37384,27590,
L900279,2025-08-03,34065,32794,23833,
L900279,2025-08-04,30164,29678,22301,
L900279,2025-08-05,28409,27348,19607,
L900280,2025-10-14,16338,16007,15211,
L900280,2025-10-15,15450,14995,13922,
L900280,2025-10-16,15180,14833,14470,
L900280,2025-10-17,14736,14404,13053,
L900280,2025-10-18,18091,17400,15996,
L900280,2025-10-19,20528,19723,17807,
L900280,2025-10-20,14713,14532,13570,
L900280,2025-10-21,16968,16532,15610,
L900280,2025-10-22,17400,17180,16096,
L900280,2025-10-23,15154,14588,13816,
L900280,2025-10-24,13720,13500,12093,
L900280,2025-10-25,20104,19695,18399,
L900280,2025-10-26,20086,19827,18101,
L900280,2025-10-27,16988,16474,15541,
L900280,2025-10-28,15366,14938,13954,
L900280,2025-10-29,15832,15239,13911,
L900280,2025-10-30,14930,14735,13801,
L900280,2025-10-31,14881,14324,12900,
L900280,2025-11-01,19088,18877,17871,
L900280,2025-11-02,20242,19501,18343,
L900280,2025-11-03,16413,16150,15338,
L900280,2025-11-04,15503,15227,13515,
L900280,2025-11-05,16834,16529,15076,
L900280,2025-11-06,14011,13548,12300,
L900280,2025-11-07,18467,18172,17060,
L900280,2025-11-08,17094,16774,15370,
L900280,2025-11-09,18647,18165,17090,
L900280,2025-11-10,15749,15214,13866,
L900280,2025-11-11,15796,15448,14177,
L900280,2025-11-12,16695,16370,15242,
L900280,2025-11-13,14469,14077,13285,
L900281,2025-10-14,455487,439671,331776,
L900281,2025-10-15,497304,484299,370022,
L900281,2025-10-16,500373,488567,359449,
L900281,2025-10-17,409440,394133,293129,
L900281,2025-10-18,588826,573991,425341,
L900281,2025-10-19,435098,421484,317620,
L900281,2025-10-20,438928,423061,318867,
L900281,2025-10-21,537893,528770,388616,
L900281,2025-10-22,490083,472695,350104,
L900281,2025-10-23,493382,485092,359971,
L900281,2025-10-24,453892,444168,320645,
L900281,2025-10-25,646080,637348,477227,
L900281,2025-10-26,611234,599762,448610,
L900281,2025-10-27,510434,497711,359387,
L900281,2025-10-28,476625,471771,353880,
L900281,2025-10-29,522438,502158,398443,
L900281,2025-10-30,488910,473607,344207,
L900281,2025-10-31,428186,422096,304712,
L900281,2025-11-01,537658,525192,358169,
L900281,2025-11-02,542173,523133,394617,
L900281,2025-11-03,476330,464788,341539,
L900281,2025-11-04,412038,403002,306687,
L900281,2025-11-05,492861,481368,356087,
L900281,2025-11-06,390047,381989,278922,
L900281,2025-11-07,489903,480762,355489,
L900281,2025-11-08,581954,568773,428689,
L900281,2025-11-09,580248,568830,428325,
L900281,2025-11-10,441522,427861,306153,
L900281,2025-11-11,491556,477209,359647,
L900281,2025-11-12,493132,476191,353634,
L900281,2025-11-13,461200,454159,337994,
L900282,2026-05-13,72408,70762,56053,
L900282,2026-05-14,64797,63352,50967,
L900282,2026-05-15,62917,61368,45885,
L900282,2026-05-16,76582,73679,54973,
L900282,2026-05-17,91329,88270,65377,
L900282,2026-05-18,75395,73105,53478,
L900282,2026-05-19,58479,57831,43519,
L900282,2026-05-20,70121,68845,50284,
L900282,2026-05-21,67652,66358,49644,
L900282,2026-05-22,65392,62960,47062,
L900282,2026-05-23,92728,91686,71625,
L900282,2026-05-24,94191,91083,67696,
L900282,2026-05-25,71392,69459,50843,
L900282,2026-05-26,67344,66392,50287,
L900282,2026-05-27,68229,66315,49558,
L900282,2026-05-28,64564,62085,47644,
L900282,2026-05-29,68146,66034,50302,
L900282,2026-05-30,79909,78931,57214,
L900282,2026-05-31,93673,92399,67218,
L900282,2026-06-01,61176,60546,43544,
L900282,2026-06-02,74744,73797,55732,
L900282,2026-06-03,65683,63223,45986,
L900282,2026-06-04,73716,72665,55684,
L900282,2026-06-05,69565,67236,50499,
L900282,2026-06-06,90593,88458,69267,
L900282,2026-06-07,76847,75071,54548,
L900282,2026-06-08,67116,65676,49687,
L900282,2026-06-09,68540,67624,50464,
L900282,2026-06-10,70632,69487,51422,
L900282,2026-06-11,70551,68743,52285,
L900282,2026-06-12,64519,62007,45701,
L900282,2026-06-13,76444,75251,56026,
L900282,2026-06-14,83352,80093,60981,
L900282,2026-06-15,69923,67627,49443,
L900282,2026-06-16,68569,66249,51307,
L900282,2026-06-17,61164,59008,42925,
L900282,2026-06-18,70152,68952,50146,
L900282,2026-06-19,72696,71938,53152,
L900282,2026-06-20,86411,83660,62105,
L900282,2026-06-21,83978,82631,59013,
L900282,2026-06-22,70935,69358,48878,
L900282,2026-06-23,66190,64395,48282,
L900282,2026-06-24,76608,75745,59610,
L900282,2026-06-25,67553,65006,46979,
L900282,2026-06-26,72873,71913,55905,
L900282,2026-06-27,95059,92610,66614,
L900282,2026-06-28,83725,81357,61587,
L900282,2026-06-29,75097,72223,54299,
L900282,2026-06-30,67439,66189,49751,
L900282,2026-07-01,75151,73168,52780,
L900282,2026-07-02,77394,76042,57779,
L900282,2026-07-03,65798,63469,48141,
L900282,2026-07-04,90185,88491,66989,
L900282,2026-07-05,95352,93405,69100,
L900282,2026-07-06,71805,69260,47597,
L900282,2026-07-07,76194,73318,55750,
L900282,2026-07-08,77538,75314,54321,
L900282,2026-07-09,75334,74007,56273,
L900282,2026-07-10,66307,63888,48626,
L900282,2026-07-11,87813,84369,59567,
L900282,2026-07-12,88636,85611,62038,
L900283,2026-05-13,178481,174005,100695,
L900283,2026-05-14,192870,188872,110232,
L900283,2026-05-15,184196,180851,106733,
L900283,2026-05-16,227045,218595,122909,
L900283,2026-05-17,213235,210926,121743,
L900283,2026-05-18,182464,178843,104643,
L900283,2026-05-19,164879,163114,93503,
L900283,2026-05-20,196264,188736,103071,
L900283,2026-05-21,183237,180143,108955,
L900283,2026-05-22,181426,177924,110209,
L900283,2026-05-23,225661,219609,129060,
L900283,2026-05-24,202064,199115,117090,
L900283,2026-05-25,182852,175707,101922,
L900283,2026-05-26,163092,157487,87549,
L900283,2026-05-27,175968,173452,95466,
L900283,2026-05-28,166855,163244,86742,
L900283,2026-05-29,184952,182324,109956,
L900283,2026-05-30,211227,204081,125842,
L900283,2026-05-31,232526,226186,133358,
L900283,2026-06-01,171826,169435,97088,
L900283,2026-06-02,181199,174074,100471,
L900283,2026-06-03,181001,175636,104055,
L900283,2026-06-04,170212,166505,100221,
L900283,2026-06-05,170226,165472,96044,
L900283,2026-06-06,193486,189213,108719,
L900283,2026-06-07,246142,242479,136271,
L900283,2026-06-08,179468,174426,99581,
L900283,2026-06-09,142686,139916,82715,
L900283,2026-06-10,165682,160275,93982,
L900283,2026-06-11,187126,183658,107383,
L900283,2026-06-12,177950,176100,99081,
L900283,2026-06-13,221770,214547,123623,
L900283,2026-06-14,176343,172939,103165,
L900283,2026-06-15,189113,181884,110880,
L900283,2026-06-16,203509,198379,118128,
L900283,2026-06-17,180526,177324,106719,
L900283,2026-06-18,161092,156186,85365,
L900283,2026-06-19,166779,164204,99432,
L900283,2026-06-20,198800,195507,115214,
L900283,2026-06-21,219528,214566,125496,
L900283,2026-06-22,155673,153493,90077,
L900283,2026-06-23,167549,161177,98971,
L900283,2026-06-24,189167,185322,106054,
L900283,2026-06-25,197890,193295,113439,
L900283,2026-06-26,150208,145091,83925,
L900283,2026-06-27,237361,229166,129158,
L900283,2026-06-28,208755,202272,111816,
L900283,2026-06-29,156735,154435,86995,
L900283,2026-06-30,156370,153863,87337,
L900283,2026-07-01,197509,192015,111230,
L900283,2026-07-02,184293,181839,109436,
L900283,2026-07-03,158020,155388,87540,
L900283,2026-07-04,222761,215809,122431,
L900283,2026-07-05,221649,218645,134148,
L900283,2026-07-06,153208,149569,85682,
L900283,2026-07-07,170646,166513,94824,
L900283,2026-07-08,164963,159318,90836,
L900283,2026-07-09,173185,170805,99630,
L900283,2026-07-10,186622,180115,104376,
L900283,2026-07-11,228678,222742,126553,
L900283,2026-07-12,189728,185552,106489,
L900284,2025-11-20,67093,65572,50438,
L900284,2025-11-21,64230,62020,46828,
L900284,2025-11-22,84309,82263,59592,
L900284,2025-11-23,74710,73714,58633,
L900284,2025-11-24,67073,66227,49684,
L900284,2025-11-25,67260,66261,47263,
L900284,2025-11-26,59524,57395,41310,
L900284,2025-11-27,64875,63007,46160,
L900284,2025-11-28,63251,62515,45872,
L900284,2025-11-29,66101,64929,49196,
L900284,2025-11-30,65275,63361,45965,
L900284,2025-12-01,56166,55602,40167,
L900284,2025-12-02,63786,61449,46990,
L900284,2025-12-03,54933,53757,39181,
L900284,2025-12-04,53989,52014,37860,
L900284,2025-12-05,63133,61698,46603,
L900284,2025-12-06,63109,61381,46097,
L900284,2025-12-07,70075,67322,48180,
L900284,2025-12-08,63111,60993,45899,
L900284,2025-12-09,62268,60357,43344,
L900284,2025-12-10,62265,61384,44533,
L900284,2025-12-11,65806,64710,49277,
L900284,2025-12-12,67852,65616,48529,
L900284,2025-12-13,82812,80730,58091,
L900284,2025-12-14,86826,84813,61020,
L900284,2025-12-15,52577,50799,38978,
L900284,2025-12-16,59206,58099,43128,
L900284,2025-12-17,57596,55629,43795,
L900284,2025-12-18,71921,70938,54688,
L900284,2025-12-19,63216,62282,47310,
L900284,2025-12-20,75665,73075,55715,
L900284,2025-12-21,73492,72653,56065,
L900284,2025-12-22,60458,59004,43253,
L900284,2025-12-23,60430,58071,43196,
L900284,2025-12-24,60823,59657,44727,
L900284,2025-12-25,60357,58687,44356,
L900284,2025-12-26,70397,68508,50802,
L900284,2025-12-27,89473,87286,66559,
L900284,2025-12-28,88986,86529,63925,
L900284,2025-12-29,54429,53719,38993,
L900284,2025-12-30,59738,57838,41697,
L900284,2025-12-31,51745,50343,38285,
L900284,2026-01-01,53432,52063,39493,
L900284,2026-01-02,73748,72372,52428,
L900284,2026-01-03,78344,75441,55224,
L900284,2026-01-04,81016,78336,56097,
L900284,2026-01-05,62111,61055,46549,
L900284,2026-01-06,62527,60270,42636,
L900284,2026-01-07,69008,67076,47897,
L900284,2026-01-08,63168,60841,45731,
L900284,2026-01-09,63374,61471,48608,
L900284,2026-01-10,80449,79379,58419,
L900284,2026-01-11,79651,77839,57927,
L900284,2026-01-12,62995,61383,45722,
L900284,2026-01-13,60592,58236,43342,
L900284,2026-01-14,60234,58294,40926,
L900284,2026-01-15,68498,66813,48686,
L900284,2026-01-16,63482,60951,44176,
L900284,2026-01-17,71549,68909,49560,
L900284,2026-01-18,81752,80319,61347,
L900284,2026-01-19,62903,60895,44408,
L900285,2025-11-20,64473,62609,57379,
L900285,2025-11-21,55198,53285,49586,
L900285,2025-11-22,71416,68800,61895,
L900285,2025-11-23,65272,63271,59267,
L900285,2025-11-24,57436,55507,52187,
L900285,2025-11-25,61327,59571,56649,
L900285,2025-11-26,56581,54433,50876,
L900285,2025-11-27,63711,61953,56840,
L900285,2025-11-28,66082,64194,57561,
L900285,2025-11-29,68488,65958,59093,
L900285,2025-11-30,69058,67096,62191,
L900285,2025-12-01,64648,62122,57580,
L900285,2025-12-02,57729,55763,50131,
L900285,2025-12-03,54728,53154,49762,
L900285,2025-12-04,64891,62469,57572,
L900285,2025-12-05,66489,65041,59252,
L900285,2025-12-06,71085,69093,63833,
L900285,2025-12-07,82355,80909,75461,
L900285,2025-12-08,51895,51037,48435,
L900285,2025-12-09,69568,67498,62436,
L900285,2025-12-10,56266,55212,52301,
L900285,2025-12-11,70141,67902,64301,
L900285,2025-12-12,52746,52173,49308,
L900285,2025-12-13,75750,74787,68124,
L900285,2025-12-14,80943,78131,73346,
L900285,2025-12-15,66993,65113,59172,
L900285,2025-12-16,62550,61867,56428,
L900285,2025-12-17,61817,60048,57618,
L900285,2025-12-18,53699,52764,47625,
L900285,2025-12-19,65249,64449,59919,
L900285,2025-12-20,80253,79313,72480,
L900285,2025-12-21,73678,72877,68778,
L900285,2025-12-22,61635,61003,54550,
L900285,2025-12-23,74304,72446,67682,
L900285,2025-12-24,54116,52096,48776,
L900285,2025-12-25,62697,60691,57649,
L900285,2025-12-26,65112,62560,57913,
L900285,2025-12-27,63268,61287,57562,
L900285,2025-12-28,63736,62714,59848,
L900285,2025-12-29,57063,55247,52081,
L900285,2025-12-30,57434,56318,51821,
L900285,2025-12-31,56732,54940,51881,
L900285,2026-01-01,57603,55882,52829,
L900285,2026-01-02,57730,56402,52192,
L900285,2026-01-03,73586,72131,67303,
L900285,2026-01-04,67952,66840,63102,
L900285,2026-01-05,59300,56978,53609,
L900285,2026-01-06,60537,58534,55123,
L900285,2026-01-07,58621,56288,51458,
L900285,2026-01-08,62686,60340,55520,
L900285,2026-01-09,67690,66202,61657,
L900285,2026-01-10,65314,63511,58321,
L900285,2026-01-11,67511,66794,63551,
L900285,2026-01-12,64367,62086,57664,
L900285,2026-01-13,62023,60984,56608,
L900285,2026-01-14,64788,64055,60237,
L900285,2026-01-15,64010,63309,58634,
L900285,2026-01-16,57553,55900,52730,
L900285,2026-01-17,82484,80637,76776,
L900285,2026-01-18,82662,81604,76156,
L900285,2026-01-19,55912,54827,50022,
L900286,2025-12-06,21257,20870,20037,
L900286,2025-12-07,23403,23004,22278,
L900286,2025-12-08,20517,20154,19034,
L900286,2025-12-09,24570,24179,22326,
L900286,2025-12-10,20061,19493,17857,
L900286,2025-12-11,18980,18522,17103,
L900286,2025-12-12,19717,19244,17415,
L900286,2025-12-13,24557,24059,22591,
L900286,2025-12-14,23187,22868,21192,
L900286,2025-12-15,22955,22685,20453,
L900286,2025-12-16,23822,23101,21172,
L900286,2025-12-17,20965,20553,19640,
L900286,2025-12-18,23249,22633,21261,
L900286,2025-12-19,19487,19280,17628,
L900286,2025-12-20,23829,23294,22543,
L900286,2025-12-21,24212,23431,21942,
L900286,2025-12-22,18910,18596,16864,
L900286,2025-12-23,20677,20224,18676,
L900286,2025-12-24,20218,19460,17522,
L900286,2025-12-25,20512,20111,19326,
L900286,2025-12-26,19225,18979,17991,
L900286,2025-12-27,18055,17350,15857,
L900286,2025-12-28,21160,20385,19462,
L900286,2025-12-29,22084,21325,19391,
L900286,2025-12-30,21111,20775,19820,
L900286,2025-12-31,22874,22501,20743,
L900286,2026-01-01,16987,16743,15270,
L900286,2026-01-02,21898,21517,20914,
L900286,2026-01-03,24869,24580,22561,
L900286,2026-01-04,29772,28795,27013,
L900286,2026-01-05,18607,18318,16992,
L900286,2026-01-06,22284,21812,20254,
L900286,2026-01-07,21945,21437,19248,
L900286,2026-01-08,18266,17638,16144,
L900286,2026-01-09,20168,19812,18557,
L900286,2026-01-10,26250,25573,25044,
L900286,2026-01-11,23502,22888,21142,
L900286,2026-01-12,19460,18690,17785,
L900286,2026-01-13,22505,21888,20159,
L900286,2026-01-14,24043,23665,21672,
L900286,2026-01-15,22333,22061,21158,
L900286,2026-01-16,18386,17832,16789,
L900286,2026-01-17,19532,19137,18112,
L900287,2025-12-06,43144,41852,31602,
L900287,2025-12-07,44969,44127,33439,
L900287,2025-12-08,34245,33188,24306,
L900287,2025-12-09,33890,32718,23481,
L900287,2025-12-10,33516,33135,24327,
L900287,2025-12-11,31943,30909,21796,
L900287,2025-12-12,30610,29948,20274,
L900287,2025-12-13,40254,39111,29224,
L900287,2025-12-14,32414,31677,23590,
L900287,2025-12-15,33759,32706,23432,
L900287,2025-12-16,32917,32425,24675,
L900287,2025-12-17,31436,31103,23065,
L900287,2025-12-18,35038,34426,24909,
L900287,2025-12-19,36843,35895,26852,
L900287,2025-12-20,40439,39664,31226,
L900287,2025-12-21,44614,44126,31165,
L900287,2025-12-22,33032,32547,25690,
L900287,2025-12-23,31414,30280,22447,
L900287,2025-12-24,37451,36338,27364,
L900287,2025-12-25,36265,35358,26686,
L900287,2025-12-26,34162,33786,24466,
L900287,2025-12-27,42706,41141,30112,
L900287,2025-12-28,39681,39244,30204,
L900287,2025-12-29,33054,32468,25134,
L900287,2025-12-30,34793,34440,25375,
L900287,2025-12-31,29136,28784,22520,
L900287,2026-01-01,34077,33597,23335,
L900287,2026-01-02,36787,36031,26626,
L900287,2026-01-03,38196,37180,28205,
L900287,2026-01-04,32855,31807,23082,
L900287,2026-01-05,33276,32405,24532,
L900287,2026-01-06,40203,39393,28957,
L900287,2026-01-07,35347,34234,27214,
L900287,2026-01-08,34106,33510,25111,
L900287,2026-01-09,30718,30028,23397,
L900287,2026-01-10,38917,37633,28050,
L900287,2026-01-11,42064,41232,30582,
L900287,2026-01-12,32908,32397,24130,
L900287,2026-01-13,38886,38160,29979,
L900287,2026-01-14,33615,32825,23995,
L900287,2026-01-15,31887,31399,24922,
L900287,2026-01-16,34444,33502,25538,
L900287,2026-01-17,43571,43016,33731,
L900288,2025-04-30,599770,599770,373633,1156077.6
L900288,2025-05-01,753264,753264,522262,2254624.1
L900288,2025-05-02,652203,652203,363898,1580247.7
L900288,2025-05-03,589040,589040,365068,1856853.2
L900288,2025-05-04,611976,611976,346082,1686803.7
L900288,2025-05-05,525281,525281,337989,1413405.7
L900288,2025-05-06,544407,544407,327012,1288638.6
L900288,2025-05-07,454063,454063,254835,1286728.4
L900288,2025-05-08,454970,454970,253028,991296.7
L900288,2025-05-09,413714,413714,289542,1292889.7
L900288,2025-05-10,358098,358098,227371,925043.1
L900288,2025-05-11,341423,341423,192384,1054793.0
L900288,2025-05-12,315386,315386,187106,843884.2
L900288,2025-05-13,317373,317373,216973,947971.3
L900288,2025-05-14,277889,277889,186202,622118.7
L900288,2025-05-15,286157,286157,172435,575076.1
L900288,2025-05-16,268615,268615,187887,789460.0
L900288,2025-05-17,248187,248187,156673,669079.7
L900288,2025-05-18,234131,234131,145748,642526.7
L900288,2025-05-19,203485,203485,136630,569375.1
L900288,2025-05-20,197408,197408,134023,537306.9
L900288,2025-05-21,159346,159346,101354,410588.9
L900288,2025-05-22,178005,178005,115513,332440.2
L900288,2025-05-23,152946,152946,87298,464858.6
L900288,2025-05-24,161388,161388,97922,434472.5
L900288,2025-05-25,139734,139734,96778,343926.5
L900288,2025-05-26,112660,112660,75954,256674.6
L900288,2025-05-27,163533,163533,103688,496640.6
L900288,2025-05-28,122788,122788,80959,232149.0
L900288,2025-05-29,135507,135507,85193,431328.2
L900288,2025-05-30,105608,105608,65509,195641.7
L900288,2025-05-31,122819,122819,83948,356980.1
L900288,2025-06-01,87489,87489,51761,271679.9
L900288,2025-06-02,94757,94757,65420,235253.0
L900288,2025-06-03,78117,78117,49723,153296.1
L900288,2025-06-04,104068,104068,63739,198404.9
L900288,2025-06-05,75840,75840,52326,163883.7
L900288,2025-06-06,79318,79318,48167,214911.3
L900288,2025-06-07,72092,72092,50116,230629.7
L900288,2025-06-08,64801,64801,43963,138516.3
L900288,2025-06-09,64351,64351,42712,157046.5
L900288,2025-06-10,65451,65451,43854,133614.7
L900288,2025-06-11,57890,57890,38503,174968.4
L900289,2025-07-20,110549,108824,105374,
L900289,2025-07-21,84757,83071,74175,
L900289,2025-07-22,79989,78990,71845,
L900289,2025-07-23,81499,80336,73351,
L900289,2025-07-24,87515,86023,80427,
L900289,2025-07-25,89340,88366,80889,
L900289,2025-07-26,114579,110630,104068,
L900289,2025-07-27,119567,116567,110381,
L900289,2025-07-28,85228,83663,79991,
L900289,2025-07-29,89599,87312,82593,
L900289,2025-07-30,92734,89838,83325,
L900289,2025-07-31,88405,86658,80364,
L900289,2025-08-01,81697,80809,71686,
L900289,2025-08-02,100248,97728,91276,
L900289,2025-08-03,115357,110759,104769,
L900289,2025-08-04,85719,83495,76514,
L900289,2025-08-05,86419,84415,76859,
L900289,2025-08-06,72843,70193,63110,
L900289,2025-08-07,97323,93859,90775,
L900289,2025-08-08,92969,89925,83525,
L900289,2025-08-09,94311,91484,84785,
L900289,2025-08-10,111335,107198,101473,
L900289,2025-08-11,92512,89051,84971,
L900289,2025-08-12,101309,99231,91481,
L900289,2025-08-13,107358,105546,93893,
L900289,2025-08-14,82221,80975,75630,
L900289,2025-08-15,91531,89381,82799,
L900289,2025-08-16,101930,98352,95799,
L900289,2025-08-17,101524,97968,89112,
L900289,2025-08-18,99540,97000,91857,
L900289,2025-08-19,95359,94324,88090,
L900289,2025-08-20,78028,75048,69921,
L900289,2025-08-21,77063,74926,70044,
L900289,2025-08-22,92264,89696,85346,
L900289,2025-08-23,105355,103441,97747,
L900289,2025-08-24,98465,94964,90152,
L900289,2025-08-25,92412,89908,82175,
L900289,2025-08-26,91400,90240,85889,
L900289,2025-08-27,88232,86935,79419,
L900289,2025-08-28,88927,86835,81715,
L900289,2025-08-29,81858,79111,71978,
L900289,2025-08-30,110569,108040,102256,
L900289,2025-08-31,124393,123139,116158,
L900290,2025-07-20,26038,25355,24622,
L900290,2025-07-21,15525,15094,14028,
L900290,2025-07-22,17765,17268,16694,
L900290,2025-07-23,14972,14743,13970,
L900290,2025-07-24,19648,19174,17128,
L900290,2025-07-25,19597,19386,18752,
L900290,2025-07-26,20869,20515,19016,
L900290,2025-07-27,20841,20008,17938,
L900290,2025-07-28,18009,17296,16507,
L900290,2025-07-29,16688,16362,15861,
L900290,2025-07-30,18644,18314,17493,
L900290,2025-07-31,17897,17186,16582,
L900290,2025-08-01,20401,20048,18882,
L900290,2025-08-02,23748,23221,22418,
L900290,2025-08-03,23134,22891,22514,
L900290,2025-08-04,17417,16953,15962,
L900290,2025-08-05,17343,17071,16464,
L900290,2025-08-06,18089,17629,16502,
L900290,2025-08-07,20952,20602,20317,
L900290,2025-08-08,18006,17570,16210,
L900290,2025-08-09,25722,25088,24069,
L900290,2025-08-10,23139,22722,21633,
L900290,2025-08-11,17308,17092,16096,
L900290,2025-08-12,19495,19127,17999,
L900290,2025-08-13,19133,18617,17691,
L900290,2025-08-14,16928,16661,16368,
L900290,2025-08-15,19371,18933,18111,
L900290,2025-08-16,23379,22559,20622,
L900290,2025-08-17,21502,20963,19274,
L900290,2025-08-18,18676,18399,17598,
L900290,2025-08-19,18701,18375,17889,
L900290,2025-08-20,16277,15643,14610,
L900290,2025-08-21,19105,18893,18048,
L900290,2025-08-22,16546,16325,15899,
L900290,2025-08-23,25149,24320,23311,
L900290,2025-08-24,19683,19193,18294,
L900290,2025-08-25,18996,18574,17544,
L900290,2025-08-26,20485,20078,19027,
L900290,2025-08-27,21605,21189,20461,
L900290,2025-08-28,18900,18422,17840,
L900290,2025-08-29,20757,20116,19471,
L900290,2025-08-30,22249,21652,20283,
L900290,2025-08-31,20376,19811,17853,
L900291,2025-09-27,15997,15997,10275,36579.7
L900291,2025-09-28,15150,15150,10269,44205.0
L900291,2025-09-29,16279,16279,10597,35433.4
L900291,2025-09-30,13745,13745,8261,30834.5
L900291,2025-10-01,15573,15573,8876,38297.9
L900291,2025-10-02,11622,11622,7020,25413.2
L900291,2025-10-03,10484,10484,6982,26354.3
L900291,2025-10-04,9560,9560,5978,23187.3
L900291,2025-10-05,11042,11042,7043,27580.4
L900291,2025-10-06,10815,10815,6884,19519.9
L900291,2025-10-07,8591,8591,5909,15949.2
L900291,2025-10-08,7686,7686,4581,22063.4
L900291,2025-10-09,9340,9340,6194,17609.8
L900291,2025-10-10,6522,6522,4015,13379.0
L900291,2025-10-11,7910,7910,5075,25053.9
L900291,2025-10-12,6380,6380,3564,12600.6
L900291,2025-10-13,6625,6625,4382,18077.1
L900291,2025-10-14,6647,6647,4557,15178.0
L900291,2025-10-15,5921,5921,4102,13735.0
L900291,2025-10-16,5165,5165,3184,11043.4
L900291,2025-10-17,5712,5712,3665,16005.3
L900291,2025-10-18,4857,4857,2695,15494.9
L900291,2025-10-19,6083,6083,4033,17932.8
L900291,2025-10-20,3473,3473,2314,6442.1
L900291,2025-10-21,3265,3265,1982,7408.3
L900291,2025-10-22,4082,4082,2510,9306.8
L900291,2025-10-23,3486,3486,2255,7601.1
L900291,2025-10-24,3554,3554,2167,8778.7
L900291,2025-10-25,2761,2761,1569,6294.1
L900291,2025-10-26,2937,2937,1861,7269.3
L900291,2025-10-27,2876,2876,1854,7566.7
L900291,2025-10-28,2450,2450,1356,6880.0
L900291,2025-10-29,2496,2496,1506,7422.1
L900291,2025-10-30,1985,1985,1154,5583.1
L900291,2025-10-31,2249,2249,1495,5938.9
L900291,2025-11-01,2332,2332,1355,4641.6
L900291,2025-11-02,1681,1681,1034,3536.7
L900291,2025-11-03,1572,1572,925,3158.5
L900291,2025-11-04,1904,1904,1316,5285.5
L900291,2025-11-05,1392,1392,798,4350.1
L900291,2025-11-06,1636,1636,1027,4010.6
L900291,2025-11-07,1429,1429,977,4238.5
L900291,2025-11-08,1283,1283,862,3202.6
L900291,2025-11-09,1446,1446,833,3285.1
L900291,2025-11-10,1297,1297,826,2519.8
L900291,2025-11-11,1149,1149,672,2437.3
L900291,2025-11-12,826,826,512,2373.6
L900291,2025-11-13,1062,1062,695,3227.9
L900291,2025-11-14,834,834,459,2310.3
L900291,2025-11-15,860,860,513,2336.6
L900291,2025-11-16,829,829,487,2532.2
L900291,2025-11-17,928,928,538,2249.5
L900291,2025-11-18,716,716,422,1480.3
L900291,2025-11-19,593,593,405,1230.7
L900291,2025-11-20,747,747,424,2000.0
L900291,2025-11-21,658,658,449,1658.5
L900291,2025-11-22,622,622,391,1439.3
L900291,2025-11-23,625,625,403,1972.2
L900291,2025-11-24,601,601,342,1625.1
L900291,2025-11-25,439,439,300,1174.9
L900291,2025-11-26,391,391,215,958.2
L900292,2025-09-27,245882,239291,176253,
L900292,2025-09-28,228619,223537,168027,
L900292,2025-09-29,214151,210730,155284,
L900292,2025-09-30,184433,180606,138016,
L900292,2025-10-01,211721,205612,156749,
L900292,2025-10-02,172570,170509,126370,
L900292,2025-10-03,195577,191729,142018,
L900292,2025-10-04,270108,263173,196695,
L900292,2025-10-05,251520,244635,181092,
L900292,2025-10-06,181587,177911,128428,
L900292,2025-10-07,226088,220709,161093,
L900292,2025-10-08,226406,223419,169022,
L900292,2025-10-09,222070,217534,162423,
L900292,2025-10-10,200240,194550,143378,
L900292,2025-10-11,264023,256389,178828,
L900292,2025-10-12,276147,270950,197792,
L900292,2025-10-13,206044,199700,147467,
L900292,2025-10-14,206815,203058,144928,
L900292,2025-10-15,209995,205949,154850,
L900292,2025-10-16,173542,167099,119306,
L900292,2025-10-17,222346,216717,163447,
L900292,2025-10-18,257159,252247,183221,
L900292,2025-10-19,265535,261219,187017,
L900292,2025-10-20,205197,199842,142661,
L900292,2025-10-21,204788,200704,144384,
L900292,2025-10-22,220022,214092,160282,
L900292,2025-10-23,198006,190264,144944,
L900292,2025-10-24,191604,185125,136861,
L900292,2025-10-25,238803,230293,173836,
L900292,2025-10-26,264084,260048,199206,
L900292,2025-10-27,208854,201741,137346,
L900292,2025-10-28,200325,198139,152825,
L900292,2025-10-29,202082,199868,140237,
L900292,2025-10-30,214935,209101,156926,
L900292,2025-10-31,195406,190692,140171,
L900292,2025-11-01,234132,229098,171926,
L900292,2025-11-02,252293,244192,175008,
L900292,2025-11-03,207318,205005,148698,
L900292,2025-11-04,231728,226116,171367,
L900292,2025-11-05,205447,200656,148810,
L900292,2025-11-06,224303,219608,161747,
L900292,2025-11-07,220065,215039,165482,
L900292,2025-11-08,241293,233240,180276,
L900292,2025-11-09,278384,271063,201934,
L900292,2025-11-10,200109,197568,147133,
L900292,2025-11-11,203418,198141,143482,
L900292,2025-11-12,216311,213604,153694,
L900292,2025-11-13,201857,197852,145122,
L900292,2025-11-14,184816,182205,137231,
L900292,2025-11-15,246568,241718,185150,
L900292,2025-11-16,246240,236983,173440,
L900292,2025-11-17,192461,186912,138460,
L900292,2025-11-18,208218,201376,152005,
L900292,2025-11-19,208589,200837,157030,
L900292,2025-11-20,215049,209736,151065,
L900292,2025-11-21,189692,186415,139940,
L900292,2025-11-22,230695,227171,170809,
L900292,2025-11-23,269152,261782,198534,
L900292,2025-11-24,193050,187328,142075,
L900292,2025-11-25,212831,206634,150397,
L900292,2025-11-26,204831,197133,147736,
L900293,2026-05-31,9697,9424,9036,
L900293,2026-06-01,8425,8197,7636,
L900293,2026-06-02,7968,7867,7231,
L900293,2026-06-03,7503,7349,6608,
L900293,2026-06-04,7979,7756,7318,
L900293,2026-06-05,7777,7622,6954,
L900293,2026-06-06,9519,9148,8753,
L900293,2026-06-07,10149,9939,9237,
L900293,2026-06-08,9103,8799,8657,
L900293,2026-06-09,7521,7287,6741,
L900293,2026-06-10,8256,8029,7320,
L900293,2026-06-11,8353,8042,7495,
L900293,2026-06-12,8054,7803,7166,
L900293,2026-06-13,8872,8668,7717,
L900293,2026-06-14,10593,10384,9852,
L900293,2026-06-15,8243,8019,7513,
L900293,2026-06-16,6380,6152,5628,
L900293,2026-06-17,7661,7488,6801,
L900293,2026-06-18,6762,6638,6043,
L900293,2026-06-19,7852,7558,7036,
L900293,2026-06-20,10156,9972,9685,
L900293,2026-06-21,9988,9657,8947,
L900293,2026-06-22,8948,8679,7796,
L900293,2026-06-23,6521,6320,5765,
L900293,2026-06-24,8330,8210,7662,
L900293,2026-06-25,7116,6912,6327,
L900293,2026-06-26,7045,6795,6150,
L900293,2026-06-27,10643,10321,9568,
L900293,2026-06-28,10809,10560,9632,
L900293,2026-06-29,8129,7901,7383,
L900293,2026-06-30,8372,8265,7728,
L900293,2026-07-01,8438,8212,7728,
L900293,2026-07-02,7139,6897,6515,
L900293,2026-07-03,7757,7604,6953,
L900293,2026-07-04,9994,9718,9216,
L900293,2026-07-05,9102,8900,8214,
L900293,2026-07-06,6954,6729,6015,
L900293,2026-07-07,7670,7440,7037,
L900293,2026-07-08,7463,7298,6995,
L900293,2026-07-09,7693,7386,6839,
L900293,2026-07-10,7641,7462,7086,
L900293,2026-07-11,8742,8483,7867,
L900293,2026-07-12,9054,8905,8181,
L900294,2026-05-31,11910,11535,6932,
L900294,2026-06-01,9920,9631,5692,
L900294,2026-06-02,10066,9898,6018,
L900294,2026-06-03,9688,9490,5447,
L900294,2026-06-04,10520,10161,5829,
L900294,2026-06-05,10324,10056,6302,
L900294,2026-06-06,11078,10805,6597,
L900294,2026-06-07,11546,11159,6770,
L900294,2026-06-08,10474,10071,5962,
L900294,2026-06-09,9809,9633,5538,
L900294,2026-06-10,9355,9006,5224,
L900294,2026-06-11,9782,9585,5595,
L900294,2026-06-12,8808,8650,5020,
L900294,2026-06-13,13233,13078,7832,
L900294,2026-06-14,12041,11898,7510,
L900294,2026-06-15,9470,9199,5319,
L900294,2026-06-16,8776,8523,4874,
L900294,2026-06-17,11349,11127,6372,
L900294,2026-06-18,8715,8620,5149,
L900294,2026-06-19,10238,9936,5927,
L900294,2026-06-20,11733,11401,6382,
L900294,2026-06-21,11842,11650,6886,
L900294,2026-06-22,9871,9536,5604,
L900294,2026-06-23,9502,9322,5486,
L900294,2026-06-24,9926,9584,5423,
L900294,2026-06-25,10040,9923,5678,
L900294,2026-06-26,10419,10066,6014,
L900294,2026-06-27,12501,12345,6756,
L900294,2026-06-28,11091,10797,6124,
L900294,2026-06-29,9296,9081,5168,
L900294,2026-06-30,10664,10428,6193,
L900294,2026-07-01,9592,9227,5460,
L900294,2026-07-02,10190,9986,5785,
L900294,2026-07-03,10841,10409,5899,
L900294,2026-07-04,12070,11621,6495,
L900294,2026-07-05,11055,10653,5888,
L900294,2026-07-06,9145,8944,5202,
L900294,2026-07-07,9688,9388,5394,
L900294,2026-07-08,9691,9454,5818,
L900294,2026-07-09,9025,8771,4868,
L900294,2026-07-10,9257,9156,5297,
L900294,2026-07-11,12514,12022,7121,
L900294,2026-07-12,12927,12581,7269,
L900295,2026-05-31,193377,191304,130912,
L900295,2026-06-01,141993,139490,104422,
L900295,2026-06-02,162461,157977,111656,
L900295,2026-06-03,136535,132319,94323,
L900295,2026-06-04,120958,118861,87470,
L900295,2026-06-05,150700,148169,113218,
L900295,2026-06-06,163750,159939,120486,
L900295,2026-06-07,168322,164472,123540,
L900295,2026-06-08,154332,151357,111416,
L900295,2026-06-09,153456,150376,107630,
L900295,2026-06-10,148704,145049,110334,
L900295,2026-06-11,151797,148521,106385,
L900295,2026-06-12,138957,136025,101480,
L900295,2026-06-13,177089,171489,127299,
L900295,2026-06-14,190582,185727,132625,
L900295,2026-06-15,138568,134815,95212,
L900295,2026-06-16,148305,142632,107129,
L900295,2026-06-17,179132,176352,134120,
L900295,2026-06-18,145029,142146,105912,
L900295,2026-06-19,137705,134673,100009,
L900295,2026-06-20,174807,170414,119409,
L900295,2026-06-21,173722,171559,127300,
L900295,2026-06-22,161109,156079,115087,
L900295,2026-06-23,132631,131056,97685,
L900295,2026-06-24,142124,139454,102831,
L900295,2026-06-25,126827,124272,91573,
L900295,2026-06-26,134737,131928,97055,
L900295,2026-06-27,181045,176840,128475,
L900295,2026-06-28,168000,161352,121146,
L900295,2026-06-29,138238,134160,106279,
L900295,2026-06-30,144096,140454,100447,
L900295,2026-07-01,131797,127501,91953,
L900295,2026-07-02,131958,127756,95911,
L900295,2026-07-03,128777,125307,91897,
L900295,2026-07-04,186663,182414,133090,
L900295,2026-07-05,180215,174629,123347,
L900295,2026-07-06,137094,135370,97775,
L900295,2026-07-07,144672,142325,102375,
L900295,2026-07-08,164676,161491,114208,
L900295,2026-07-09,154121,152434,115478,
L900295,2026-07-10,144786,141338,104743,
L900295,2026-07-11,196407,193076,152417,
L900295,2026-07-12,168192,165915,123300,
L900296,2025-07-16,30,29,21,
L900296,2025-07-17,33,32,22,
L900296,2025-07-18,34,32,23,
L900296,2025-07-19,38,37,26,
L900296,2025-07-20,41,40,30,
L900296,2025-07-21,34,33,24,
L900296,2025-07-22,30,29,21,
L900296,2025-07-23,34,32,22,
L900296,2025-07-24,33,32,23,
L900296,2025-07-25,33,32,23,
L900296,2025-07-26,40,38,27,
L900296,2025-07-27,36,35,25,
L900296,2025-07-28,36,34,25,
L900296,2025-07-29,32,31,22,
L900296,2025-07-30,32,30,21,
L900296,2025-07-31,33,32,24,
L900296,2025-08-01,39,38,27,
L900296,2025-08-02,42,40,30,
L900296,2025-08-03,39,38,27,
L900296,2025-08-04,33,31,24,
L900296,2025-08-05,33,32,23,
L900296,2025-08-06,32,31,22,
L900296,2025-08-07,33,32,24,
L900296,2025-08-08,31,30,20,
L900296,2025-08-09,41,39,28,
L900296,2025-08-10,37,35,25,
L900296,2025-08-11,34,32,23,
L900296,2025-08-12,35,33,25,
L900296,2025-08-13,32,31,22,
L900296,2025-08-14,33,31,22,
L900296,2025-08-15,28,26,20,
L900296,2025-08-16,42,41,29,
L900296,2025-08-17,34,33,24,
L900296,2025-08-18,31,30,22,
L900296,2025-08-19,27,26,18,
L900296,2025-08-20,32,31,22,
L900296,2025-08-21,32,31,22,
L900296,2025-08-22,37,36,26,
L900296,2025-08-23,37,35,24,
L900296,2025-08-24,38,36,25,
L900296,2025-08-25,35,34,25,
L900296,2025-08-26,35,33,25,
L900296,2025-08-27,30,29,21,
L900296,2025-08-28,36,34,25,
L900296,2025-08-29,34,32,24,
L900296,2025-08-30,43,42,31,
L900296,2025-08-31,44,42,31,
L900296,2025-09-01,34,32,23,
L900296,2025-09-02,35,33,23,
L900296,2025-09-03,28,26,19,
L900296,2025-09-04,30,29,20,
L900296,2025-09-05,36,35,26,
L900296,2025-09-06,39,37,25,
L900296,2025-09-07,41,40,30,
L900296,2025-09-08,34,32,23,
L900296,2025-09-09,32,31,22,
L900296,2025-09-10,30,29,21,
L900296,2025-09-11,34,32,23,
L900296,2025-09-12,35,34,24,
L900296,2025-09-13,34,33,24,
L900296,2025-09-14,36,35,26,
L900296,2025-09-15,29,27,20,
L900296,2025-09-16,30,29,22,
L900296,2025-09-17,34,32,23,
L900296,2025-09-18,38,36,26,
L900296,2025-09-19,33,32,23,
L900296,2025-09-20,41,40,30,
L900296,2025-09-21,37,35,25,
L900296,2025-09-22,33,32,24,
L900296,2025-09-23,34,32,23,
L900296,2025-09-24,31,29,21,
L900296,2025-09-25,30,28,21,
L900296,2025-09-26,31,30,22,
L900296,2025-09-27,40,38,28,
L900296,2025-09-28,40,39,28,
L900296,2025-09-29,33,32,23,
L900296,2025-09-30,32,31,23,
L900296,2025-10-01,34,33,24,
L900296,2025-10-02,32,31,23,
L900296,2025-10-03,32,31,22,
L900296,2025-10-04,42,41,30,
L900296,2025-10-05,38,37,26,
L900296,2025-10-06,33,32,24,
L900296,2025-10-07,36,35,24,
L900296,2025-10-08,37,36,26,
L900296,2025-10-09,35,34,24,
L900296,2025-10-10,28,26,18,
L900296,2025-10-11,39,38,28,
L900296,2025-10-12,40,38,27,
L900296,2025-10-13,36,34,25,
L900296,2025-10-14,33,32,25,
L900297,2025-07-16,15633,15108,14497,
L900297,2025-07-17,17526,17020,16271,
L900297,2025-07-18,16762,16516,16179,
L900297,2025-07-19,22215,21603,20472,
L900297,2025-07-20,19008,18655,17882,
L900297,2025-07-21,15694,15255,14762,
L900297,2025-07-22,17116,16482,16317,
L900297,2025-07-23,18505,17888,16607,
L900297,2025-07-24,15867,15381,14023,
L900297,2025-07-25,13723,13482,12838,
L900297,2025-07-26,18128,17819,17512,
L900297,2025-07-27,21896,21037,19870,
L900297,2025-07-28,16119,15757,15437,
L900297,2025-07-29,18825,18515,17243,
L900297,2025-07-30,15149,14762,13935,
L900297,2025-07-31,17125,16845,15829,
L900297,2025-08-01,17153,16472,16290,
L900297,2025-08-02,17785,17602,16565,
L900297,2025-08-03,17816,17575,16402,
L900297,2025-08-04,16164,15550,14546,
L900297,2025-08-05,17243,16995,16196,
L900297,2025-08-06,16950,16684,15747,
L900297,2025-08-07,16270,16037,15122,
L900297,2025-08-08,16225,15622,14971,
L900297,2025-08-09,16956,16553,15820,
L900297,2025-08-10,18647,18410,17364,
L900297,2025-08-11,14486,14149,13340,
L900297,2025-08-12,16922,16440,15768,
L900297,2025-08-13,14983,14794,14175,
L900297,2025-08-14,18064,17779,16714,
L900297,2025-08-15,16555,16189,14709,
L900297,2025-08-16,18601,18196,17384,
L900297,2025-08-17,21571,21206,19891,
L900297,2025-08-18,20090,19356,18509,
L900297,2025-08-19,14868,14680,14323,
L900297,2025-08-20,14895,14578,13944,
L900297,2025-08-21,15324,15043,13882,
L900297,2025-08-22,17828,17134,16188,
L900297,2025-08-23,22806,22137,20579,
L900297,2025-08-24,17539,16901,15893,
L900297,2025-08-25,20382,19624,18970,
L900297,2025-08-26,17288,17018,16366,
L900297,2025-08-27,15912,15662,15505,
L900297,2025-08-28,17161,16589,15880,
L900297,2025-08-29,17859,17642,16310,
L900297,2025-08-30,18630,18114,17119,
L900297,2025-08-31,21629,21048,19449,
L900297,2025-09-01,16465,16054,15184,
L900297,2025-09-02,14469,14235,13378,
L900297,2025-09-03,17272,16836,15494,
L900297,2025-09-04,18423,17953,17223,
L900297,2025-09-05,17012,16605,15777,
L900297,2025-09-06,18288,17908,16779,
L900297,2025-09-07,20620,20172,18900,
L900297,2025-09-08,16804,16206,15104,
L900297,2025-09-09,17152,16903,16235,
L900297,2025-09-10,14399,14128,13440,
L900297,2025-09-11,14539,14285,13039,
L900297,2025-09-12,15768,15585,15429,
L900297,2025-09-13,21283,20974,20509,
L900297,2025-09-14,21015,20746,19793,
L900297,2025-09-15,17740,17538,16436,
L900297,2025-09-16,17177,16926,16478,
L900297,2025-09-17,17481,17300,16865,
L900297,2025-09-18,16796,16132,15871,
L900297,2025-09-19,16278,16075,15914,
L900297,2025-09-20,20959,20562,19376,
L900297,2025-09-21,18149,17749,16574,
L900297,2025-09-22,15284,14711,13949,
L900297,2025-09-23,14867,14701,14346,
L900297,2025-09-24,16701,16143,15358,
L900297,2025-09-25,15011,14776,13809,
L900297,2025-09-26,13614,13099,12867,
L900297,2025-09-27,17767,17160,15841,
L900297,2025-09-28,22305,21798,20877,
L900297,2025-09-29,16714,16127,15430,
L900297,2025-09-30,17818,17177,16352,
L900297,2025-10-01,14510,14174,13673,
L900297,2025-10-02,17114,16913,16463,
L900297,2025-10-03,14900,14648,13701,
L900297,2025-10-04,20668,20005,18626,
L900297,2025-10-05,16267,15941,15206,
L900297,2025-10-06,17740,17532,16610,
L900297,2025-10-07,17280,17017,16303,
L900297,2025-10-08,16568,16142,15378,
L900297,2025-10-09,18341,17979,16733,
L900297,2025-10-10,17578,17368,16089,
L900297,2025-10-11,18765,18279,17802,
L900297,2025-10-12,18100,17573,16609,
L900297,2025-10-13,19682,19222,18655,
L900297,2025-10-14,15578,15134,14206,
L900298,2025-03-21,199123,199123,117130,360346.3
L900298,2025-03-22,149172,149172,90982,282772.0
L900298,2025-03-23,139540,139540,95964,436224.6
L900298,2025-03-24,157520,157520,90920,374947.9
L900298,2025-03-25,115190,115190,80224,228517.5
L900298,2025-03-26,118524,118524,65771,251433.7
L900298,2025-03-27,121766,121766,68058,285378.3
L900298,2025-03-28,115268,115268,80629,267287.8
L900298,2025-03-29,94059,94059,52768,211181.4
L900298,2025-03-30,106209,106209,69149,216159.3
L900298,2025-03-31,101956,101956,57878,245129.8
L900298,2025-04-01,84953,84953,57319,160464.4
L900298,2025-04-02,99912,99912,56178,196828.1
L900298,2025-04-03,83433,83433,55022,251039.2
L900298,2025-04-04,68357,68357,44881,197680.2
L900298,2025-04-05,83167,83167,56655,221258.6
L900298,2025-04-06,63873,63873,40962,134792.0
L900298,2025-04-07,64610,64610,36110,145654.5
L900298,2025-04-08,56868,56868,36256,161718.7
L900298,2025-04-09,59811,59811,39795,156294.1
L900298,2025-04-10,50465,50465,34684,95045.5
L900298,2025-04-11,47830,47830,31960,100903.4
L900298,2025-04-12,46271,46271,30937,136147.4
L900298,2025-04-13,42062,42062,25284,101060.9
L900298,2025-04-14,46176,46176,29955,115756.5
L900298,2025-04-15,34337,34337,22002,102489.7
L900298,2025-04-16,36852,36852,20851,67373.9
L900298,2025-04-17,35147,35147,22402,82302.5
L900298,2025-04-18,32398,32398,18342,92915.3
L900298,2025-04-19,33888,33888,23010,63294.8
L900298,2025-04-20,24721,24721,14665,45565.2
L900298,2025-04-21,28959,28959,16636,54765.6
L900298,2025-04-22,22594,22594,14983,67320.4
L900298,2025-04-23,23067,23067,15429,41710.7
L900298,2025-04-24,19804,19804,11255,57440.2
L900298,2025-04-25,20840,20840,13887,64979.0
L900298,2025-04-26,19126,19126,13072,55009.3
L900298,2025-04-27,22250,22250,13082,63323.8
L900298,2025-04-28,18439,18439,12374,54870.2
L900298,2025-04-29,17702,17702,12063,49248.0
L900298,2025-04-30,14200,14200,9283,35491.3
L900298,2025-05-01,16152,16152,9131,29936.1
L900298,2025-05-02,16483,16483,10980,49071.4
L900298,2025-05-03,14498,14498,8567,37542.5
L900298,2025-05-04,10913,10913,6433,28291.5
L900298,2025-05-05,11281,11281,6800,33260.0
L900299,2025-09-01,85571,83894,83055,
L900299,2025-09-02,86252,85000,80676,
L900299,2025-09-03,85405,82840,79081,
L900299,2025-09-04,99635,98365,93672,
L900299,2025-09-05,88141,85941,79798,
L900299,2025-09-06,119103,115818,109694,
L900299,2025-09-07,106978,103121,93141,
L900299,2025-09-08,88800,87764,82671,
L900299,2025-09-09,76608,74146,71906,
L900299,2025-09-10,85872,83463,82454,
L900299,2025-09-11,99865,97650,91361,
L900299,2025-09-12,99541,96217,94505,
L900299,2025-09-13,103743,101517,94344,
L900299,2025-09-14,89874,87752,84032,
L900299,2025-09-15,82728,81486,78080,
L900299,2025-09-16,85638,83680,78191,
L900299,2025-09-17,85683,82360,76100,
L900299,2025-09-18,85680,82915,77547,
L900299,2025-09-19,89612,87663,83462,
L900299,2025-09-20,99294,96138,93447,
L900299,2025-09-21,107214,103906,101832,
L900299,2025-09-22,91444,89610,85253,
L900299,2025-09-23,86189,84442,81258,
L900299,2025-09-24,89954,87139,84278,
L900299,2025-09-25,101230,98271,91928,
L900299,2025-09-26,94116,92976,89415,
L900299,2025-09-27,112580,111443,104905,
L900299,2025-09-28,105012,102207,95903,
L900299,2025-09-29,85380,83068,77518,
L900299,2025-09-30,88963,86248,80628,
L900299,2025-10-01,92840,89657,85276,
L900299,2025-10-02,90927,89366,84408,
L900299,2025-10-03,90208,88043,83205,
L900299,2025-10-04,115373,112329,105718,
L900299,2025-10-05,111863,109914,101546,
L900299,2025-10-06,94824,92751,87076,
L900299,2025-10-07,83166,82030,76060,
L900299,2025-10-08,80972,79692,74940,
L900299,2025-10-09,100469,97038,90937,
L900299,2025-10-10,73858,71115,68079,
L900299,2025-10-11,98920,97747,94452,
L900299,2025-10-12,104942,103789,98030,
L900299,2025-10-13,98306,95834,92226,
L900299,2025-10-14,80768,78808,73134,
L900299,2025-10-15,76913,75290,74537,
L900299,2025-10-16,83522,80490,78348,
L900300,2025-09-01,90033,90033,62877,246799.8
L900300,2025-09-02,95259,95259,57755,240648.4
L900300,2025-09-03,86594,86594,55192,157605.7
L900300,2025-09-04,91066,91066,63282,286557.6
L900300,2025-09-05,85862,85862,52213,227727.5
L900300,2025-09-06,70360,70360,43404,164875.9
L900300,2025-09-07,60278,60278,34246,141431.6
L900300,2025-09-08,58378,58378,33308,163856.8
L900300,2025-09-09,48200,48200,29394,87291.6
L900300,2025-09-10,57204,57204,33089,150759.4
L900300,2025-09-11,55327,55327,31487,162167.8
L900300,2025-09-12,46205,46205,28185,118642.8
L900300,2025-09-13,42920,42920,29512,137219.1
L900300,2025-09-14,46193,46193,30084,114390.7
L900300,2025-09-15,40820,40820,22732,96097.1
L900300,2025-09-16,40162,40162,24369,119476.4
L900300,2025-09-17,37227,37227,24640,109824.4
L900300,2025-09-18,37301,37301,22168,75399.9
L900300,2025-09-19,32338,32338,22136,95416.6
L900300,2025-09-20,30702,30702,19176,60943.2
L900300,2025-09-21,24679,24679,13894,76824.2
L900300,2025-09-22,28485,28485,17043,62180.6
L900300,2025-09-23,27201,27201,18881,61917.2
L900300,2025-09-24,24941,24941,14995,70829.5
L900300,2025-09-25,28485,28485,19218,51300.4
L900300,2025-09-26,22887,22887,13689,68012.9
L900300,2025-09-27,20877,20877,14105,46607.1
L900300,2025-09-28,20971,20971,12762,39583.3
L900300,2025-09-29,22785,22785,13146,52559.3
L900300,2025-09-30,18163,18163,12303,41325.7
L900300,2025-10-01,12974,12974,7428,34722.5
L900300,2025-10-02,16391,16391,11247,50089.8
L900300,2025-10-03,13496,13496,8091,38795.0
L900300,2025-10-04,11256,11256,6508,22136.5
L900300,2025-10-05,15352,15352,9070,47375.6
L900300,2025-10-06,14190,14190,7839,37712.3
L900300,2025-10-07,10586,10586,7139,22462.5
L900300,2025-10-08,9977,9977,6480,21341.6
L900300,2025-10-09,10489,10489,5968,29421.2
L900300,2025-10-10,8861,8861,5037,23449.3
L900300,2025-10-11,9032,9032,6164,27908.0
L900300,2025-10-12,8008,8008,5099,24688.5
L900300,2025-10-13,7795,7795,5326,16499.7
L900300,2025-10-14,6574,6574,3723,19328.5
L900300,2025-10-15,7798,7798,5351,21030.8
L900300,2025-10-16,7599,7599,4265,22849.9
L900301,2026-06-27,6334,6230,5872,
L900301,2026-06-28,6353,6196,5976,
L900301,2026-06-29,4695,4544,4304,
L900301,2026-06-30,5200,5133,4658,
L900301,2026-07-01,6191,6102,5965,
L900301,2026-07-02,5160,5059,4749,
L900301,2026-07-03,5050,4944,4567,
L900301,2026-07-04,5777,5697,5152,
L900301,2026-07-05,7290,7103,6600,
L900301,2026-07-06,5269,5178,4731,
L900301,2026-07-07,5327,5138,4623,
L900301,2026-07-08,4923,4855,4398,
L900301,2026-07-09,5790,5566,4992,
L900301,2026-07-10,4752,4583,4074,
L900301,2026-07-11,5900,5828,5366,
L900301,2026-07-12,6849,6662,6166,
L900301,2026-07-13,5075,4952,4635,
L900301,2026-07-14,5062,4894,4787,
L900301,2026-07-15,4999,4831,4532,
L900301,2026-07-16,5594,5474,5022,
L900301,2026-07-17,5317,5194,4778,
L900301,2026-07-18,6492,6365,5932,
L900301,2026-07-19,6281,6170,5595,
L900301,2026-07-20,6030,5803,5464,
L900301,2026-07-21,4581,4412,4066,
L900301,2026-07-22,4589,4407,4165,
L900301,2026-07-23,5238,5035,4682,
L900301,2026-07-24,4894,4798,4431,
L900301,2026-07-25,6752,6559,6238,
L900301,2026-07-26,6782,6686,6010,
L900301,2026-07-27,5169,4987,4663,
L900301,2026-07-28,4939,4801,4305,
L900301,2026-07-29,4707,4658,4471,
L900301,2026-07-30,4747,4631,4311,
L900301,2026-07-31,5182,5070,4699,
L900301,2026-08-01,6190,6091,5760,
L900301,2026-08-02,6370,6270,5752,
L900301,2026-08-03,5269,5165,4671,
L900301,2026-08-04,5447,5288,4845,
L900301,2026-08-05,4986,4857,4566,
L900301,2026-08-06,5076,5021,4634,
L900301,2026-08-07,5738,5642,5137,
L900301,2026-08-08,6606,6514,6181,
L900302,2026-06-27,110297,108753,61680,
L900302,2026-06-28,87417,85013,50697,
L900302,2026-06-29,83440,82022,46275,
L900302,2026-06-30,80612,78114,49562,
L900302,2026-07-01,78252,76348,45691,
L900302,2026-07-02,87391,85293,53740,
L900302,2026-07-03,79128,76426,46242,
L900302,2026-07-04,88014,86492,50208,
L900302,2026-07-05,90585,88304,47886,
L900302,2026-07-06,67651,66216,38974,
L900302,2026-07-07,80394,77936,43579,
L900302,2026-07-08,87271,84553,47163,
L900302,2026-07-09,79200,76473,43719,
L900302,2026-07-10,78267,76637,45826,
L900302,2026-07-11,99632,96252,57188,
L900302,2026-07-12,98300,94712,52522,
L900302,2026-07-13,84646,83543,46683,
L900302,2026-07-14,76944,76105,43606,
L900302,2026-07-15,79776,78211,44604,
L900302,2026-07-16,76619,75294,46108,
L900302,2026-07-17,69561,67933,39397,
L900302,2026-07-18,85567,82994,49255,
L900302,2026-07-19,88479,87554,50848,
L900302,2026-07-20,69379,67127,40667,
L900302,2026-07-21,78055,75788,44165,
L900302,2026-07-22,82750,80815,44850,
L900302,2026-07-23,73784,71999,42004,
L900302,2026-07-24,66664,65018,35558,
L900302,2026-07-25,87768,85499,47638,
L900302,2026-07-26,91356,87721,51794,
L900302,2026-07-27,82258,79614,49057,
L900302,2026-07-28,77462,75285,43897,
L900302,2026-07-29,77448,75361,44192,
L900302,2026-07-30,80076,79071,47319,
L900302,2026-07-31,83303,81741,48258,
L900302,2026-08-01,105289,102758,59654,
L900302,2026-08-02,89344,87218,49804,
L900302,2026-08-03,76946,76106,42492,
L900302,2026-08-04,73795,71505,39842,
L900302,2026-08-05,79738,78239,45932,
L900302,2026-08-06,66621,65610,37195,
L900302,2026-08-07,88934,86568,51299,
L900302,2026-08-08,97355,95572,54162,
L900303,2026-06-27,118960,114663,83023,
L900303,2026-06-28,114393,111964,81798,
L900303,2026-06-29,86668,84016,59947,
L900303,2026-06-30,96815,93152,67352,
L900303,2026-07-01,96017,94601,66966,
L900303,2026-07-02,104692,101180,79083,
L900303,2026-07-03,106472,105123,80167,
L900303,2026-07-04,125063,122144,91035,
L900303,2026-07-05,119922,117298,84655,
L900303,2026-07-06,103816,99983,75248,
L900303,2026-07-07,94741,93160,69918,
L900303,2026-07-08,92923,91183,66326,
L900303,2026-07-09,104486,101548,76019,
L900303,2026-07-10,96559,92972,68152,
L900303,2026-07-11,120763,118304,83202,
L900303,2026-07-12,111878,109016,77913,
L900303,2026-07-13,98478,95411,72681,
L900303,2026-07-14,102141,100808,73566,
L900303,2026-07-15,92824,89339,64763,
L900303,2026-07-16,114124,112264,83228,
L900303,2026-07-17,99957,96748,67508,
L900303,2026-07-18,107846,103544,76531,
L900303,2026-07-19,114351,112586,83613,
L900303,2026-07-20,99329,95401,71742,
L900303,2026-07-21,83673,81299,58364,
L900303,2026-07-22,97601,94509,68712,
L900303,2026-07-23,95943,92928,68969,
L900303,2026-07-24,92522,89216,66362,
L900303,2026-07-25,124281,122249,90623,
L900303,2026-07-26,125965,123184,85802,
L900303,2026-07-27,93772,92641,70207,
L900303,2026-07-28,91582,88887,63998,
L900303,2026-07-29,97391,94843,70150,
L900303,2026-07-30,94177,91176,70832,
L900303,2026-07-31,100640,97232,70195,
L900303,2026-08-01,105382,101385,75847,
L900303,2026-08-02,110269,108490,84953,
L900303,2026-08-03,101753,100278,75328,
L900303,2026-08-04,100342,96619,73665,
L900303,2026-08-05,79532,76642,54870,
L900303,2026-08-06,106525,104984,80838,
L900303,2026-08-07,88662,85718,60313,
L900303,2026-08-08,120694,118830,89087,
L900304,2026-02-14,206482,204001,182165,
L900304,2026-02-15,201248,194192,179721,
L900304,2026-02-16,163873,159442,142162,
L900304,2026-02-17,179407,175542,166293,
L900304,2026-02-18,160494,154211,142842,
L900304,2026-02-19,164577,158118,145509,
L900304,2026-02-20,178152,171270,161053,
L900304,2026-02-21,225311,217691,207041,
L900304,2026-02-22,204621,200323,197687,
L900304,2026-02-23,192642,186244,170755,
L900304,2026-02-24,173126,167767,149360,
L900304,2026-02-25,171764,167983,161847,
L900304,2026-02-26,209525,203433,188699,
L900304,2026-02-27,175982,172698,162699,
L900304,2026-02-28,240331,235772,214632,
L900304,2026-03-01,251548,247626,228721,
L900304,2026-03-02,155346,152473,140838,
L900304,2026-03-03,160289,156891,147224,
L900304,2026-03-04,148734,146058,136247,
L900304,2026-03-05,180494,176108,169003,
L900304,2026-03-06,180722,173993,166759,
L900304,2026-03-07,197419,195045,182929,
L900304,2026-03-08,170472,166270,154252,
L900304,2026-03-09,176693,169909,159637,
L900304,2026-03-10,149807,147008,135570,
L900304,2026-03-11,167952,165921,152882,
L900304,2026-03-12,181331,178879,165581,
L900304,2026-03-13,172752,166441,153160,
L900304,2026-03-14,225146,220008,209620,
L900305,2026-02-14,211249,203771,115063,
L900305,2026-02-15,185880,181829,102002,
L900305,2026-02-16,150891,145839,86613,
L900305,2026-02-17,130601,127089,73379,
L900305,2026-02-18,163336,161302,90928,
L900305,2026-02-19,146672,143071,83941,
L900305,2026-02-20,141623,138044,75286,
L900305,2026-02-21,183423,177673,103091,
L900305,2026-02-22,187210,184593,107919,
L900305,2026-02-23,142836,141204,82950,
L900305,2026-02-24,130877,126469,77293,
L900305,2026-02-25,137835,132807,76065,
L900305,2026-02-26,156794,151309,88507,
L900305,2026-02-27,139415,134796,79297,
L900305,2026-02-28,180634,176671,102051,
L900305,2026-03-01,184713,178787,99153,
L900305,2026-03-02,145080,139455,83115,
L900305,2026-03-03,149172,147142,78747,
L900305,2026-03-04,140664,135095,75074,
L900305,2026-03-05,156720,152569,87297,
L900305,2026-03-06,155458,152437,84703,
L900305,2026-03-07,177396,175518,101828,
L900305,2026-03-08,210058,206267,124494,
L900305,2026-03-09,154766,152653,94729,
L900305,2026-03-10,145329,143343,82853,
L900305,2026-03-11,139676,136290,79941,
L900305,2026-03-12,110612,108834,63128,
L900305,2026-03-13,144681,141305,81516,
L900305,2026-03-14,150952,146316,84424,
L900306,2025-06-28,89230,89230,60567,192573.8
L900306,2025-06-29,69537,69537,43033,146698.9
L900306,2025-06-30,53352,53352,32424,160241.6
L900306,2025-07-01,61995,61995,43229,142250.8
L900306,2025-07-02,64954,64954,35846,178045.0
L900306,2025-07-03,57133,57133,35273,179814.5
L900306,2025-07-04,48043,48043,27427,143971.9
L900306,2025-07-05,46418,46418,29356,93602.7
L900306,2025-07-06,45550,45550,30965,93531.4
L900306,2025-07-07,42223,42223,27576,107849.0
L900306,2025-07-08,36354,36354,20654,107629.3
L900306,2025-07-09,38906,38906,22638,116677.4
L900306,2025-07-10,31969,31969,19574,100438.3
L900306,2025-07-11,38038,38038,21862,98055.7
L900306,2025-07-12,36222,36222,21343,87530.8
L900306,2025-07-13,27721,27721,17020,77387.1
L900306,2025-07-14,26938,26938,15686,56257.0
L900306,2025-07-15,26172,26172,17733,80317.5
L900306,2025-07-16,25655,25655,16888,59114.6
L900306,2025-07-17,24860,24860,15859,73932.1
L900306,2025-07-18,23883,23883,15177,65132.8
L900306,2025-07-19,22442,22442,12466,53035.3
L900306,2025-07-20,23391,23391,15181,55107.5
L900306,2025-07-21,19181,19181,13102,49109.4
L900306,2025-07-22,15617,15617,10905,30176.7
L900306,2025-07-23,14189,14189,8234,38520.4
L900306,2025-07-24,18530,18530,10927,59256.6
L900306,2025-07-25,15762,15762,9901,44414.3
L900306,2025-07-26,14416,14416,9179,46124.5
L900307,2025-06-28,131191,126303,94558,
L900307,2025-06-29,125669,124286,94594,
L900307,2025-06-30,102510,100432,72505,
L900307,2025-07-01,92529,91552,67313,
L900307,2025-07-02,117853,115961,84750,
L900307,2025-07-03,95202,92397,68900,
L900307,2025-07-04,101430,97841,75432,
L900307,2025-07-05,140665,136141,97283,
L900307,2025-07-06,127728,123072,89214,
L900307,2025-07-07,97069,95728,70731,
L900307,2025-07-08,114007,112009,82703,
L900307,2025-07-09,102585,99920,69531,
L900307,2025-07-10,101303,99324,74595,
L900307,2025-07-11,95516,93053,71246,
L900307,2025-07-12,123482,121163,90130,
L900307,2025-07-13,125394,121532,87074,
L900307,2025-07-14,110772,108701,79138,
L900307,2025-07-15,99872,98687,68338,
L900307,2025-07-16,118154,116225,86020,
L900307,2025-07-17,116475,112698,84794,
L900307,2025-07-18,116474,115133,83899,
L900307,2025-07-19,115308,111023,83850,
L900307,2025-07-20,130879,128350,93781,
L900307,2025-07-21,113361,111297,83045,
L900307,2025-07-22,112472,109928,79098,
L900307,2025-07-23,115372,113961,84320,
L900307,2025-07-24,116290,114213,86729,
L900307,2025-07-25,112878,111140,81996,
L900307,2025-07-26,136883,134719,102684,
L900308,2025-11-19,506615,495054,373388,
L900308,2025-11-20,477568,462161,355993,
L900308,2025-11-21,431458,415147,307494,
L900308,2025-11-22,583890,564856,410753,
L900308,2025-11-23,618224,604137,433462,
L900308,2025-11-24,584359,564444,402424,
L900308,2025-11-25,460595,443613,318996,
L900308,2025-11-26,506451,497786,378462,
L900308,2025-11-27,519513,505124,388666,
L900308,2025-11-28,465541,459622,346175,
L900308,2025-11-29,588835,572239,426067,
L900308,2025-11-30,657015,642091,453415,
L900308,2025-12-01,577941,557896,411222,
L900308,2025-12-02,434458,422289,306642,
L900308,2025-12-03,502615,488958,355051,
L900308,2025-12-04,416859,406342,301479,
L900308,2025-12-05,469749,457837,344761,
L900308,2025-12-06,551908,539235,423423,
L900308,2025-12-07,628287,609957,453768,
L900308,2025-12-08,523386,511227,359683,
L900308,2025-12-09,478714,460598,357267,
L900308,2025-12-10,485767,478482,353475,
L900308,2025-12-11,479929,465174,357853,
L900308,2025-12-12,488778,476346,340569,
L900308,2025-12-13,727992,720677,513482,
L900308,2025-12-14,598788,576147,416648,
L900308,2025-12-15,470553,456615,328216,
L900308,2025-12-16,476998,469000,356290,
L900308,2025-12-17,422678,418398,320164,
L900309,2026-04-20,530455,530455,335331,1359125.5
L900309,2026-04-21,481363,481363,286250,1157819.6
L900309,2026-04-22,460066,460066,286946,912029.4
L900309,2026-04-23,481623,481623,279376,1276158.8
L900309,2026-04-24,327740,327740,213665,814765.5
L900309,2026-04-25,401131,401131,245053,926070.0
L900309,2026-04-26,325882,325882,180582,629463.1
L900309,2026-04-27,359037,359037,201886,952778.4
L900309,2026-04-28,293172,293172,175946,743474.1
L900309,2026-04-29,314940,314940,173227,691697.2
L900309,2026-04-30,234122,234122,155084,556690.0
L900309,2026-05-01,216729,216729,127364,577770.1
L900309,2026-05-02,242915,242915,161227,526194.7
L900309,2026-05-03,264601,264601,168750,481011.0
L900309,2026-05-04,229596,229596,126365,646673.5
L900309,2026-05-05,216078,216078,149658,418359.1
L900309,2026-05-06,209894,209894,144840,606231.0
L900309,2026-05-07,174788,174788,119924,375816.0
L900309,2026-05-08,181883,181883,112592,481597.1
L900309,2026-05-09,152074,152074,90754,407615.6
L900309,2026-05-10,147256,147256,98677,389330.3
L900309,2026-05-11,140459,140459,97388,320201.3
L900309,2026-05-12,127483,127483,87435,269478.7
L900309,2026-05-13,126148,126148,81898,231792.6
L900309,2026-05-14,116547,116547,72041,362933.0
L900309,2026-05-15,104657,104657,63540,286009.7
L900309,2026-05-16,104577,104577,63589,214812.7
L900309,2026-05-17,101442,101442,56349,278541.3
L900309,2026-05-18,83727,83727,47533,244595.8
L900309,2026-05-19,92294,92294,61306,225317.1
L900309,2026-05-20,79317,79317,48768,167613.4
L900309,2026-05-21,80134,80134,46158,185058.8
L900309,2026-05-22,69078,69078,46266,179233.9
L900309,2026-05-23,77012,77012,47425,155681.6
L900309,2026-05-24,71908,71908,42428,165985.3
L900309,2026-05-25,55324,55324,38595,107604.2
L900309,2026-05-26,61267,61267,41455,165656.5
L900309,2026-05-27,62750,62750,37918,172865.8
L900309,2026-05-28,46733,46733,30035,94388.4
L900309,2026-05-29,44397,44397,30255,108935.5
L900309,2026-05-30,49156,49156,27909,135366.1
L900309,2026-05-31,37487,37487,22351,99940.6
L900309,2026-06-01,37455,37455,25283,91883.2
L900309,2026-06-02,34366,34366,21474,91945.9
L900309,2026-06-03,38712,38712,22353,115027.7
L900309,2026-06-04,31573,31573,19324,92951.5
L900310,2026-04-20,141833,138654,83604,
L900310,2026-04-21,140493,137014,75610,
L900310,2026-04-22,133403,129692,77020,
L900310,2026-04-23,160108,156354,94589,
L900310,2026-04-24,135646,132401,76180,
L900310,2026-04-25,218089,213558,122572,
L900310,2026-04-26,174394,170297,98700,
L900310,2026-04-27,157261,154529,91213,
L900310,2026-04-28,143449,137861,78346,
L900310,2026-04-29,147287,144736,81833,
L900310,2026-04-30,135962,131922,81284,
L900310,2026-05-01,145953,142763,81802,
L900310,2026-05-02,177964,171915,99433,
L900310,2026-05-03,188978,183384,104656,
L900310,2026-05-04,164616,159900,94653,
L900310,2026-05-05,148561,146933,83263,
L900310,2026-05-06,163959,161640,93227,
L900310,2026-05-07,135866,133764,80314,
L900310,2026-05-08,142099,139955,83604,
L900310,2026-05-09,145892,141340,80935,
L900310,2026-05-10,199573,192862,111879,
L900310,2026-05-11,158084,155065,87140,
L900310,2026-05-12,155061,149763,86873,
L900310,2026-05-13,153802,151596,94108,
L900310,2026-05-14,166610,161314,96117,
L900310,2026-05-15,160576,158410,88997,
L900310,2026-05-16,175741,168980,92828,
L900310,2026-05-17,164077,159397,89624,
L900310,2026-05-18,150513,145171,80642,
L900310,2026-05-19,150392,146161,84323,
L900310,2026-05-20,137175,133715,81634,
L900310,2026-05-21,134879,131200,79027,
L900310,2026-05-22,123657,121685,70231,
L900310,2026-05-23,165128,162855,92324,
L900310,2026-05-24,209072,204438,117155,
L900310,2026-05-25,137534,135368,79833,
L900310,2026-05-26,146571,144219,84081,
L900310,2026-05-27,139828,137319,77268,
L900310,2026-05-28,141358,137901,82184,
L900310,2026-05-29,148127,145116,81124,
L900310,2026-05-30,184990,179739,104534,
L900310,2026-05-31,191006,186912,106607,
L900310,2026-06-01,149928,147615,86861,
L900310,2026-06-02,138683,135769,81152,
L900310,2026-06-03,151063,149427,83377,
L900310,2026-06-04,137487,135058,78065,
L900311,2025-03-17,104052,104052,70369,305164.5
L900311,2025-03-18,88504,88504,51844,265081.5
L900311,2025-03-19,88411,88411,60656,266024.1
L900311,2025-03-20,73955,73955,47861,207344.8
L900311,2025-03-21,75932,75932,43239,139177.7
L900311,2025-03-22,81104,81104,49042,196252.0
L900311,2025-03-23,66501,66501,38267,179980.6
L900311,2025-03-24,60054,60054,38066,131040.9
L900311,2025-03-25,54696,54696,36906,138594.5
L900311,2025-03-26,56275,56275,34313,170507.2
L900311,2025-03-27,60581,60581,39150,130986.9
L900311,2025-03-28,43187,43187,29437,92067.5
L900311,2025-03-29,46858,46858,31428,107265.3
L900311,2025-03-30,36750,36750,23266,114608.1
L900311,2025-03-31,40054,40054,26673,99127.9
L900311,2025-04-01,40369,40369,22247,85638.8
L900311,2025-04-02,31190,31190,18164,87991.9
L900311,2025-04-03,33336,33336,20194,78808.9
L900311,2025-04-04,33810,33810,19551,95015.0
L900311,2025-04-05,31348,31348,17809,74292.1
L900311,2025-04-06,30128,30128,18286,95398.1
L900311,2025-04-07,24769,24769,15572,68740.9
L900311,2025-04-08,26595,26595,15731,76942.6
L900311,2025-04-09,22880,22880,14213,55873.8
L900311,2025-04-10,24559,24559,13711,71813.1
L900311,2025-04-11,16599,16599,9813,38052.3
L900311,2025-04-12,19742,19742,12995,46213.1
L900311,2025-04-13,19336,19336,11147,61589.2
L900311,2025-04-14,20465,20465,12046,37676.9
L900312,2025-03-17,8336,8222,7708,
L900312,2025-03-18,9036,8785,8102,
L900312,2025-03-19,7290,7111,6386,
L900312,2025-03-20,8649,8528,7969,
L900312,2025-03-21,8044,7831,7191,
L900312,2025-03-22,10085,9857,9208,
L900312,2025-03-23,10323,9973,9053,
L900312,2025-03-24,7053,6959,6344,
L900312,2025-03-25,7325,7235,6525,
L900312,2025-03-26,9244,9003,7964,
L900312,2025-03-27,8521,8345,7912,
L900312,2025-03-28,8861,8577,8024,
L900312,2025-03-29,10991,10875,10501,
L900312,2025-03-30,9701,9542,8959,
L900312,2025-03-31,9051,8933,8153,
L900312,2025-04-01,8051,7937,7282,
L900312,2025-04-02,8515,8364,7461,
L900312,2025-04-03,9156,8857,8331,
L900312,2025-04-04,8600,8475,7481,
L900312,2025-04-05,9114,9009,8646,
L900312,2025-04-06,9800,9673,8662,
L900312,2025-04-07,8358,8072,7616,
L900312,2025-04-08,8562,8420,7805,
L900312,2025-04-09,8958,8766,8029,
L900312,2025-04-10,8567,8292,7733,
L900312,2025-04-11,8125,7881,7269,
L900312,2025-04-12,9668,9323,8676,
L900312,2025-04-13,9708,9335,8818,
L900312,2025-04-14,7860,7770,7469,
L900313,2025-03-17,34246,33467,25410,
L900313,2025-03-18,32321,31821,23596,
L900313,2025-03-19,30038,28899,21086,
L900313,2025-03-20,32459,32014,23661,
L900313,2025-03-21,34917,33542,24516,
L900313,2025-03-22,37396,36605,25868,
L900313,2025-03-23,40601,39508,29673,
L900313,2025-03-24,34391,33513,25492,
L900313,2025-03-25,33911,33097,25041,
L900313,2025-03-26,33455,32801,24774,
L900313,2025-03-27,27197,26595,19095,
L900313,2025-03-28,28674,27625,21144,
L900313,2025-03-29,36195,35071,25515,
L900313,2025-03-30,38634,37688,26951,
L900313,2025-03-31,32869,32137,22412,
L900313,2025-04-01,28893,28137,20933,
L900313,2025-04-02,28729,28067,21498,
L900313,2025-04-03,32016,31186,23783,
L900313,2025-04-04,32811,32008,23678,
L900313,2025-04-05,35535,35175,26683,
L900313,2025-04-06,39976,39411,30807,
L900313,2025-04-07,34012,32673,23918,
L900313,2025-04-08,32636,31415,23512,
L900313,2025-04-09,34866,33734,25854,
L900313,2025-04-10,31485,31065,22232,
L900313,2025-04-11,27167,26444,18965,
L900313,2025-04-12,36785,36036,27750,
L900313,2025-04-13,43307,41924,31828,
L900313,2025-04-14,35038,34631,25136,
L900314,2025-03-17,15857,15473,14069,
L900314,2025-03-18,15709,15179,14266,
L900314,2025-03-19,17476,16955,16153,
L900314,2025-03-20,16295,16105,15483,
L900314,2025-03-21,16321,16114,15311,
L900314,2025-03-22,19023,18643,18116,
L900314,2025-03-23,20912,20557,19808,
L900314,2025-03-24,15568,15265,14555,
L900314,2025-03-25,18036,17536,15942,
L900314,2025-03-26,18858,18208,16842,
L900314,2025-03-27,17537,17081,16837,
L900314,2025-03-28,18564,18225,16770,
L900314,2025-03-29,20580,20288,19774,
L900314,2025-03-30,19513,19007,17919,
L900314,2025-03-31,16711,16259,15631,
L900314,2025-04-01,15125,14733,14180,
L900314,2025-04-02,16387,15967,15165,
L900314,2025-04-03,16936,16581,15950,
L900314,2025-04-04,17217,17000,16639,
L900314,2025-04-05,22529,21993,20543,
L900314,2025-04-06,23157,22885,21886,
L900314,2025-04-07,17480,17274,16703,
L900314,2025-04-08,15810,15462,14262,
L900314,2025-04-09,17280,16712,15673,
L900314,2025-04-10,20107,19736,18447,
L900314,2025-04-11,17302,17088,16299,
L900314,2025-04-12,22933,22609,21028,
L900314,2025-04-13,18184,17767,17374,
L900314,2025-04-14,17357,16729,16163,
L900315,2025-05-30,47242,45711,33480,
L900315,2025-05-31,50091,48986,34293,
L900315,2025-06-01,48629,47542,35240,
L900315,2025-06-02,41196,40741,29218,
L900315,2025-06-03,43822,43331,33228,
L900315,2025-06-04,43450,41845,30017,
L900315,2025-06-05,48088,47226,34216,
L900315,2025-06-06,48811,47161,34650,
L900315,2025-06-07,53270,52598,40564,
L900315,2025-06-08,47122,45941,33031,
L900315,2025-06-09,42505,41997,30960,
L900315,2025-06-10,52871,51463,37168,
L900315,2025-06-11,39092,37920,27351,
L900315,2025-06-12,44456,43602,32694,
L900315,2025-06-13,41177,40491,29980,
L900315,2025-06-14,61056,58635,43431,
L900315,2025-06-15,54191,52964,41194,
L900315,2025-06-16,41208,40497,29349,
L900315,2025-06-17,42006,41117,29992,
L900315,2025-06-18,37287,36638,27213,
L900315,2025-06-19,44403,43752,32213,
L900315,2025-06-20,44510,43214,32201,
L900315,2025-06-21,47271,46637,34780,
L900315,2025-06-22,55195,54342,38477,
L900315,2025-06-23,48754,47194,33757,
L900315,2025-06-24,39671,38674,28774,
L900315,2025-06-25,45513,45010,34007,
L900315,2025-06-26,45604,44501,32468,
L900315,2025-06-27,44025,43269,31745,
L900315,2025-06-28,53571,52522,38938,
L900315,2025-06-29,50700,49130,36015,
L900316,2025-05-30,27134,27134,17084,59056.2
L900316,2025-05-31,24298,24298,16895,71138.3
L900316,2025-06-01,17095,17095,9986,43157.4
L900316,2025-06-02,22587,22587,15027,55279.8
L900316,2025-06-03,19604,19604,12055,59057.0
L900316,2025-06-04,16822,16822,10917,46532.0
L900316,2025-06-05,15687,15687,8644,34628.7
L900316,2025-06-06,15329,15329,9034,30367.0
L900316,2025-06-07,14059,14059,8121,26443.0
L900316,2025-06-08,13436,13436,7409,26398.5
L900316,2025-06-09,16088,16088,9938,48534.1
L900316,2025-06-10,13430,13430,8405,39062.6
L900316,2025-06-11,14678,14678,9803,42933.5
L900316,2025-06-12,11744,11744,6910,33295.4
L900316,2025-06-13,11443,11443,6435,28486.5
L900316,2025-06-14,9289,9289,5832,26423.1
L900316,2025-06-15,9432,9432,5898,20503.0
L900316,2025-06-16,8960,8960,5278,19479.1
L900316,2025-06-17,9036,9036,5026,23373.9
L900316,2025-06-18,7973,7973,5069,17872.5
L900316,2025-06-19,7811,7811,5165,16417.6
L900316,2025-06-20,7331,7331,4251,15106.7
L900316,2025-06-21,6490,6490,4178,15872.2
L900316,2025-06-22,6047,6047,4130,14573.3
L900316,2025-06-23,5539,5539,3748,16366.6
L900316,2025-06-24,6195,6195,3550,16522.3
L900316,2025-06-25,5105,5105,3405,10076.6
L900316,2025-06-26,5121,5121,3094,10699.9
L900316,2025-06-27,4596,4596,3156,8515.8
L900316,2025-06-28,4864,4864,2770,15207.8
L900316,2025-06-29,3318,3318,2152,7840.7
L900317,2025-05-30,5484,5268,4940,
L900317,2025-05-31,7293,7132,6421,
L900317,2025-06-01,7579,7478,6988,
L900317,2025-06-02,5984,5908,5482,
L900317,2025-06-03,6175,5994,5715,
L900317,2025-06-04,5943,5877,5584,
L900317,2025-06-05,6078,5899,5638,
L900317,2025-06-06,5982,5916,5423,
L900317,2025-06-07,6732,6660,6189,
L900317,2025-06-08,6912,6641,6362,
L900317,2025-06-09,5671,5545,5080,
L900317,2025-06-10,6380,6238,5949,
L900317,2025-06-11,6453,6350,6039,
L900317,2025-06-12,6057,5864,5445,
L900317,2025-06-13,7078,6963,6710,
L900317,2025-06-14,7802,7503,7143,
L900317,2025-06-15,7887,7614,6897,
L900317,2025-06-16,6077,5918,5680,
L900317,2025-06-17,6448,6368,5914,
L900317,2025-06-18,6832,6563,6152,
L900317,2025-06-19,6465,6234,5844,
L900317,2025-06-20,6360,6291,5927,
L900317,2025-06-21,8147,7970,7640,
L900317,2025-06-22,7114,6875,6442,
L900317,2025-06-23,6716,6559,6082,
L900317,2025-06-24,5458,5390,4914,
L900317,2025-06-25,5687,5460,5027,
L900317,2025-06-26,5732,5552,5277,
L900317,2025-06-27,5961,5758,5500,
L900317,2025-06-28,6713,6578,6071,
L900317,2025-06-29,7442,7263,6872,
L900318,2026-04-08,56958,55975,42533,
L900318,2026-04-09,51512,50522,38266,
L900318,2026-04-10,53135,51622,38661,
L900318,2026-04-11,78561,76637,58071,
L900318,2026-04-12,62604,61616,45044,
L900318,2026-04-13,62935,60522,45619,
L900318,2026-04-14,60835,59365,41316,
L900318,2026-04-15,65226,62860,48246,
L900318,2026-04-16,60301,59142,44035,
L900318,2026-04-17,61917,60492,46530,
L900318,2026-04-18,73496,72562,53418,
L900318,2026-04-19,74251,71405,52823,
L900318,2026-04-20,59522,58856,41474,
L900318,2026-04-21,62011,60083,45869,
L900318,2026-04-22,64380,62360,47332,
L900318,2026-04-23,59269,57695,42862,
L900318,2026-04-24,65194,64376,48754,
L900318,2026-04-25,80620,78263,56861,
L900318,2026-04-26,68138,66958,49103,
L900318,2026-04-27,55031,53631,38269,
L900318,2026-04-28,61753,60111,44963,
L900318,2026-04-29,60694,58638,43806,
L900318,2026-04-30,52551,51728,37782,
L900318,2026-05-01,58124,57440,42561,
L900318,2026-05-02,63638,61379,44281,
L900318,2026-05-03,69536,68488,52130,
L900318,2026-05-04,60768,58937,44817,
L900318,2026-05-05,58938,57782,42759,
L900318,2026-05-06,61898,59861,44084,
L900318,2026-05-07,56546,55691,39551,
L900318,2026-05-08,56674,55044,41653,
L900319,2026-04-08,18198,17516,16032,
L900319,2026-04-09,20836,20100,19122,
L900319,2026-04-10,17307,16690,14817,
L900319,2026-04-11,21672,21246,19986,
L900319,2026-04-12,21318,20954,20196,
L900319,2026-04-13,18137,17885,16995,
L900319,2026-04-14,23081,22460,21389,
L900319,2026-04-15,19218,18607,17642,
L900319,2026-04-16,20436,19699,18928,
L900319,2026-04-17,17840,17316,16307,
L900319,2026-04-18,22228,21976,20752,
L900319,2026-04-19,26913,26243,25254,
L900319,2026-04-20,19274,18609,18141,
L900319,2026-04-21,19690,19116,17533,
L900319,2026-04-22,21980,21527,20383,
L900319,2026-04-23,15897,15588,14309,
L900319,2026-04-24,21148,20793,19094,
L900319,2026-04-25,26016,25586,24348,
L900319,2026-04-26,24823,24322,22980,
L900319,2026-04-27,20210,19449,18599,
L900319,2026-04-28,19338,19089,17727,
L900319,2026-04-29,19954,19510,17825,
L900319,2026-04-30,20843,20161,19232,
L900319,2026-05-01,20118,19878,17843,
L900319,2026-05-02,21367,20591,19353,
L900319,2026-05-03,24747,24071,22413,
L900319,2026-05-04,23352,22927,21659,
L900319,2026-05-05,17821,17552,16608,
L900319,2026-05-06,17922,17381,16100,
L900319,2026-05-07,20967,20319,19511,
L900319,2026-05-08,20199,19840,19354,
L900320,2026-06-08,17400,16757,16156,
L900320,2026-06-09,17310,17032,16017,
L900320,2026-06-10,18955,18205,17241,
L900320,2026-06-11,16298,15992,14882,
L900320,2026-06-12,18990,18397,17252,
L900320,2026-06-13,25105,24518,23928,
L900320,2026-06-14,20966,20495,19494,
L900320,2026-06-15,21433,20649,19561,
L900320,2026-06-16,18405,18062,17469,
L900320,2026-06-17,18607,18044,17600,
L900320,2026-06-18,18119,17410,16374,
L900320,2026-06-19,20227,19765,18816,
L900320,2026-06-20,23230,22756,20749,
L900320,2026-06-21,22379,21677,20967,
L900320,2026-06-22,17832,17499,16869,
L900320,2026-06-23,19432,18678,17669,
L900320,2026-06-24,21091,20827,19644,
L900320,2026-06-25,18613,17883,16913,
L900320,2026-06-26,19147,18916,18260,
L900320,2026-06-27,20317,19756,19111,
L900320,2026-06-28,23155,22875,21984,
L900320,2026-06-29,22665,21994,20669,
L900320,2026-06-30,17161,16655,15886,
L900320,2026-07-01,19561,19188,18563,
L900320,2026-07-02,18205,17899,16706,
L900320,2026-07-03,16691,16128,14880,
L900320,2026-07-04,22263,21947,20798,
L900320,2026-07-05,26835,26170,23975,
L900320,2026-07-06,19535,18799,17586,
L900320,2026-07-07,19364,18625,17487,
L900320,2026-07-08,20600,20243,19647,
L900320,2026-07-09,18852,18173,17787,
L900320,2026-07-10,20181,19466,19034,
L900320,2026-07-11,22950,22334,21642,
L900320,2026-07-12,21614,20963,19550,
L900320,2026-07-13,22342,21747,20187,
L900320,2026-07-14,18361,18087,16496,
L900320,2026-07-15,17737,17361,16147,
L900320,2026-07-16,18004,17788,17005,
L900320,2026-07-17,19848,19215,17867,
L900320,2026-07-18,21575,21083,20485,
L900320,2026-07-19,26172,25266,24637,
L900320,2026-07-20,16519,15998,15578,
L900320,2026-07-21,21846,21436,19637,
L900320,2026-07-22,20672,19923,19016,
L900320,2026-07-23,18527,18071,17205,
L900320,2026-07-24,19699,18998,18487,
L900320,2026-07-25,25068,24282,22336,
L900320,2026-07-26,21835,21345,20317,
L900320,2026-07-27,21418,21082,18877,
L900320,2026-07-28,18095,17633,16212,
L900320,2026-07-29,16940,16501,16001,
L900320,2026-07-30,18215,17507,15814,
L900320,2026-07-31,18783,18309,18125,
L900320,2026-08-01,19701,19333,18572,
L900320,2026-08-02,25918,25560,24256,
L900320,2026-08-03,21959,21668,20298,
L900320,2026-08-04,21225,20757,20221,
L900320,2026-08-05,18975,18377,16911,
L900320,2026-08-06,17500,17236,15566,
L900320,2026-08-07,19929,19472,18683,
L900320,2026-08-08,23176,22761,21567,
L900320,2026-08-09,25531,24863,23767,
L900320,2026-08-10,18180,17597,16768,
L900320,2026-08-11,22141,21733,20916,
L900320,2026-08-12,18431,18187,17261,
L900320,2026-08-13,19730,19199,18077,
L900320,2026-08-14,18249,17591,16707,
L900320,2026-08-15,25829,25321,24455,
L900320,2026-08-16,22275,21611,20906,
L900320,2026-08-17,19038,18517,17718,
L900320,2026-08-18,19411,19126,17362,
L900320,2026-08-19,14386,13861,13230,
L900320,2026-08-20,17727,17193,15769,
L900320,2026-08-21,17773,17374,16826,
L900320,2026-08-22,23689,22985,22190,
L900320,2026-08-23,23865,22931,21363,
L900320,2026-08-24,20206,19500,18753,
L900320,2026-08-25,18846,18346,17450,
L900320,2026-08-26,20231,19692,18412,
L900320,2026-08-27,20680,20239,19455,
L900320,2026-08-28,19028,18718,18355,
L900320,2026-08-29,20645,20051,18863,
L900320,2026-08-30,21773,20983,20084,
L900320,2026-08-31,20824,20087,18687,
L900320,2026-09-01,24056,23653,22156,
L900320,2026-09-02,19574,18880,17937,
L900320,2026-09-03,19095,18415,17202,
L900320,2026-09-04,20649,20122,18772,
L900320,2026-09-05,19771,19193,17802,
L900320,2026-09-06,25693,25285,24653,
L900321,2026-06-08,64490,63732,44635,
L900321,2026-06-09,60416,59480,42578,
L900321,2026-06-10,64863,64114,48155,
L900321,2026-06-11,65293,64039,47010,
L900321,2026-06-12,59621,57597,40894,
L900321,2026-06-13,67253,64771,49159,
L900321,2026-06-14,75449,74482,55272,
L900321,2026-06-15,66662,65269,46601,
L900321,2026-06-16,64037,61570,44109,
L900321,2026-06-17,67707,65687,49323,
L900321,2026-06-18,65220,64490,46817,
L900321,2026-06-19,71118,68990,53810,
L900321,2026-06-20,75819,73333,55990,
L900321,2026-06-21,71525,69285,49513,
L900321,2026-06-22,64403,62514,45110,
L900321,2026-06-23,66895,66152,50338,
L900321,2026-06-24,61688,60863,45256,
L900321,2026-06-25,65340,63438,47292,
L900321,2026-06-26,58589,57010,40460,
L900321,2026-06-27,78918,76204,56949,
L900321,2026-06-28,89454,86205,63626,
L900321,2026-06-29,62011,61376,45817,
L900321,2026-06-30,63700,62979,45386,
L900321,2026-07-01,60174,58964,44609,
L900321,2026-07-02,58936,56938,43033,
L900321,2026-07-03,61017,60030,44904,
L900321,2026-07-04,80045,79071,58152,
L900321,2026-07-05,64782,63130,46379,
L900321,2026-07-06,56549,55933,39012,
L900321,2026-07-07,60032,59007,43900,
L900321,2026-07-08,65493,63688,45677,
L900321,2026-07-09,60977,58636,44713,
L900321,2026-07-10,57765,56876,42698,
L900321,2026-07-11,82664,80877,56836,
L900321,2026-07-12,74894,73602,56177,
L900321,2026-07-13,58849,57027,43781,
L900321,2026-07-14,63620,62608,48545,
L900321,2026-07-15,63370,61938,48128,
L900321,2026-07-16,62001,59576,42456,
L900321,2026-07-17,57492,55912,42513,
L900321,2026-07-18,79151,77688,57006,
L900321,2026-07-19,83875,81259,59556,
L900321,2026-07-20,62786,60424,45238,
L900321,2026-07-21,54104,52083,38426,
L900321,2026-07-22,72078,71164,51348,
L900321,2026-07-23,63576,62330,44685,
L900321,2026-07-24,56030,54728,38950,
L900321,2026-07-25,78813,77471,55978,
L900321,2026-07-26,80728,77725,56690,
L900321,2026-07-27,61168,60039,44922,
L900321,2026-07-28,52716,51329,38192,
L900321,2026-07-29,62243,60185,45909,
L900321,2026-07-30,55901,54320,39309,
L900321,2026-07-31,63743,61927,47575,
L900321,2026-08-01,69821,67124,48013,
L900321,2026-08-02,71438,70591,50806,
L900321,2026-08-03,62475,61253,44004,
L900321,2026-08-04,65261,63125,46980,
L900321,2026-08-05,65412,62930,43518,
L900321,2026-08-06,52032,51012,39067,
L900321,2026-08-07,57063,54842,38974,
L900321,2026-08-08,72107,70468,52487,
L900321,2026-08-09,72369,71566,53628,
L900321,2026-08-10,62159,60637,45211,
L900321,2026-08-11,67080,65415,48388,
L900321,2026-08-12,60337,58557,44272,
L900321,2026-08-13,63225,61984,44748,
L900321,2026-08-14,60102,59464,44524,
L900321,2026-08-15,69854,67129,48951,
L900321,2026-08-16,65136,63257,43163,
L900321,2026-08-17,58736,57730,42867,
L900321,2026-08-18,55242,53358,40955,
L900321,2026-08-19,55478,53389,40482,
L900321,2026-08-20,62576,60275,47227,
L900321,2026-08-21,63163,62230,44250,
L900321,2026-08-22,79478,76711,59370,
L900321,2026-08-23,62904,60693,45688,
L900321,2026-08-24,64716,62680,46116,
L900321,2026-08-25,48817,46912,34437,
L900321,2026-08-26,57734,56651,43655,
L900321,2026-08-27,60119,58951,43137,
L900321,2026-08-28,57707,56668,42303,
L900321,2026-08-29,73629,72246,52320,
L900321,2026-08-30,74843,73960,53906,
L900321,2026-08-31,47992,46696,35178,
L900321,2026-09-01,63325,61741,45934,
L900321,2026-09-02,58405,56143,41464,
L900321,2026-09-03,64517,63696,46330,
L900321,2026-09-04,64712,63415,45056,
L900321,2026-09-05,74281,73291,54273,
L900321,2026-09-06,79175,77298,55779,
L900322,2025-10-09,3408,3368,3094,
L900322,2025-10-10,3914,3874,3463,
L900322,2025-10-11,4479,4308,4059,
L900322,2025-10-12,4605,4494,4186,
L900322,2025-10-13,3373,3259,3024,
L900322,2025-10-14,3844,3724,3451,
L900322,2025-10-15,3883,3838,3545,
L900322,2025-10-16,3696,3598,3271,
L900322,2025-10-17,4135,3981,3604,
L900322,2025-10-18,4702,4620,4464,
L900322,2025-10-19,5052,4967,4669,
L900322,2025-10-20,3912,3806,3529,
L900322,2025-10-21,3559,3443,3184,
L900322,2025-10-22,4012,3957,3710,
L900322,2025-10-23,4078,4022,3838,
L900322,2025-10-24,3787,3726,3479,
L900322,2025-10-25,3938,3867,3770,
L900322,2025-10-26,4490,4383,4133,
L900322,2025-10-27,3708,3592,3309,
L900322,2025-10-28,3763,3691,3340,
L900322,2025-10-29,3075,2969,2830,
L900322,2025-10-30,4003,3865,3523,
L900322,2025-10-31,3974,3906,3696,
L900322,2025-11-01,4386,4267,4003,
L900322,2025-11-02,5017,4888,4405,
L900322,2025-11-03,3999,3856,3614,
L900322,2025-11-04,4413,4344,4088,
L900322,2025-11-05,3710,3595,3322,
L900322,2025-11-06,4457,4392,4053,
L900322,2025-11-07,4016,3886,3595,
L900322,2025-11-08,5045,4941,4706,
L900322,2025-11-09,4635,4476,4126,
L900322,2025-11-10,3704,3631,3251,
L900322,2025-11-11,3867,3731,3475,
L900322,2025-11-12,3585,3494,3121,
L900322,2025-11-13,3899,3839,3595,
L900322,2025-11-14,3957,3846,3500,
L900322,2025-11-15,4791,4662,4319,
L900322,2025-11-16,4964,4882,4445,
L900322,2025-11-17,4189,4062,3900,
L900322,2025-11-18,3871,3726,3495,
L900322,2025-11-19,4076,3997,3635,
L900322,2025-11-20,3686,3591,3352,
L900323,2025-10-09,198527,195498,119792,
L900323,2025-10-10,216140,209454,121339,
L900323,2025-10-11,291647,285312,177015,
L900323,2025-10-12,274741,265142,159958,
L900323,2025-10-13,203371,197604,112517,
L900323,2025-10-14,195781,190568,108564,
L900323,2025-10-15,229461,220890,129053,
L900323,2025-10-16,249866,246859,153322,
L900323,2025-10-17,217136,210126,119016,
L900323,2025-10-18,290414,285901,173051,
L900323,2025-10-19,275132,265919,157985,
L900323,2025-10-20,229178,225464,126310,
L900323,2025-10-21,198132,193871,112247,
L900323,2025-10-22,216005,209535,122690,
L900323,2025-10-23,217229,209138,114175,
L900323,2025-10-24,182438,176930,105228,
L900323,2025-10-25,251660,247694,142512,
L900323,2025-10-26,253889,246805,138639,
L900323,2025-10-27,203027,198886,119410,
L900323,2025-10-28,215333,207985,123271,
L900323,2025-10-29,233041,225670,132317,
L900323,2025-10-30,233620,230874,133972,
L900323,2025-10-31,243486,238323,142152,
L900323,2025-11-01,286085,281441,157953,
L900323,2025-11-02,271348,265242,144105,
L900323,2025-11-03,244139,234454,133060,
L900323,2025-11-04,211021,206096,113899,
L900323,2025-11-05,218897,213853,122887,
L900323,2025-11-06,251545,244313,145899,
L900323,2025-11-07,210495,206910,113112,
L900323,2025-11-08,217200,212350,118804,
L900323,2025-11-09,237449,230732,135433,
L900323,2025-11-10,216988,212654,123413,
L900323,2025-11-11,202868,199669,116415,
L900323,2025-11-12,194587,187176,108231,
L900323,2025-11-13,234115,231053,132322,
L900323,2025-11-14,227325,222741,120383,
L900323,2025-11-15,222017,216718,127114,
L900323,2025-11-16,288011,283746,163220,
L900323,2025-11-17,257209,251369,138537,
L900323,2025-11-18,207591,204211,119014,
L900323,2025-11-19,227689,220241,125167,
L900323,2025-11-20,200930,197547,117027,
L900324,2025-08-25,58028,57240,33770,
L900324,2025-08-26,59022,56902,32844,
L900324,2025-08-27,58830,57154,32210,
L900324,2025-08-28,55268,53870,30678,
L900324,2025-08-29,59826,57766,31342,
L900324,2025-08-30,77695,74709,43358,
L900324,2025-08-31,66080,64363,39411,
L900324,2025-09-01,59872,57890,32030,
L900324,2025-09-02,67176,65913,40015,
L900324,2025-09-03,55334,54404,31202,
L900324,2025-09-04,57488,55280,29973,
L900324,2025-09-05,61223,59484,35506,
L900324,2025-09-06,76032,74615,43325,
L900324,2025-09-07,77680,75047,41823,
L900324,2025-09-08,68353,66467,37524,
L900324,2025-09-09,56517,55816,31731,
L900324,2025-09-10,56579,55515,31984,
L900324,2025-09-11,58568,57963,33768,
L900324,2025-09-12,55764,55145,32167,
L900324,2025-09-13,65934,64277,38222,
L900324,2025-09-14,76397,73901,42854,
L900324,2025-09-15,56571,55883,32759,
L900324,2025-09-16,55435,54526,31662,
L900324,2025-09-17,58948,57169,36165,
L900324,2025-09-18,53815,52284,27535,
L900324,2025-09-19,56629,55723,30407,
L900324,2025-09-20,68036,67130,37193,
L900324,2025-09-21,67008,65686,36698,
L900324,2025-09-22,64270,62565,36226,
L900324,2025-09-23,64807,62991,36585,
L900324,2025-09-24,64106,63117,36226,
L900324,2025-09-25,67285,66442,39162,
L900324,2025-09-26,55950,55358,32793,
L900324,2025-09-27,72392,71289,41058,
L900324,2025-09-28,72790,70883,42177,
L900324,2025-09-29,49564,48154,27591,
L900324,2025-09-30,62932,61692,36087,
L900324,2025-10-01,54295,52211,27809,
L900324,2025-10-02,67793,65798,37916,
L900324,2025-10-03,66901,64359,38351,
L900324,2025-10-04,67649,66434,35208,
L900324,2025-10-05,69565,68695,39791,
L900324,2025-10-06,61824,60532,33763,
L900324,2025-10-07,60522,58970,34412,
L900324,2025-10-08,64379,62623,35937,
L900324,2025-10-09,61786,60499,35438,
L900325,2025-08-25,36315,35887,24352,
L900325,2025-08-26,38128,36904,27138,
L900325,2025-08-27,35265,34878,24757,
L900325,2025-08-28,37077,36612,27008,
L900325,2025-08-29,39161,37789,26236,
L900325,2025-08-30,40446,38872,29643,
L900325,2025-08-31,46332,45050,33334,
L900325,2025-09-01,34719,33596,24858,
L900325,2025-09-02,37696,36679,26688,
L900325,2025-09-03,34319,33144,23950,
L900325,2025-09-04,44995,43534,31910,
L900325,2025-09-05,41319,39980,29428,
L900325,2025-09-06,45871,44094,32068,
L900325,2025-09-07,52111,50482,37733,
L900325,2025-09-08,36409,35048,25659,
L900325,2025-09-09,42209,41388,28277,
L900325,2025-09-10,39830,38752,29093,
L900325,2025-09-11,36533,35345,26264,
L900325,2025-09-12,40426,39676,28383,
L900325,2025-09-13,50215,49510,36931,
L900325,2025-09-14,46470,44802,33247,
L900325,2025-09-15,41063,39727,31238,
L900325,2025-09-16,40761,39231,29666,
L900325,2025-09-17,39466,38567,30006,
L900325,2025-09-18,34306,33522,23641,
L900325,2025-09-19,39340,38389,28914,
L900325,2025-09-20,37356,36613,27091,
L900325,2025-09-21,46367,45426,34291,
L900325,2025-09-22,40197,39559,27843,
L900325,2025-09-23,35506,34521,24988,
L900325,2025-09-24,41162,40290,30116,
L900325,2025-09-25,36934,35717,26533,
L900325,2025-09-26,35575,34489,26935,
L900325,2025-09-27,49208,48497,36650,
L900325,2025-09-28,52228,50639,38502,
L900325,2025-09-29,38962,38038,28007,
L900325,2025-09-30,42870,41960,31072,
L900325,2025-10-01,36535,36157,28178,
L900325,2025-10-02,35954,35500,25038,
L900325,2025-10-03,41951,41321,29973,
L900325,2025-10-04,48684,47772,37087,
L900325,2025-10-05,41872,40826,30177,
L900325,2025-10-06,43476,42948,32367,
L900325,2025-10-07,38305,37805,29782,
L900325,2025-10-08,38568,37500,28047,
L900325,2025-10-09,43992,43545,33077,
L900326,2025-08-25,42268,41198,39326,
L900326,2025-08-26,46163,45135,41302,
L900326,2025-08-27,46354,45496,42484,
L900326,2025-08-28,52352,51482,48270,
L900326,2025-08-29,42700,41157,37443,
L900326,2025-08-30,54925,53064,47920,
L900326,2025-08-31,51979,50049,46301,
L900326,2025-09-01,44008,42778,40405,
L900326,2025-09-02,42857,42325,37271,
L900326,2025-09-03,39403,38706,35982,
L900326,2025-09-04,43407,42328,38318,
L900326,2025-09-05,52681,52107,49323,
L900326,2025-09-06,54876,53893,50371,
L900326,2025-09-07,53964,52600,47598,
L900326,2025-09-08,49301,47385,44874,
L900326,2025-09-09,38341,36981,34559,
L900326,2025-09-10,46773,45748,42251,
L900326,2025-09-11,53187,51903,50334,
L900326,2025-09-12,44170,42866,39674,
L900326,2025-09-13,53633,52936,48583,
L900326,2025-09-14,51073,50032,47036,
L900326,2025-09-15,52692,51901,49876,
L900326,2025-09-16,48421,46913,41370,
L900326,2025-09-17,38752,38169,36309,
L900326,2025-09-18,51446,50015,47067,
L900326,2025-09-19,44432,43478,41610,
L900326,2025-09-20,58458,56156,53502,
L900326,2025-09-21,46945,46260,43339,
L900326,2025-09-22,52011,50668,47655,
L900326,2025-09-23,49000,48073,44742,
L900326,2025-09-24,45932,44578,42707,
L900326,2025-09-25,43105,42183,38582,
L900326,2025-09-26,43803,42176,39243,
L900326,2025-09-27,48032,46273,43710,
L900326,2025-09-28,54409,52705,49915,
L900326,2025-09-29,37824,36670,34732,
L900326,2025-09-30,50417,49882,46827,
L900326,2025-10-01,45655,44954,42585,
L900326,2025-10-02,50178,48238,45365,
L900326,2025-10-03,47723,47162,45423,
L900326,2025-10-04,58491,56162,51331,
L900326,2025-10-05,60721,59173,54884,
L900326,2025-10-06,45667,44842,41798,
L900326,2025-10-07,49076,48205,46516,
L900326,2025-10-08,45634,44310,42742,
L900326,2025-10-09,46145,44604,42732,
L900327,2025-06-27,137787,137787,76006,392918.8
L900327,2025-06-28,162717,162717,111390,515764.3
L900327,2025-06-29,120979,120979,68511,310875.3
L900327,2025-06-30,113124,113124,69952,257336.0
L900327,2025-07-01,99682,99682,68818,294296.0
L900327,2025-07-02,120967,120967,68531,386813.7
L900327,2025-07-03,116311,116311,68144,345225.2
L900327,2025-07-04,98774,98774,54973,211787.3
L900327,2025-07-05,80853,80853,51862,195733.6
L900327,2025-07-06,84396,84396,49568,162190.9
L900327,2025-07-07,77128,77128,47207,183235.1
L900327,2025-07-08,67185,67185,40964,124999.7
L900327,2025-07-09,67093,67093,39131,158499.7
L900327,2025-07-10,69793,69793,47853,220213.0
L900327,2025-07-11,58778,58778,35323,107624.8
L900327,2025-07-12,60640,60640,40290,130422.4
L900327,2025-07-13,45633,45633,27328,103756.7
L900327,2025-07-14,61033,61033,37422,190193.9
L900327,2025-07-15,47289,47289,32352,129772.0
L900327,2025-07-16,50382,50382,30772,153579.8
L900327,2025-07-17,44473,44473,29445,89015.5
L900327,2025-07-18,42762,42762,28163,83720.7
L900327,2025-07-19,34331,34331,18921,107944.6
L900327,2025-07-20,33686,33686,23092,100507.0
L900327,2025-07-21,31802,31802,21867,98351.6
L900327,2025-07-22,32418,32418,20503,60243.6
L900327,2025-07-23,34492,34492,21966,77499.7
L900327,2025-07-24,29922,29922,20752,86224.5
L900327,2025-07-25,24578,24578,17099,47104.2
L900327,2025-07-26,25659,25659,16123,76698.6
L900327,2025-07-27,23762,23762,14686,65664.3
L900327,2025-07-28,21769,21769,12634,44676.9
L900327,2025-07-29,21214,21214,12434,61928.2
L900327,2025-07-30,21537,21537,12451,62992.5
L900327,2025-07-31,17487,17487,11611,53976.4
L900327,2025-08-01,17132,17132,9465,51585.4
L900327,2025-08-02,18354,18354,10845,40280.2
L900327,2025-08-03,16478,16478,10503,37035.0
L900327,2025-08-04,16719,16719,9400,50472.7
L900327,2025-08-05,15964,15964,9572,47010.5
L900327,2025-08-06,11358,11358,7774,29693.8
L900327,2025-08-07,12738,12738,7365,38277.2
L900327,2025-08-08,11068,11068,7259,23442.9
L900327,2025-08-09,9665,9665,5530,19787.1
L900327,2025-08-10,9525,9525,6215,22642.6
L900327,2025-08-11,9446,9446,5943,21424.1
L900327,2025-08-12,8902,8902,6136,20147.8
L900327,2025-08-13,8114,8114,4597,14884.1
L900327,2025-08-14,8124,8124,5346,18087.5
L900327,2025-08-15,9535,9535,6468,25872.5
L900327,2025-08-16,5970,5970,3341,16681.0
L900327,2025-08-17,7567,7567,4779,13967.8
L900327,2025-08-18,6387,6387,3815,11942.8
L900327,2025-08-19,5762,5762,3360,12666.1
L900327,2025-08-20,4530,4530,3017,12741.8
L900327,2025-08-21,5752,5752,3357,13708.8
L900327,2025-08-22,4308,4308,2863,7793.7
L900327,2025-08-23,5133,5133,3194,14788.9
L900327,2025-08-24,5242,5242,3433,10855.7
L900327,2025-08-25,3665,3665,2400,6868.6
L900327,2025-08-26,4422,4422,2815,11304.2
L900327,2025-08-27,3738,3738,2213,8851.1
L900327,2025-08-28,2776,2776,1939,5903.4
L900327,2025-08-29,2909,2909,2005,5370.6
L900327,2025-08-30,3170,3170,2051,6131.6
L900327,2025-08-31,3051,3051,1889,9030.5
L900327,2025-09-01,2326,2326,1539,5622.3
L900327,2025-09-02,2610,2610,1479,5370.1
L900327,2025-09-03,2652,2652,1738,8017.9
L900327,2025-09-04,2538,2538,1460,7761.0
L900327,2025-09-05,2083,2083,1406,4402.6
L900327,2025-09-06,2136,2136,1242,6569.5
L900327,2025-09-07,2134,2134,1436,6066.5
L900327,2025-09-08,1969,1969,1110,5313.8
L900327,2025-09-09,1861,1861,1259,4324.5
L900327,2025-09-10,1628,1628,1024,3965.2
L900327,2025-09-11,1501,1501,961,3489.8
L900327,2025-09-12,1466,1466,884,2832.5
L900327,2025-09-13,1242,1242,860,2647.3
L900327,2025-09-14,1407,1407,919,3641.2
L900327,2025-09-15,1010,1010,560,2809.8
L900327,2025-09-16,1066,1066,743,2942.0
L900327,2025-09-17,1053,1053,693,3211.1
L900327,2025-09-18,1043,1043,665,3008.3
L900327,2025-09-19,999,999,640,2564.9
L900327,2025-09-20,1015,1015,595,2751.3
L900327,2025-09-21,838,838,522,1757.0
L900327,2025-09-22,727,727,496,1601.2
L900327,2025-09-23,727,727,454,1837.0
L900327,2025-09-24,672,672,441,1452.0
L900327,2025-09-25,688,688,409,1609.9
L900328,2025-06-27,26189,25694,19847,
L900328,2025-06-28,32616,32095,23074,
L900328,2025-06-29,31279,30305,21072,
L900328,2025-06-30,26436,26165,20224,
L900328,2025-07-01,24040,23334,16587,
L900328,2025-07-02,25173,24278,18413,
L900328,2025-07-03,30184,29646,22203,
L900328,2025-07-04,23829,23283,17219,
L900328,2025-07-05,36756,36312,26645,
L900328,2025-07-06,32515,31573,23515,
L900328,2025-07-07,23277,22360,16992,
L900328,2025-07-08,28376,27664,19368,
L900328,2025-07-09,23734,23454,16901,
L900328,2025-07-10,28152,27348,19826,
L900328,2025-07-11,27414,26620,19602,
L900328,2025-07-12,32337,31602,23698,
L900328,2025-07-13,32854,31926,23613,
L900328,2025-07-14,27257,26877,20005,
L900328,2025-07-15,26116,25438,18604,
L900328,2025-07-16,30557,30142,22038,
L900328,2025-07-17,29466,28570,20750,
L900328,2025-07-18,28283,27276,21157,
L900328,2025-07-19,31285,30917,22465,
L900328,2025-07-20,31049,29976,22170,
L900328,2025-07-21,27245,26245,19400,
L900328,2025-07-22,25669,25151,19594,
L900328,2025-07-23,26136,25216,18347,
L900328,2025-07-24,28326,27215,20599,
L900328,2025-07-25,29563,28494,22184,
L900328,2025-07-26,33044,32646,23969,
L900328,2025-07-27,27260,26686,19247,
L900328,2025-07-28,27005,26235,18794,
L900328,2025-07-29,23193,22779,16886,
L900328,2025-07-30,28212,27895,20504,
L900328,2025-07-31,28467,27431,20637,
L900328,2025-08-01,29004,28223,22111,
L900328,2025-08-02,38878,38326,28922,
L900328,2025-08-03,30971,29750,22051,
L900328,2025-08-04,29905,28814,20807,
L900328,2025-08-05,29638,29332,21605,
L900328,2025-08-06,27044,26681,19312,
L900328,2025-08-07,23749,23360,17156,
L900328,2025-08-08,29330,28540,20718,
L900328,2025-08-09,36301,34852,25391,
L900328,2025-08-10,29406,28802,21459,
L900328,2025-08-11,28004,27379,20363,
L900328,2025-08-12,26882,26487,20449,
L900328,2025-08-13,26763,25695,18772,
L900328,2025-08-14,24154,23590,18057,
L900328,2025-08-15,25657,25133,18433,
L900328,2025-08-16,34859,33515,26177,
L900328,2025-08-17,32800,32346,23847,
L900328,2025-08-18,26549,26279,19207,
L900328,2025-08-19,25805,25159,18441,
L900328,2025-08-20,28497,27704,20452,
L900328,2025-08-21,29450,28420,20964,
L900328,2025-08-22,25782,24769,18962,
L900328,2025-08-23,32209,31818,23464,
L900328,2025-08-24,32240,31726,24407,
L900328,2025-08-25,27212,26668,20400,
L900328,2025-08-26,26063,25430,19372,
L900328,2025-08-27,27067,26361,19972,
L900328,2025-08-28,28616,27892,20114,
L900328,2025-08-29,26714,26042,19769,
L900328,2025-08-30,35025,33676,25764,
L900328,2025-08-31,32423,31396,24200,
L900328,2025-09-01,25165,24602,17469,
L900328,2025-09-02,25972,25037,19126,
L900328,2025-09-03,24253,23563,16743,
L900328,2025-09-04,22905,22077,16661,
L900328,2025-09-05,23485,23221,17438,
L900328,2025-09-06,31310,30156,21850,
L900328,2025-09-07,29584,28698,21354,
L900328,2025-09-08,24959,24445,18086,
L900328,2025-09-09,27414,26953,20275,
L900328,2025-09-10,28547,27918,20751,
L900328,2025-09-11,24330,23649,17720,
L900328,2025-09-12,27956,27201,20029,
L900328,2025-09-13,31413,31065,24525,
L900328,2025-09-14,28827,28062,21042,
L900328,2025-09-15,28784,28181,20661,
L900328,2025-09-16,26203,25910,18965,
L900328,2025-09-17,26562,25787,19546,
L900328,2025-09-18,26140,25639,20567,
L900328,2025-09-19,25599,25007,19194,
L900328,2025-09-20,33553,32323,23989,
L900328,2025-09-21,35937,35138,24877,
L900328,2025-09-22,27465,26504,19233,
L900328,2025-09-23,25635,24637,17993,
L900328,2025-09-24,24513,24168,17085,
L900328,2025-09-25,27388,27033,19968,
L900329,2026-02-08,1360,1313,1259,
L900329,2026-02-09,1037,1008,997,
L900329,2026-02-10,1146,1129,1117,
L900329,2026-02-11,1024,1005,959,
L900329,2026-02-12,954,932,879,
L900329,2026-02-13,1010,991,981,
L900329,2026-02-14,1211,1179,1114,
L900329,2026-02-15,1133,1097,1053,
L900329,2026-02-16,983,959,928,
L900329,2026-02-17,908,889,842,
L900329,2026-02-18,903,871,818,
L900329,2026-02-19,1035,994,932,
L900329,2026-02-20,1017,991,960,
L900329,2026-02-21,1505,1449,1386,
L900329,2026-02-22,1194,1162,1105,
L900329,2026-02-23,1029,996,963,
L900329,2026-02-24,1084,1066,979,
L900329,2026-02-25,1152,1124,1089,
L900329,2026-02-26,1186,1161,1090,
L900329,2026-02-27,1085,1047,969,
L900329,2026-02-28,1277,1246,1193,
L900329,2026-03-01,1217,1188,1136,
L900329,2026-03-02,1073,1053,990,
L900329,2026-03-03,1178,1148,1085,
L900329,2026-03-04,1070,1043,960,
L900329,2026-03-05,1103,1075,1010,
L900329,2026-03-06,1140,1126,1040,
L900329,2026-03-07,1327,1285,1164,
L900329,2026-03-08,1346,1310,1239,
L900329,2026-03-09,1093,1057,991,
L900329,2026-03-10,979,965,908,
L900329,2026-03-11,1076,1052,1011,
L900329,2026-03-12,1085,1061,988,
L900329,2026-03-13,1215,1191,1139,
L900329,2026-03-14,1218,1181,1131,
L900329,2026-03-15,1309,1278,1209,
L900329,2026-03-16,1034,999,968,
L900329,2026-03-17,1206,1166,1060,
L900329,2026-03-18,1164,1130,1073,
L900329,2026-03-19,1079,1054,1029,
L900329,2026-03-20,834,812,784,
L900329,2026-03-21,1414,1362,1275,
L900329,2026-03-22,1139,1105,1085,
L900329,2026-03-23,910,894,856,
L900329,2026-03-24,1146,1129,1081,
L900329,2026-03-25,1107,1083,1023,
L900329,2026-03-26,1098,1056,988,
L900329,2026-03-27,1010,981,932,
L900329,2026-03-28,1124,1087,1045,
L900329,2026-03-29,1028,1006,962,
L900329,2026-03-30,1098,1058,988,
L900329,2026-03-31,955,927,873,
L900329,2026-04-01,1113,1084,1037,
L900329,2026-04-02,965,943,897,
L900329,2026-04-03,1081,1056,1007,
L900329,2026-04-04,1181,1167,1112,
L900329,2026-04-05,1377,1345,1292,
L900329,2026-04-06,1094,1057,1038,
L900329,2026-04-07,1073,1037,967,
L900329,2026-04-08,988,949,904,
L900329,2026-04-09,937,917,865,
L900329,2026-04-10,1099,1063,1034,
L900329,2026-04-11,1124,1097,1044,
L900329,2026-04-12,1275,1245,1183,
L900329,2026-04-13,1071,1029,976,
L900329,2026-04-14,1177,1152,1123,
L900329,2026-04-15,1241,1211,1150,
L900329,2026-04-16,1024,998,928,
L900329,2026-04-17,1015,996,960,
L900329,2026-04-18,1371,1348,1298,
L900329,2026-04-19,1214,1179,1104,
L900329,2026-04-20,1225,1184,1105,
L900329,2026-04-21,1179,1161,1112,
L900329,2026-04-22,997,962,891,
L900329,2026-04-23,1001,981,940,
L900329,2026-04-24,982,944,926,
L900329,2026-04-25,1261,1233,1188,
L900329,2026-04-26,1346,1303,1280,
L900329,2026-04-27,1022,997,949,
L900329,2026-04-28,940,916,872,
L900329,2026-04-29,1156,1126,1074,
L900329,2026-04-30,1255,1209,1161,
L900329,2026-05-01,1013,978,938,
L900329,2026-05-02,1132,1092,1019,
L900329,2026-05-03,1157,1131,1074,
L900329,2026-05-04,1054,1032,1005,
L900329,2026-05-05,1051,1015,943,
L900329,2026-05-06,1191,1170,1042,
L900329,2026-05-07,1062,1023,976,
L900329,2026-05-08,1058,1023,982,
L900329,2026-05-09,1294,1280,1228,
L900330,2026-02-08,194397,191290,110770,
L900330,2026-02-09,166879,160891,90972,
L900330,2026-02-10,198704,192073,117387,
L900330,2026-02-11,198431,193116,115704,
L900330,2026-02-12,182682,177896,106792,
L900330,2026-02-13,186982,181923,112601,
L900330,2026-02-14,203921,201304,119464,
L900330,2026-02-15,197826,189960,112753,
L900330,2026-02-16,156806,151682,84294,
L900330,2026-02-17,163154,159814,93498,
L900330,2026-02-18,186967,183334,115318,
L900330,2026-02-19,180482,177654,105784,
L900330,2026-02-20,184150,179211,106411,
L900330,2026-02-21,222615,219296,132014,
L900330,2026-02-22,201552,197384,104820,
L900330,2026-02-23,187881,180678,98270,
L900330,2026-02-24,200889,194816,110857,
L900330,2026-02-25,166709,162453,102996,
L900330,2026-02-26,181542,177875,102420,
L900330,2026-02-27,192689,189171,112804,
L900330,2026-02-28,240142,236162,130678,
L900330,2026-03-01,229525,224217,128731,
L900330,2026-03-02,168414,163994,95274,
L900330,2026-03-03,155466,150198,89887,
L900330,2026-03-04,177582,175351,100028,
L900330,2026-03-05,179808,176226,101620,
L900330,2026-03-06,198401,191724,106998,
L900330,2026-03-07,213356,208922,120269,
L900330,2026-03-08,201332,194525,113444,
L900330,2026-03-09,171281,165702,91453,
L900330,2026-03-10,189464,187143,114334,
L900330,2026-03-11,182514,175632,101503,
L900330,2026-03-12,180000,176525,100562,
L900330,2026-03-13,198829,193828,112784,
L900330,2026-03-14,181727,174630,105472,
L900330,2026-03-15,236880,231580,137102,
L900330,2026-03-16,141733,139890,81127,
L900330,2026-03-17,194805,189697,111464,
L900330,2026-03-18,184794,177680,106236,
L900330,2026-03-19,183836,177980,107512,
L900330,2026-03-20,184163,176987,102943,
L900330,2026-03-21,235799,231935,132673,
L900330,2026-03-22,200767,195028,113131,
L900330,2026-03-23,190397,186789,111794,
L900330,2026-03-24,195350,189722,109778,
L900330,2026-03-25,179317,175606,99771,
L900330,2026-03-26,185444,183544,100431,
L900330,2026-03-27,182141,175874,112030,
L900330,2026-03-28,193608,189417,110456,
L900330,2026-03-29,226738,219009,129243,
L900330,2026-03-30,167750,163941,96776,
L900330,2026-03-31,174036,169199,93304,
L900330,2026-04-01,195656,190045,112752,
L900330,2026-04-02,167752,165202,94020,
L900330,2026-04-03,173374,168834,92373,
L900330,2026-04-04,233510,224202,133624,
L900330,2026-04-05,214230,209008,121107,
L900330,2026-04-06,183478,177875,104036,
L900330,2026-04-07,162210,155802,91887,
L900330,2026-04-08,164712,160953,95546,
L900330,2026-04-09,166322,161027,89208,
L900330,2026-04-10,181402,178358,103267,
L900330,2026-04-11,221913,216892,121924,
L900330,2026-04-12,223657,220855,129407,
L900330,2026-04-13,198765,192400,112304,
L900330,2026-04-14,173092,166719,92205,
L900330,2026-04-15,159553,156932,92034,
L900330,2026-04-16,193347,186004,104570,
L900330,2026-04-17,185523,179770,103640,
L900330,2026-04-18,232732,229413,137033,
L900330,2026-04-19,180185,177191,106428,
L900330,2026-04-20,185478,181358,103260,
L900330,2026-04-21,174487,168870,98051,
L900330,2026-04-22,174483,168513,94579,
L900330,2026-04-23,171515,166086,92874,
L900330,2026-04-24,201396,196871,114405,
L900330,2026-04-25,259752,250255,147005,
L900330,2026-04-26,230455,227858,127319,
L900330,2026-04-27,178636,172062,100046,
L900330,2026-04-28,172541,168354,96080,
L900330,2026-04-29,187921,180804,106456,
L900330,2026-04-30,162364,158527,92845,
L900330,2026-05-01,189854,185907,105631,
L900330,2026-05-02,207903,202179,119048,
L900330,2026-05-03,174782,172476,100043,
L900330,2026-05-04,205583,201198,106247,
L900330,2026-05-05,193779,186688,110311,
L900330,2026-05-06,160893,159088,93927,
L900330,2026-05-07,196376,193014,107406,
L900330,2026-05-08,171524,169102,98167,
L900330,2026-05-09,237300,231981,132038,
L900331,2026-06-23,201268,195155,181590,
L900331,2026-06-24,230375,224813,209552,
L900331,2026-06-25,206496,203170,188814,
L900331,2026-06-26,198959,196299,178654,
L900331,2026-06-27,282101,271473,261361,
L900331,2026-06-28,220447,212218,199833,
L900331,2026-06-29,227182,222978,201965,
L900331,2026-06-30,204552,196600,180569,
L900331,2026-07-01,244902,236491,227752,
L900331,2026-07-02,196909,191738,172720,
L900331,2026-07-03,225720,219370,206400,
L900331,2026-07-04,282937,277077,251812,
L900331,2026-07-05,272222,268443,245723,
L900331,2026-07-06,223172,219849,204296,
L900331,2026-07-07,244897,237204,222722,
L900331,2026-07-08,207235,204746,190978,
L900331,2026-07-09,210865,206777,187528,
L900331,2026-07-10,245309,238325,229262,
L900331,2026-07-11,253698,245847,232078,
L900331,2026-07-12,299559,296031,282632,
L900331,2026-07-13,207347,204704,190014,
L900331,2026-07-14,183366,177592,167912,
L900331,2026-07-15,233711,231297,220887,
L900331,2026-07-16,224497,215538,201969,
L900331,2026-07-17,195606,188825,176814,
L900331,2026-07-18,244324,235455,221446,
L900331,2026-07-19,241602,233608,219679,
L900331,2026-07-20,235076,230673,216265,
L900331,2026-07-21,218160,214623,203518,
L900331,2026-07-22,242681,237509,220373,
L900331,2026-07-23,221435,217199,208559,
L900331,2026-07-24,223957,215966,192199,
L900331,2026-07-25,242596,234711,221806,
L900331,2026-07-26,249089,241251,231313,
L900331,2026-07-27,244171,237994,218524,
L900331,2026-07-28,195016,192247,177400,
L900331,2026-07-29,205451,201860,193931,
L900331,2026-07-30,194968,188608,178206,
L900331,2026-07-31,236176,228819,216550,
L900331,2026-08-01,266312,257866,238978,
L900331,2026-08-02,295391,286969,265473,
L900331,2026-08-03,228701,219978,203881,
L900331,2026-08-04,181255,179179,165670,
L900331,2026-08-05,209917,205451,190480,
L900331,2026-08-06,201345,195348,184118,
L900331,2026-08-07,225110,222360,205434,
L900332,2025-08-12,32538,31284,18303,
L900332,2025-08-13,39440,38645,23479,
L900332,2025-08-14,33821,32891,20386,
L900332,2025-08-15,34495,33939,18995,
L900332,2025-08-16,38318,37072,20703,
L900332,2025-08-17,44151,43140,24799,
L900332,2025-08-18,33728,33242,18716,
L900332,2025-08-19,32437,31214,17548,
L900332,2025-08-20,38410,37382,23029,
L900332,2025-08-21,40825,40410,23993,
L900332,2025-08-22,34125,33125,18770,
L900332,2025-08-23,45604,44315,25484,
L900332,2025-08-24,44420,43092,26657,
L900332,2025-08-25,36140,34775,21753,
L900332,2025-08-26,32322,31642,18635,
L900332,2025-08-27,36416,35765,20039,
L900332,2025-08-28,37802,37129,22671,
L900332,2025-08-29,41784,40113,23595,
L900332,2025-08-30,36466,35193,20747,
L900332,2025-08-31,45556,44131,25388,
L900332,2025-09-01,36136,34806,19850,
L900332,2025-09-02,35144,34094,20468,
L900332,2025-09-03,39472,37972,21058,
L900332,2025-09-04,34071,33234,18219,
L900332,2025-09-05,40749,40225,24031,
L900332,2025-09-06,36119,35039,20277,
L900332,2025-09-07,42028,40665,22970,
L900332,2025-09-08,38469,37888,22742,
L900332,2025-09-09,36290,35414,20085,
L900332,2025-09-10,33725,33341,19367,
L900332,2025-09-11,34225,33200,19252,
L900332,2025-09-12,37110,35761,19644,
L900332,2025-09-13,40395,39043,22618,
L900332,2025-09-14,48388,46738,27898,
L900332,2025-09-15,35514,34511,20294,
L900332,2025-09-16,35236,34599,20812,
L900332,2025-09-17,36757,35300,21376,
L900332,2025-09-18,31672,30897,17422,
L900332,2025-09-19,36305,35920,21188,
L900332,2025-09-20,51261,50129,27262,
L900332,2025-09-21,42889,42358,24501,
L900332,2025-09-22,36200,35109,21580,
L900332,2025-09-23,38015,36986,20265,
L900332,2025-09-24,39883,39195,23913,
L900332,2025-09-25,36272,35168,19259,
L900332,2025-09-26,35093,33812,19927,
L900332,2025-09-27,46431,45474,24764,
L900332,2025-09-28,40357,38862,23393,
L900332,2025-09-29,39792,38645,22746,
L900332,2025-09-30,38788,37787,22260,
L900332,2025-10-01,38261,36926,21524,
L900332,2025-10-02,36888,35478,19710,
L900332,2025-10-03,37576,36444,20224,
L900332,2025-10-04,45484,44671,25516,
L900332,2025-10-05,44276,42908,24068,
L900332,2025-10-06,34093,32911,19330,
L900332,2025-10-07,37668,36258,21822,
L900332,2025-10-08,32256,31531,17341,
L900332,2025-10-09,32752,31556,17629,
L900332,2025-10-10,39977,39200,23786,
L900332,2025-10-11,39574,38763,23808,
L900332,2025-10-12,47408,45739,25037,
L900332,2025-10-13,32596,31862,17422,
L900332,2025-10-14,35278,34509,20027,
L900332,2025-10-15,35568,34682,18709,
L900332,2025-10-16,31468,30483,17838,
L900332,2025-10-17,37293,36119,19489,
L900332,2025-10-18,38596,37921,22769,
L900332,2025-10-19,38791,37491,21733,
L900332,2025-10-20,31774,30992,18490,
L900332,2025-10-21,29792,28923,16599,
L900332,2025-10-22,38197,37475,22192,
L900332,2025-10-23,34205,33761,19109,
L900332,2025-10-24,34862,34075,18884,
L900332,2025-10-25,42659,41695,24113,
L900332,2025-10-26,41565,40257,24154,
L900332,2025-10-27,32482,31346,17112,
L900332,2025-10-28,34031,32997,19220,
L900332,2025-10-29,35221,33818,19512,
L900332,2025-10-30,32323,31147,17453,
L900332,2025-10-31,34136,32936,18729,
L900332,2025-11-01,46781,45907,26868,
L900332,2025-11-02,41171,39657,23869,
L900332,2025-11-03,36792,35653,19710,
L900332,2025-11-04,26311,25292,13998,
L900332,2025-11-05,37215,35784,21392,
L900332,2025-11-06,30806,30407,18036,
L900332,2025-11-07,37288,36519,22199,
L900332,2025-11-08,46273,45396,27557,
L900332,2025-11-09,44683,43479,25613,
L900332,2025-11-10,34566,34199,20396,
L900333,2025-08-12,68101,66426,49872,
L900333,2025-08-13,76624,74755,54604,
L900333,2025-08-14,74190,72119,53083,
L900333,2025-08-15,74303,72722,52648,
L900333,2025-08-16,88205,86115,63560,
L900333,2025-08-17,75460,74005,54536,
L900333,2025-08-18,76147,73436,52845,
L900333,2025-08-19,60688,58600,43831,
L900333,2025-08-20,59622,58666,45247,
L900333,2025-08-21,77339,74534,56702,
L900333,2025-08-22,68803,67417,52133,
L900333,2025-08-23,92336,89908,65574,
L900333,2025-08-24,92959,91103,65755,
L900333,2025-08-25,67780,66999,47176,
L900333,2025-08-26,69669,68871,50558,
L900333,2025-08-27,66374,65537,48280,
L900333,2025-08-28,65672,63660,47161,
L900333,2025-08-29,75937,73521,52844,
L900333,2025-08-30,89116,87260,64948,
L900333,2025-08-31,85858,82742,61178,
L900333,2025-09-01,64913,64086,47993,
L900333,2025-09-02,71724,69529,50338,
L900333,2025-09-03,61491,60499,44872,
L900333,2025-09-04,73023,71677,54481,
L900333,2025-09-05,75495,73742,55116,
L900333,2025-09-06,81608,78405,58016,
L900333,2025-09-07,75072,72283,52502,
L900333,2025-09-08,68572,66221,48650,
L900333,2025-09-09,69372,67673,48217,
L900333,2025-09-10,62522,61676,46596,
L900333,2025-09-11,64274,62122,45130,
L900333,2025-09-12,69389,67361,48592,
L900333,2025-09-13,90742,89368,63885,
L900333,2025-09-14,83374,81373,58997,
L900333,2025-09-15,69726,67294,49128,
L900333,2025-09-16,68735,67974,51961,
L900333,2025-09-17,65078,63040,45772,
L900333,2025-09-18,67125,65533,50426,
L900333,2025-09-19,68371,67552,51655,
L900333,2025-09-20,82184,81295,62092,
L900333,2025-09-21,86080,84514,63477,
L900333,2025-09-22,60955,58786,41639,
L900333,2025-09-23,74761,73400,55868,
L900333,2025-09-24,82206,80729,57340,
L900333,2025-09-25,71542,69220,49805,
L900333,2025-09-26,64785,62532,45645,
L900333,2025-09-27,85913,83489,60673,
L900333,2025-09-28,83588,82334,62297,
L900333,2025-09-29,75080,73495,55404,
L900333,2025-09-30,71355,70639,52072,
L900333,2025-10-01,65731,63413,47609,
L900333,2025-10-02,63076,62435,46350,
L900333,2025-10-03,62939,61012,45098,
L900333,2025-10-04,76336,75429,55213,
L900333,2025-10-05,78855,77989,56469,
L900333,2025-10-06,68384,67456,46647,
L900333,2025-10-07,58935,56858,42988,
L900333,2025-10-08,69678,68013,49345,
L900333,2025-10-09,74231,72243,52536,
L900333,2025-10-10,65672,63122,45721,
L900333,2025-10-11,96079,93527,69649,
L900333,2025-10-12,84669,82259,61638,
L900333,2025-10-13,58658,56858,41399,
L900333,2025-10-14,71372,68805,50910,
L900333,2025-10-15,81016,80008,58349,
L900333,2025-10-16,74062,71539,54092,
L900333,2025-10-17,69652,68940,51462,
L900333,2025-10-18,81428,80451,56358,
L900333,2025-10-19,85692,83962,62851,
L900333,2025-10-20,72092,70833,52505,
L900333,2025-10-21,74212,72342,52280,
L900333,2025-10-22,76955,75506,54382,
L900333,2025-10-23,68271,67383,50781,
L900333,2025-10-24,66028,64789,48914,
L900333,2025-10-25,81077,80047,59423,
L900333,2025-10-26,82155,79614,57995,
L900333,2025-10-27,81267,80384,58134,
L900333,2025-10-28,56271,55203,39962,
L900333,2025-10-29,69589,68675,50301,
L900333,2025-10-30,74477,72613,55160,
L900333,2025-10-31,67111,66164,46735,
L900333,2025-11-01,74806,71982,53220,
L900333,2025-11-02,72929,70993,52012,
L900333,2025-11-03,76696,74405,55569,
L900333,2025-11-04,69117,67997,48902,
L900333,2025-11-05,69867,68838,50584,
L900333,2025-11-06,70180,67481,50917,
L900333,2025-11-07,73813,71394,53015,
L900333,2025-11-08,86777,83875,61208,
L900333,2025-11-09,90917,87377,63108,
L900333,2025-11-10,67722,66620,50946,
L900334,2025-11-15,42267,42267,23365,115917.2
L900334,2025-11-16,44081,44081,29560,116271.8
L900334,2025-11-17,49318,49318,33508,155506.6
L900334,2025-11-18,31513,31513,18015,91942.0
L900334,2025-11-19,38790,38790,26014,77292.8
L900334,2025-11-20,33868,33868,20032,81458.1
L900334,2025-11-21,33484,33484,19869,63305.7
L900334,2025-11-22,30954,30954,20483,84597.2
L900334,2025-11-23,33105,33105,20848,90683.8
L900334,2025-11-24,28598,28598,18274,70910.3
L900334,2025-11-25,29495,29495,19956,84162.2
L900334,2025-11-26,28468,28468,19729,79522.8
L900334,2025-11-27,23830,23830,13942,61273.4
L900334,2025-11-28,21571,21571,14126,45457.5
L900334,2025-11-29,21867,21867,14183,64002.8
L900334,2025-11-30,20977,20977,12069,65009.1
L900334,2025-12-01,16534,16534,10523,50775.4
L900334,2025-12-02,18017,18017,11660,56903.9
L900334,2025-12-03,16156,16156,10404,46656.8
L900334,2025-12-04,14954,14954,9255,40544.4
L900334,2025-12-05,13686,13686,8586,33795.5
L900334,2025-12-06,12979,12979,9053,40054.0
L900334,2025-12-07,14676,14676,8675,39786.6
L900334,2025-12-08,11833,11833,6920,36271.7
L900334,2025-12-09,12887,12887,7970,34931.7
L900334,2025-12-10,11034,11034,6199,29349.1
L900334,2025-12-11,9095,9095,5503,19366.6
L900334,2025-12-12,9844,9844,6625,27717.3
L900334,2025-12-13,8016,8016,5228,21085.6
L900334,2025-12-14,9087,9087,5917,24636.0
L900334,2025-12-15,7901,7901,4723,17678.1
L900334,2025-12-16,8248,8248,5114,15504.9
L900334,2025-12-17,8182,8182,4508,20103.1
L900334,2025-12-18,5569,5569,3776,15134.4
L900334,2025-12-19,6054,6054,3779,14075.2
L900334,2025-12-20,5254,5254,3459,13514.4
L900334,2025-12-21,6844,6844,4559,15170.0
L900334,2025-12-22,5068,5068,3002,13222.5
L900334,2025-12-23,4336,4336,2782,13346.7
L900334,2025-12-24,5755,5755,3336,13150.8
L900334,2025-12-25,4106,4106,2491,9783.0
L900334,2025-12-26,3493,3493,2423,6899.9
L900334,2025-12-27,3472,3472,1946,8907.7
L900335,2025-11-15,216107,207537,150107,
L900335,2025-11-16,206963,200704,148734,
L900335,2025-11-17,196711,192258,143552,
L900335,2025-11-18,169858,163435,120195,
L900335,2025-11-19,188825,185696,143654,
L900335,2025-11-20,162153,156918,119615,
L900335,2025-11-21,173421,167938,118818,
L900335,2025-11-22,183930,178553,136893,
L900335,2025-11-23,240353,236134,172051,
L900335,2025-11-24,174853,168713,118833,
L900335,2025-11-25,188716,183266,135512,
L900335,2025-11-26,155783,151107,112437,
L900335,2025-11-27,158100,152254,114365,
L900335,2025-11-28,162464,159948,119439,
L900335,2025-11-29,204070,200954,139198,
L900335,2025-11-30,232478,228116,173600,
L900335,2025-12-01,170447,167425,124813,
L900335,2025-12-02,184107,180124,134986,
L900335,2025-12-03,202427,196461,147018,
L900335,2025-12-04,172782,166369,124536,
L900335,2025-12-05,171754,167014,120031,
L900335,2025-12-06,236329,231551,173821,
L900335,2025-12-07,183251,177869,129191,
L900335,2025-12-08,188653,186317,132047,
L900335,2025-12-09,167158,164002,130091,
L900335,2025-12-10,173161,170996,130239,
L900335,2025-12-11,199223,191408,138164,
L900335,2025-12-12,181662,176633,137981,
L900335,2025-12-13,223234,216371,170351,
L900335,2025-12-14,204348,196831,152729,
L900335,2025-12-15,178109,172215,126311,
L900335,2025-12-16,186979,184327,135991,
L900335,2025-12-17,176668,174539,130852,
L900335,2025-12-18,152148,147109,106510,
L900335,2025-12-19,188155,184897,140490,
L900335,2025-12-20,221472,217490,162142,
L900335,2025-12-21,222249,213424,162022,
L900335,2025-12-22,157577,155308,113345,
L900335,2025-12-23,176813,173633,129168,
L900335,2025-12-24,147852,143054,102262,
L900335,2025-12-25,177635,173147,131637,
L900335,2025-12-26,171909,167593,121783,
L900335,2025-12-27,224425,221652,162568,
L900336,2025-11-15,7497,7250,6580,
L900336,2025-11-16,8500,8194,7823,
L900336,2025-11-17,5823,5741,5384,
L900336,2025-11-18,6140,5984,5639,
L900336,2025-11-19,5863,5716,5415,
L900336,2025-11-20,6908,6799,6194,
L900336,2025-11-21,6339,6250,5964,
L900336,2025-11-22,7021,6941,6362,
L900336,2025-11-23,8036,7953,7370,
L900336,2025-11-24,5510,5322,4915,
L900336,2025-11-25,7186,7104,6899,
L900336,2025-11-26,5984,5866,5348,
L900336,2025-11-27,6074,5870,5670,
L900336,2025-11-28,6730,6627,6357,
L900336,2025-11-29,8242,7940,7174,
L900336,2025-11-30,7053,6880,6302,
L900336,2025-12-01,6042,5880,5388,
L900336,2025-12-02,6021,5940,5600,
L900336,2025-12-03,6373,6285,5998,
L900336,2025-12-04,6432,6332,5803,
L900336,2025-12-05,6400,6269,5640,
L900336,2025-12-06,6221,6078,5730,
L900336,2025-12-07,8254,7980,7432,
L900336,2025-12-08,6108,6036,5451,
L900336,2025-12-09,6894,6681,6279,
L900336,2025-12-10,6452,6279,5838,
L900336,2025-12-11,6068,5949,5400,
L900336,2025-12-12,6432,6319,5808,
L900336,2025-12-13,7374,7273,7013,
L900336,2025-12-14,7603,7516,6621,
L900336,2025-12-15,6035,5815,5291,
L900336,2025-12-16,6235,6154,5547,
L900336,2025-12-17,6524,6349,5866,
L900336,2025-12-18,6065,5880,5485,
L900336,2025-12-19,6266,6124,5678,
L900336,2025-12-20,7496,7251,6740,
L900336,2025-12-21,7842,7729,7221,
L900336,2025-12-22,6873,6781,6232,
L900336,2025-12-23,6425,6209,6078,
L900336,2025-12-24,6284,6049,5625,
L900336,2025-12-25,5668,5544,5076,
L900336,2025-12-26,6251,6179,5812,
L900336,2025-12-27,8029,7765,7272,
L900337,2025-12-11,44321,44321,30344,141598.3
L900337,2025-12-12,48642,48642,30429,98585.8
L900337,2025-12-13,43732,43732,25631,128702.2
L900337,2025-12-14,41644,41644,27476,94451.1
L900337,2025-12-15,37331,37331,25969,113638.1
L900337,2025-12-16,33003,33003,21484,60622.7
L900337,2025-12-17,30180,30180,17662,93524.5
L900337,2025-12-18,33392,33392,18844,97559.2
L900337,2025-12-19,31987,31987,18760,76272.2
L900337,2025-12-20,28324,28324,17902,65743.2
L900337,2025-12-21,26984,26984,15216,49985.4
L900337,2025-12-22,23617,23617,13147,44749.8
L900337,2025-12-23,25174,25174,14423,47984.8
L900337,2025-12-24,22709,22709,13351,58170.5
L900337,2025-12-25,20481,20481,12640,40728.6
L900337,2025-12-26,21754,21754,12818,52029.5
L900337,2025-12-27,20070,20070,12316,51584.2
L900337,2025-12-28,15029,15029,9467,40550.4
L900337,2025-12-29,16804,16804,10836,34569.2
L900337,2025-12-30,14239,14239,7968,36950.5
L900337,2025-12-31,15038,15038,9565,45213.7
L900337,2026-01-01,9565,9565,6486,20024.1
L900337,2026-01-02,13413,13413,7635,24530.2
L900337,2026-01-03,13270,13270,7672,29671.0
L900337,2026-01-04,11537,11537,7202,24207.7
L900337,2026-01-05,9707,9707,5637,21623.4
L900337,2026-01-06,12371,12371,6997,29392.3
L900337,2026-01-07,10871,10871,6087,20252.4
L900337,2026-01-08,8690,8690,4806,25903.5
L900337,2026-01-09,8417,8417,4631,15291.9
L900337,2026-01-10,6527,6527,3876,13569.6
L900338,2025-12-11,84242,81464,61369,
L900338,2025-12-12,102370,99400,73416,
L900338,2025-12-13,104770,103596,79248,
L900338,2025-12-14,114542,111524,82735,
L900338,2025-12-15,87555,84849,63115,
L900338,2025-12-16,93069,89478,63836,
L900338,2025-12-17,104747,102041,79100,
L900338,2025-12-18,102311,101213,76656,
L900338,2025-12-19,107964,104120,74867,
L900338,2025-12-20,104815,102763,75192,
L900338,2025-12-21,117251,114949,84389,
L900338,2025-12-22,86885,84965,62883,
L900338,2025-12-23,93891,91141,68977,
L900338,2025-12-24,94942,93294,65483,
L900338,2025-12-25,97522,96533,74488,
L900338,2025-12-26,94824,92351,70162,
L900338,2025-12-27,109894,107664,80889,
L900338,2025-12-28,107700,104972,77161,
L900338,2025-12-29,92799,91300,68432,
L900338,2025-12-30,88367,85035,60434,
L900338,2025-12-31,98163,95775,71702,
L900338,2026-01-01,95456,93826,71181,
L900338,2026-01-02,93071,91836,68475,
L900338,2026-01-03,111316,108731,79898,
L900338,2026-01-04,117639,114987,90302,
L900338,2026-01-05,100223,97707,73375,
L900338,2026-01-06,100459,98109,67993,
L900338,2026-01-07,97021,95611,72493,
L900338,2026-01-08,95244,92731,68540,
L900338,2026-01-09,87491,85102,62237,
L900338,2026-01-10,106886,104969,79775,
L900339,2025-10-07,130290,128458,92875,
L900339,2025-10-08,106791,103216,74832,
L900339,2025-10-09,103631,100979,72699,
L900339,2025-10-10,108171,105973,80273,
L900339,2025-10-11,128733,124081,94433,
L900339,2025-10-12,151518,146425,109189,
L900339,2025-10-13,123918,120957,86215,
L900339,2025-10-14,107786,105198,78245,
L900339,2025-10-15,114839,112222,86252,
L900339,2025-10-16,103808,101570,74071,
L900339,2025-10-17,112057,109737,80067,
L900339,2025-10-18,125185,123181,89979,
L900339,2025-10-19,133894,128705,98967,
L900339,2025-10-20,103615,101045,76420,
L900339,2025-10-21,124306,120172,87695,
L900339,2025-10-22,115170,111513,83804,
L900339,2025-10-23,116534,112281,83272,
L900339,2025-10-24,106697,103238,77763,
L900339,2025-10-25,132485,128543,95195,
L900339,2025-10-26,138498,135040,102241,
L900339,2025-10-27,130226,128647,93300,
L900339,2025-10-28,113299,111515,79210,
L900339,2025-10-29,126195,121467,89992,
L900339,2025-10-30,110119,108147,80141,
L900339,2025-10-31,113752,110758,80339,
L900339,2025-11-01,149557,146823,110542,
L900339,2025-11-02,145145,140560,102102,
L900339,2025-11-03,106198,103665,76476,
L900339,2025-11-04,120044,118479,88863,
L900339,2025-11-05,105805,101669,76592,
L900339,2025-11-06,104050,102890,74777,
L900339,2025-11-07,114248,111661,80012,
L900339,2025-11-08,126049,122529,94475,
L900339,2025-11-09,151505,146861,115402,
L900339,2025-11-10,116891,114590,86274,
L900339,2025-11-11,111425,107796,79013,
L900339,2025-11-12,120694,118160,90657,
L900339,2025-11-13,119924,115511,83537,
L900339,2025-11-14,116359,114763,83156,
L900339,2025-11-15,133031,130921,101165,
L900339,2025-11-16,123470,120420,94333,
L900339,2025-11-17,117784,115262,84219,
L900339,2025-11-18,113440,111989,81337,
L900339,2025-11-19,107888,103915,77049,
L900339,2025-11-20,109855,108705,78413,
L900339,2025-11-21,110826,108512,77445,
L900339,2025-11-22,122681,118651,84759,
L900339,2025-11-23,154838,150462,112562,
L900339,2025-11-24,118202,113971,84364,
L900339,2025-11-25,117394,113972,87019,
L900339,2025-11-26,116505,112819,87187,
L900339,2025-11-27,112488,109019,81979,
L900339,2025-11-28,119178,115094,83024,
L900339,2025-11-29,137044,132530,93191,
L900339,2025-11-30,135158,130492,95835,
L900339,2025-12-01,109765,105641,77313,
L900339,2025-12-02,117445,114732,82869,
L900339,2025-12-03,129612,125406,94223,
L900339,2025-12-04,105576,104340,78562,
L900339,2025-12-05,121804,117764,88014,
L900339,2025-12-06,125587,121746,95539,
L900339,2025-12-07,143564,139632,99843,
L900339,2025-12-08,114712,111693,82160,
L900339,2025-12-09,112882,108841,77943,
L900339,2025-12-10,113314,108966,78823,
L900339,2025-12-11,109669,106822,79876,
L900339,2025-12-12,108522,106248,78006,
L900339,2025-12-13,145539,143069,103328,
L900339,2025-12-14,129492,125078,89419,
L900339,2025-12-15,105397,102948,76447,
L900339,2025-12-16,118596,114845,83133,
L900339,2025-12-17,118328,113790,84444,
L900339,2025-12-18,100345,99026,73624,
L900339,2025-12-19,123604,119991,84252,
L900339,2025-12-20,158486,155231,112975,
L900339,2025-12-21,118558,116372,86437,
L900339,2025-12-22,120325,118240,86834,
L900339,2025-12-23,115637,113348,88682,
L900339,2025-12-24,114680,111011,88769,
L900339,2025-12-25,124239,122761,90969,
L900339,2025-12-26,115455,113778,83468,
L900339,2025-12-27,139303,135612,101875,
L900339,2025-12-28,132161,130597,93037,
L900339,2025-12-29,124750,121691,92420,
L900339,2025-12-30,100033,97812,72715,
L900339,2025-12-31,122094,118723,90048,
L900339,2026-01-01,106560,103793,78845,
L900339,2026-01-02,112960,111720,83541,
L900339,2026-01-03,126530,124788,81718,
L900339,2026-01-04,128083,125027,93861,
L900339,2026-01-05,110970,109202,82229,
L900340,2025-10-07,8905,8592,7916,
L900340,2025-10-08,7547,7407,6659,
L900340,2025-10-09,8167,8019,7546,
L900340,2025-10-10,8913,8817,8105,
L900340,2025-10-11,10498,10329,9445,
L900340,2025-10-12,11891,11687,10890,
L900340,2025-10-13,9873,9487,8406,
L900340,2025-10-14,9537,9166,8435,
L900340,2025-10-15,8941,8792,8414,
L900340,2025-10-16,8862,8688,8165,
L900340,2025-10-17,8402,8068,7509,
L900340,2025-10-18,9663,9356,8690,
L900340,2025-10-19,11414,11220,10682,
L900340,2025-10-20,8549,8365,7690,
L900340,2025-10-21,8676,8457,7822,
L900340,2025-10-22,8442,8349,7404,
L900340,2025-10-23,8384,8296,7707,
L900340,2025-10-24,9039,8889,8364,
L900340,2025-10-25,11819,11450,10545,
L900340,2025-10-26,9668,9311,8734,
L900340,2025-10-27,9140,8896,8227,
L900340,2025-10-28,10040,9839,9238,
L900340,2025-10-29,9237,9016,8414,
L900340,2025-10-30,9769,9382,8595,
L900340,2025-10-31,8503,8403,7775,
L900340,2025-11-01,10029,9656,8971,
L900340,2025-11-02,11159,11009,10223,
L900340,2025-11-03,8883,8781,8456,
L900340,2025-11-04,9836,9733,9032,
L900340,2025-11-05,9215,8998,8615,
L900340,2025-11-06,8719,8477,7719,
L900340,2025-11-07,9313,8963,8409,
L900340,2025-11-08,11506,11190,10591,
L900340,2025-11-09,10424,10304,9292,
L900340,2025-11-10,8719,8409,7918,
L900340,2025-11-11,8472,8243,7347,
L900340,2025-11-12,9253,9096,8356,
L900340,2025-11-13,7883,7638,7114,
L900340,2025-11-14,8864,8761,8441,
L900340,2025-11-15,11152,10872,10238,
L900340,2025-11-16,11058,10846,9957,
L900340,2025-11-17,8790,8586,8170,
L900340,2025-11-18,9694,9426,8485,
L900340,2025-11-19,8233,7923,7179,
L900340,2025-11-20,9923,9765,8743,
L900340,2025-11-21,9723,9619,9022,
L900340,2025-11-22,11203,10923,10055,
L900340,2025-11-23,12126,11810,11010,
L900340,2025-11-24,8090,7769,7036,
L900340,2025-11-25,7943,7682,7328,
L900340,2025-11-26,10189,9881,9403,
L900340,2025-11-27,9042,8890,8014,
L900340,2025-11-28,8376,8215,7477,
L900340,2025-11-29,11032,10809,10352,
L900340,2025-11-30,12299,11889,10940,
L900340,2025-12-01,7510,7379,6690,
L900340,2025-12-02,10017,9755,9117,
L900340,2025-12-03,8887,8567,7894,
L900340,2025-12-04,8598,8470,7673,
L900340,2025-12-05,10663,10447,10074,
L900340,2025-12-06,10345,10171,9102,
L900340,2025-12-07,11223,10964,10164,
L900340,2025-12-08,9607,9399,8901,
L900340,2025-12-09,8291,8079,7720,
L900340,2025-12-10,8889,8771,8263,
L900340,2025-12-11,8956,8759,8307,
L900340,2025-12-12,7418,7301,6897,
L900340,2025-12-13,10336,9941,9259,
L900340,2025-12-14,12176,11767,10754,
L900340,2025-12-15,8445,8303,7660,
L900340,2025-12-16,8829,8544,7766,
L900340,2025-12-17,9225,9121,8511,
L900340,2025-12-18,9486,9252,8452,
L900340,2025-12-19,8456,8143,7553,
L900340,2025-12-20,10856,10572,9784,
L900340,2025-12-21,10446,10223,9574,
L900340,2025-12-22,8457,8341,7736,
L900340,2025-12-23,8923,8699,8084,
L900340,2025-12-24,10015,9791,8848,
L900340,2025-12-25,7397,7132,6548,
L900340,2025-12-26,8305,8073,7021,
L900340,2025-12-27,12620,12332,11606,
L900340,2025-12-28,11664,11296,10440,
L900340,2025-12-29,9455,9083,8370,
L900340,2025-12-30,9743,9603,8967,
L900340,2025-12-31,9120,8788,8179,
L900340,2026-01-01,10220,10096,9423,
L900340,2026-01-02,8394,8229,7708,
L900340,2026-01-03,11506,11066,10259,
L900340,2026-01-04,11027,10755,9772,
L900340,2026-01-05,9218,9061,8206,
L900341,2025-10-07,2759,2759,1636,5491.1
L900341,2025-10-08,3058,3058,1720,6635.9
L900341,2025-10-09,3029,3029,1828,7059.2
L900341,2025-10-10,2187,2187,1324,5498.4
L900341,2025-10-11,2325,2325,1322,5694.4
L900341,2025-10-12,2122,2122,1356,6486.0
L900341,2025-10-13,2158,2158,1340,3949.6
L900341,2025-10-14,1961,1961,1158,6010.3
L900341,2025-10-15,1758,1758,1088,3651.3
L900341,2025-10-16,1739,1739,1176,3992.3
L900341,2025-10-17,1588,1588,964,4376.0
L900341,2025-10-18,1771,1771,1052,5599.0
L900341,2025-10-19,1325,1325,886,3835.7
L900341,2025-10-20,1390,1390,833,3241.4
L900341,2025-10-21,1341,1341,800,4057.2
L900341,2025-10-22,1254,1254,816,2618.0
L900341,2025-10-23,1098,1098,615,2493.8
L900341,2025-10-24,1212,1212,686,2294.4
L900341,2025-10-25,794,794,507,2452.0
L900341,2025-10-26,842,842,466,1677.7
L900341,2025-10-27,949,949,575,2357.6
L900341,2025-10-28,764,764,448,1805.2
L900341,2025-10-29,715,715,455,1339.8
L900341,2025-10-30,709,709,393,2140.9
L900341,2025-10-31,645,645,371,2043.9
L900341,2025-11-01,701,701,418,1422.7
L900341,2025-11-02,677,677,460,1961.8
L900341,2025-11-03,590,590,363,1876.7
L900341,2025-11-04,609,609,357,1739.2
L900341,2025-11-05,447,447,300,1155.4
L900341,2025-11-06,492,492,320,1103.2
L900341,2025-11-07,522,522,320,1030.0
L900341,2025-11-08,475,475,290,1495.6
L900341,2025-11-09,466,466,278,1337.5
L900341,2025-11-10,361,361,229,958.7
L900341,2025-11-11,395,395,233,789.3
L900341,2025-11-12,326,326,218,625.7
L900341,2025-11-13,340,340,201,1005.7
L900341,2025-11-14,342,342,204,825.6
L900341,2025-11-15,262,262,174,793.6
L900341,2025-11-16,218,218,137,439.5
L900341,2025-11-17,299,299,188,839.5
L900341,2025-11-18,249,249,160,469.1
L900341,2025-11-19,221,221,125,661.3
L900341,2025-11-20,207,207,131,619.5
L900341,2025-11-21,157,157,93,289.5
L900341,2025-11-22,191,191,127,379.5
L900341,2025-11-23,166,166,99,384.9
L900341,2025-11-24,166,166,97,379.6
L900341,2025-11-25,156,156,87,325.8
L900341,2025-11-26,97,97,63,301.3
L900341,2025-11-27,145,145,86,391.9
L900341,2025-11-28,133,133,83,245.0
L900341,2025-11-29,126,126,69,369.0
L900341,2025-11-30,113,113,67,341.5
L900341,2025-12-01,109,109,71,273.8
L900341,2025-12-02,104,104,66,315.7
L900341,2025-12-03,99,99,63,240.7
L900341,2025-12-04,95,95,55,205.5
L900341,2025-12-05,88,88,58,194.7
L900341,2025-12-06,95,95,54,195.1
L900341,2025-12-07,70,70,45,172.4
L900341,2025-12-08,68,68,42,146.5
L900341,2025-12-09,78,78,52,170.3
L900341,2025-12-10,62,62,37,180.5
L900341,2025-12-11,65,65,38,144.9
L900341,2025-12-12,57,57,33,106.8
L900341,2025-12-13,51,51,31,119.4
L900341,2025-12-14,54,54,34,135.8
L900341,2025-12-15,49,49,27,108.6
L900341,2025-12-16,37,37,22,116.3
L900341,2025-12-17,42,42,27,97.0
L900341,2025-12-18,35,35,21,73.2
L900341,2025-12-19,41,41,25,86.9
L900341,2025-12-20,40,40,27,127.9
L900341,2025-12-21,39,39,23,105.8
L900341,2025-12-22,32,32,18,93.6
L900341,2025-12-23,27,27,14,52.4
L900341,2025-12-24,28,28,15,85.1
L900341,2025-12-25,23,23,13,56.5
L900341,2025-12-26,30,30,20,64.6
L900341,2025-12-27,25,25,17,70.6
L900341,2025-12-28,22,22,14,40.9
L900341,2025-12-29,22,22,14,41.5
L900341,2025-12-30,18,18,12,47.9
L900341,2025-12-31,16,16,11,33.8
L900341,2026-01-01,13,13,8,36.9
L900341,2026-01-02,16,16,9,38.7
L900341,2026-01-03,14,14,8,43.9
L900341,2026-01-04,14,14,8,43.6
L900341,2026-01-05,13,13,8,36.3
L900342,2026-04-07,312950,301599,166119,
L900342,2026-04-08,314310,305455,174680,
L900342,2026-04-09,306050,294329,176728,
L900342,2026-04-10,318076,306609,178625,
L900342,2026-04-11,360831,347033,207469,
L900342,2026-04-12,313027,308255,172921,
L900342,2026-04-13,287316,282283,156199,
L900342,2026-04-14,287493,284432,163114,
L900342,2026-04-15,295929,290989,168442,
L900342,2026-04-16,319022,309105,182823,
L900342,2026-04-17,292211,286430,164220,
L900342,2026-04-18,354398,346574,200805,
L900342,2026-04-19,427435,422319,232634,
L900342,2026-04-20,272104,263331,147081,
L900342,2026-04-21,300212,290612,169889,
L900342,2026-04-22,280408,270491,161732,
L900342,2026-04-23,302572,295523,176947,
L900342,2026-04-24,322175,312743,168061,
L900342,2026-04-25,375264,367972,203929,
L900342,2026-04-26,362849,350978,203055,
L900342,2026-04-27,293171,282242,156900,
L900342,2026-04-28,318109,313507,173742,
L900342,2026-04-29,311527,304594,167941,
L900342,2026-04-30,293461,284052,175000,
L900342,2026-05-01,349405,339769,186066,
L900342,2026-05-02,335700,324916,185054,
L900342,2026-05-03,419930,414804,240019,
L900342,2026-05-04,319147,309313,181255,
L900342,2026-05-05,265687,260628,141469,
L900342,2026-05-06,279467,275799,172743,
L900342,2026-05-07,299938,294340,176924,
L900343,2026-04-07,888280,862183,651445,
L900343,2026-04-08,832396,810497,598730,
L900343,2026-04-09,847820,826804,625500,
L900343,2026-04-10,941084,906714,683361,
L900343,2026-04-11,1180944,1149600,845469,
L900343,2026-04-12,1192616,1151818,838757,
L900343,2026-04-13,957661,922491,646279,
L900343,2026-04-14,857553,841507,661690,
L900343,2026-04-15,956586,926584,697001,
L900343,2026-04-16,851896,836422,600647,
L900343,2026-04-17,892720,874653,646068,
L900343,2026-04-18,1273097,1227662,933488,
L900343,2026-04-19,1113630,1093451,810590,
L900343,2026-04-20,967322,943982,673648,
L900343,2026-04-21,771825,744025,561640,
L900343,2026-04-22,917262,884563,631363,
L900343,2026-04-23,759164,744347,564123,
L900343,2026-04-24,873955,862652,645268,
L900343,2026-04-25,1080714,1042718,770897,
L900343,2026-04-26,1051702,1028555,759556,
L900343,2026-04-27,954112,921920,677136,
L900343,2026-04-28,887725,875185,658271,
L900343,2026-04-29,961197,949111,680750,
L900343,2026-04-30,909899,886490,646716,
L900343,2026-05-01,913009,879292,675893,
L900343,2026-05-02,1135714,1104208,864909,
L900343,2026-05-03,1123405,1105959,814727,
L900343,2026-05-04,910572,893557,663781,
L900343,2026-05-05,935563,919652,662297,
L900343,2026-05-06,894996,866627,628748,
L900343,2026-05-07,987130,948842,665599,
L900344,2026-07-12,26893,26131,25050,
L900344,2026-07-13,24480,23988,21916,
L900344,2026-07-14,27194,26187,23559,
L900344,2026-07-15,25224,24338,23457,
L900344,2026-07-16,28073,27268,25026,
L900344,2026-07-17,24244,23641,22971,
L900344,2026-07-18,33431,33053,32246,
L900344,2026-07-19,36884,36476,34281,
L900344,2026-07-20,26041,25272,23833,
L900344,2026-07-21,21292,21039,19949,
L900344,2026-07-22,21253,20853,19593,
L900344,2026-07-23,22317,21963,21057,
L900344,2026-07-24,23713,23142,21158,
L900344,2026-07-25,32731,32013,30025,
L900344,2026-07-26,29553,28404,26428,
L900344,2026-07-27,27612,27149,25938,
L900344,2026-07-28,24047,23295,21238,
L900344,2026-07-29,30367,29732,29422,
L900344,2026-07-30,28207,27576,25809,
L900344,2026-07-31,24274,23426,22442,
L900344,2026-08-01,28422,28092,26131,
L900344,2026-08-02,34183,33354,31649,
L900344,2026-08-03,23022,22597,21897,
L900344,2026-08-04,24126,23258,21174,
L900344,2026-08-05,22992,22610,21245,
L900344,2026-08-06,25732,25397,24214,
L900344,2026-08-07,27771,27068,25586,
L900344,2026-08-08,29471,28994,28266,
L900344,2026-08-09,33008,31868,30138,
L900344,2026-08-10,25878,25328,23820,
L900344,2026-08-11,22936,22237,22014,
L900344,2026-08-12,24191,23415,22382,
L900344,2026-08-13,22222,21940,21166,
L900344,2026-08-14,22848,22091,21727,
L900344,2026-08-15,35013,34283,32956,
L900344,2026-08-16,30893,30473,28835,
L900344,2026-08-17,25191,24329,23311,
L900344,2026-08-18,25469,25051,24290,
L900344,2026-08-19,23430,22995,22548,
L900344,2026-08-20,24432,23835,22287,
L900344,2026-08-21,26021,25148,24105,
L900344,2026-08-22,26358,25634,24105,
L900344,2026-08-23,25292,24846,23267,
L900345,2026-07-12,19468,19468,11253,57524.4
L900345,2026-07-13,16402,16402,9869,30466.6
L900345,2026-07-14,15844,15844,9042,28550.6
L900345,2026-07-15,17851,17851,10998,36258.7
L900345,2026-07-16,17942,17942,10561,54752.7
L900345,2026-07-17,12716,12716,8189,39868.0
L900345,2026-07-18,14535,14535,9513,34004.8
L900345,2026-07-19,12904,12904,8795,35267.6
L900345,2026-07-20,9664,9664,5869,28084.6
L900345,2026-07-21,10146,10146,6845,21339.1
L900345,2026-07-22,7234,7234,4517,16679.2
L900345,2026-07-23,10088,10088,6087,21669.8
L900345,2026-07-24,8211,8211,5710,18873.3
L900345,2026-07-25,8782,8782,4835,22788.5
L900345,2026-07-26,10260,10260,5942,26456.0
L900345,2026-07-27,8911,8911,5197,24339.3
L900345,2026-07-28,6683,6683,4245,15410.3
L900345,2026-07-29,6129,6129,3808,12830.6
L900345,2026-07-30,7250,7250,4240,17610.3
L900345,2026-07-31,5439,5439,3668,11524.3
L900345,2026-08-01,6258,6258,4364,16628.9
L900345,2026-08-02,6830,6830,4769,20795.5
L900345,2026-08-03,5391,5391,3187,10350.1
L900345,2026-08-04,5319,5319,3173,12105.2
L900345,2026-08-05,4957,4957,3390,14246.8
L900345,2026-08-06,3983,3983,2599,9700.3
L900345,2026-08-07,4088,4088,2807,9493.8
L900345,2026-08-08,3383,3383,2184,10328.9
L900345,2026-08-09,3978,3978,2203,7992.3
L900345,2026-08-10,2958,2958,1868,5401.2
L900345,2026-08-11,3344,3344,2143,8229.2
L900345,2026-08-12,3276,3276,1886,8468.7
L900345,2026-08-13,2635,2635,1697,5058.0
L900345,2026-08-14,2422,2422,1389,6913.5
L900345,2026-08-15,2416,2416,1518,7207.8
L900345,2026-08-16,2108,2108,1467,4819.0
L900345,2026-08-17,2214,2214,1299,7072.3
L900345,2026-08-18,1865,1865,1221,4845.9
L900345,2026-08-19,1770,1770,1178,3511.6
L900345,2026-08-20,1920,1920,1116,5641.0
L900345,2026-08-21,1821,1821,1222,5589.9
L900345,2026-08-22,1567,1567,1071,3952.8
L900345,2026-08-23,1270,1270,786,2909.7
L900346,2026-07-12,53258,51839,50348,
L900346,2026-07-13,45149,44184,41211,
L900346,2026-07-14,44056,42555,39783,
L900346,2026-07-15,58324,56335,51998,
L900346,2026-07-16,50292,49516,46139,
L900346,2026-07-17,49918,48746,43450,
L900346,2026-07-18,63834,62311,58374,
L900346,2026-07-19,54056,53181,50419,
L900346,2026-07-20,46158,45507,41276,
L900346,2026-07-21,36786,36292,35076,
L900346,2026-07-22,44819,43406,39835,
L900346,2026-07-23,43679,42019,40308,
L900346,2026-07-24,43843,42531,40101,
L900346,2026-07-25,53761,51883,46949,
L900346,2026-07-26,59223,58267,55473,
L900346,2026-07-27,43153,41788,38831,
L900346,2026-07-28,45987,45453,42675,
L900346,2026-07-29,52829,52194,48202,
L900346,2026-07-30,44428,42713,39573,
L900346,2026-07-31,42193,41154,36855,
L900346,2026-08-01,55831,54512,51271,
L900346,2026-08-02,55250,53858,50020,
L900346,2026-08-03,42352,41102,38432,
L900346,2026-08-04,46253,45375,42629,
L900346,2026-08-05,46814,45622,42787,
L900346,2026-08-06,50447,48944,46078,
L900346,2026-08-07,47387,46260,41409,
L900346,2026-08-08,59895,59205,54707,
L900346,2026-08-09,55590,53374,48279,
L900346,2026-08-10,53262,51672,45498,
L900346,2026-08-11,51065,50176,47090,
L900346,2026-08-12,38677,37482,36384,
L900346,2026-08-13,47508,45669,40318,
L900346,2026-08-14,44090,43144,40585,
L900346,2026-08-15,62811,62010,57161,
L900346,2026-08-16,43542,42030,40314,
L900346,2026-08-17,47451,45906,40642,
L900346,2026-08-18,46884,45588,42805,
L900346,2026-08-19,44447,43057,39330,
L900346,2026-08-20,43407,42182,38954,
L900346,2026-08-21,46928,45677,43199,
L900346,2026-08-22,45748,44606,41711,
L900346,2026-08-23,57396,56745,52964,
L900347,2025-10-20,122984,121426,93120,
L900347,2025-10-21,107204,103842,76670,
L900347,2025-10-22,117259,114995,88046,
L900347,2025-10-23,103234,99226,71351,
L900347,2025-10-24,112862,111033,79669,
L900347,2025-10-25,112888,111484,80668,
L900347,2025-10-26,138152,135325,104345,
L900347,2025-10-27,104178,100855,74382,
L900347,2025-10-28,111814,109562,79654,
L900347,2025-10-29,104015,102704,76689,
L900347,2025-10-30,99860,97908,70949,
L900347,2025-10-31,108650,106549,79533,
L900347,2025-11-01,117484,115980,85521,
L900347,2025-11-02,119884,115614,83972,
L900347,2025-11-03,117407,114426,84506,
L900347,2025-11-04,125186,121628,89829,
L900347,2025-11-05,118992,116596,88134,
L900347,2025-11-06,110323,108985,77781,
L900347,2025-11-07,109511,107117,78125,
L900347,2025-11-08,127579,123245,91585,
L900347,2025-11-09,118187,115494,83447,
L900347,2025-11-10,101498,98310,72249,
L900347,2025-11-11,103653,100830,73197,
L900347,2025-11-12,111637,110114,80502,
L900347,2025-11-13,110482,109203,78373,
L900347,2025-11-14,103120,101322,79113,
L900347,2025-11-15,126231,122611,85566,
L900347,2025-11-16,137349,132911,96472,
L900347,2025-11-17,112594,108203,79876,
L900348,2025-10-20,472150,461138,265370,
L900348,2025-10-21,519650,509445,272877,
L900348,2025-10-22,425474,417032,234996,
L900348,2025-10-23,411487,403606,230221,
L900348,2025-10-24,453932,443450,265845,
L900348,2025-10-25,572073,561817,323460,
L900348,2025-10-26,558634,550783,307865,
L900348,2025-10-27,509860,500118,302172,
L900348,2025-10-28,429789,423375,259275,
L900348,2025-10-29,450395,437242,247019,
L900348,2025-10-30,493945,478850,283115,
L900348,2025-10-31,473229,458143,262549,
L900348,2025-11-01,630177,606394,344149,
L900348,2025-11-02,572972,562969,345593,
L900348,2025-11-03,425033,408727,233312,
L900348,2025-11-04,514975,504350,297848,
L900348,2025-11-05,509983,503922,278942,
L900348,2025-11-06,488169,475345,272988,
L900348,2025-11-07,562466,542519,323443,
L900348,2025-11-08,575113,559506,327712,
L900348,2025-11-09,578644,571982,339746,
L900348,2025-11-10,443339,432308,262542,
L900348,2025-11-11,425503,416458,243253,
L900348,2025-11-12,444558,435486,252954,
L900348,2025-11-13,513562,499952,272850,
L900348,2025-11-14,469490,459318,253178,
L900348,2025-11-15,563264,546090,300978,
L900348,2025-11-16,583598,568211,324719,
L900348,2025-11-17,504390,485007,293221,
L900349,2026-05-01,210686,204020,156615,
L900349,2026-05-02,220465,213053,163773,
L900349,2026-05-03,237320,233832,168460,
L900349,2026-05-04,201323,195874,144664,
L900349,2026-05-05,174495,168907,121271,
L900349,2026-05-06,222384,217997,162532,
L900349,2026-05-07,219937,215082,157368,
L900349,2026-05-08,184018,182168,128671,
L900349,2026-05-09,256456,253324,189540,
L900349,2026-05-10,230263,222839,161368,
L900349,2026-05-11,214354,207367,152716,
L900349,2026-05-12,194009,191699,139553,
L900349,2026-05-13,190219,185729,139482,
L900349,2026-05-14,174347,168787,125174,
L900349,2026-05-15,211660,203211,150031,
L900349,2026-05-16,258098,248078,190229,
L900349,2026-05-17,255230,249831,182190,
L900349,2026-05-18,196071,189409,141472,
L900349,2026-05-19,189239,183625,134034,
L900349,2026-05-20,187767,184772,146130,
L900349,2026-05-21,192364,189505,144284,
L900349,2026-05-22,182952,177682,137532,
L900349,2026-05-23,230815,227027,168240,
L900349,2026-05-24,203125,196087,149483,
L900349,2026-05-25,217600,211716,151642,
L900349,2026-05-26,215108,211003,150498,
L900349,2026-05-27,206571,201961,148287,
L900349,2026-05-28,217648,213883,159339,
L900349,2026-05-29,211280,208112,159154,
L900349,2026-05-30,232482,228577,169014,
L900349,2026-05-31,216865,214309,157302,
L900349,2026-06-01,226942,219366,165646,
L900349,2026-06-02,180196,178226,137702,
L900349,2026-06-03,202747,199048,150601,
L900349,2026-06-04,204344,199049,148967,
L900349,2026-06-05,165203,159627,121657,
L900349,2026-06-06,195097,189296,143925,
L900349,2026-06-07,239920,233895,176990,
L900349,2026-06-08,199120,191997,146085,
L900349,2026-06-09,196882,191306,142641,
L900349,2026-06-10,202995,197821,153820,
L900349,2026-06-11,206071,198969,141996,
L900349,2026-06-12,187757,180654,135844,
L900349,2026-06-13,262012,258233,187362,
L900349,2026-06-14,280675,269488,200367,
L900349,2026-06-15,203244,198483,141899,
L900350,2026-05-01,22546,22546,13554,61406.8
L900350,2026-05-02,20566,20566,13972,47065.2
L900350,2026-05-03,20266,20266,12930,46903.1
L900350,2026-05-04,22436,22436,12817,49962.9
L900350,2026-05-05,19427,19427,11676,45531.1
L900350,2026-05-06,15927,15927,8806,41608.8
L900350,2026-05-07,15590,15590,10409,46703.0
L900350,2026-05-08,17690,17690,12052,40105.0
L900350,2026-05-09,14257,14257,8891,36394.8
L900350,2026-05-10,14522,14522,8874,38455.0
L900350,2026-05-11,13993,13993,9160,29214.0
L900350,2026-05-12,8027,8027,4658,24675.5
L900350,2026-05-13,12938,12938,7257,39775.3
L900350,2026-05-14,9895,9895,5807,26633.6
L900350,2026-05-15,9820,9820,5899,20275.0
L900350,2026-05-16,11071,11071,7066,24936.9
L900350,2026-05-17,10343,10343,6824,26380.3
L900350,2026-05-18,8928,8928,5736,24565.5
L900350,2026-05-19,8597,8597,6015,20816.2
L900350,2026-05-20,8285,8285,5451,20030.4
L900350,2026-05-21,8124,8124,5644,22998.3
L900350,2026-05-22,7736,7736,5184,18540.6
L900350,2026-05-23,6371,6371,3527,13897.0
L900350,2026-05-24,5499,5499,3335,16300.1
L900350,2026-05-25,5448,5448,3639,11694.3
L900350,2026-05-26,5332,5332,3288,17009.1
L900350,2026-05-27,4932,4932,3292,13940.6
L900350,2026-05-28,4197,4197,2358,12652.9
L900350,2026-05-29,4590,4590,2860,10246.8
L900350,2026-05-30,3492,3492,2418,7248.6
L900350,2026-05-31,3934,3934,2494,7535.3
L900350,2026-06-01,3728,3728,2457,11021.1
L900350,2026-06-02,3499,3499,2398,7465.8
L900350,2026-06-03,3535,3535,2427,8631.8
L900350,2026-06-04,3288,3288,1900,6283.6
L900350,2026-06-05,3532,3532,2132,8721.3
L900350,2026-06-06,2580,2580,1608,5731.4
L900350,2026-06-07,2634,2634,1451,5939.8
L900350,2026-06-08,2465,2465,1715,7312.9
L900350,2026-06-09,2311,2311,1422,4554.3
L900350,2026-06-10,1870,1870,1070,5356.5
L900350,2026-06-11,1777,1777,1170,3963.9
L900350,2026-06-12,1899,1899,1122,4718.3
L900350,2026-06-13,1506,1506,909,3203.9
L900350,2026-06-14,1627,1627,910,3176.5
L900350,2026-06-15,1483,1483,978,3714.0
L900351,2026-05-01,217939,212295,118552,
L900351,2026-05-02,258740,251637,143074,
L900351,2026-05-03,233261,228890,134887,
L900351,2026-05-04,195453,191657,107740,
L900351,2026-05-05,193917,187161,101903,
L900351,2026-05-06,205930,201603,104422,
L900351,2026-05-07,214033,206347,122220,
L900351,2026-05-08,225438,221247,137978,
L900351,2026-05-09,260017,254111,144195,
L900351,2026-05-10,283953,277580,154368,
L900351,2026-05-11,169418,166712,102869,
L900351,2026-05-12,209453,206711,112137,
L900351,2026-05-13,178168,175409,103671,
L900351,2026-05-14,185928,179378,101434,
L900351,2026-05-15,231273,224200,139668,
L900351,2026-05-16,244747,240724,138895,
L900351,2026-05-17,259372,249108,141684,
L900351,2026-05-18,164177,161051,84514,
L900351,2026-05-19,198660,191446,114415,
L900351,2026-05-20,200092,197257,117604,
L900351,2026-05-21,214382,206698,125614,
L900351,2026-05-22,202814,198936,116480,
L900351,2026-05-23,241195,233641,134304,
L900351,2026-05-24,211484,204757,123558,
L900351,2026-05-25,193701,188925,107909,
L900351,2026-05-26,191177,188823,104455,
L900351,2026-05-27,198469,192620,113709,
L900351,2026-05-28,188561,183583,110287,
L900351,2026-05-29,193946,190814,104823,
L900351,2026-05-30,268492,258324,150853,
L900351,2026-05-31,258614,254709,152249,
L900351,2026-06-01,184711,181017,103100,
L900351,2026-06-02,216371,208433,128541,
L900351,2026-06-03,200848,198541,112663,
L900351,2026-06-04,226732,222083,126024,
L900351,2026-06-05,205095,199228,113847,
L900351,2026-06-06,247114,237281,133136,
L900351,2026-06-07,234656,227491,129090,
L900351,2026-06-08,210423,205465,119840,
L900351,2026-06-09,213908,210728,118742,
L900351,2026-06-10,196504,192043,113785,
L900351,2026-06-11,213564,210736,116133,
L900351,2026-06-12,204917,199190,112290,
L900351,2026-06-13,259504,255498,157695,
L900351,2026-06-14,191360,185485,105147,
L900351,2026-06-15,204053,198585,115164,
L900352,2025-10-19,22264,22264,15319,65610.5
L900352,2025-10-20,19701,19701,13631,56198.5
L900352,2025-10-21,17592,17592,10729,40838.4
L900352,2025-10-22,16258,16258,10097,39120.5
L900352,2025-10-23,16085,16085,9813,34621.2
L900352,2025-10-24,15439,15439,10743,28803.3
L900352,2025-10-25,16002,16002,9647,28992.2
L900352,2025-10-26,14286,14286,9295,44281.7
L900352,2025-10-27,12779,12779,8657,25501.1
L900352,2025-10-28,11573,11573,7121,26170.5
L900352,2025-10-29,11271,11271,6741,23207.7
L900352,2025-10-30,10773,10773,6718,20326.8
L900352,2025-10-31,9947,9947,6326,25386.7
L900352,2025-11-01,10807,10807,6746,21485.4
L900352,2025-11-02,10841,10841,6870,26915.1
L900352,2025-11-03,7924,7924,4528,18263.5
L900352,2025-11-04,9404,9404,6216,18793.3
L900352,2025-11-05,8517,8517,4690,16248.8
L900352,2025-11-06,7636,7636,5001,17612.8
L900352,2025-11-07,8143,8143,4528,24808.3
L900352,2025-11-08,6540,6540,3763,19342.8
L900352,2025-11-09,6517,6517,4041,17929.7
L900352,2025-11-10,5973,5973,3863,14362.2
L900352,2025-11-11,5584,5584,3645,10322.5
L900352,2025-11-12,5473,5473,3322,13521.2
L900352,2025-11-13,4951,4951,2949,14878.6
L900352,2025-11-14,4858,4858,2986,12717.4
L900352,2025-11-15,4078,4078,2393,11908.3
L900352,2025-11-16,3854,3854,2170,8270.8
L900352,2025-11-17,3615,3615,2093,9260.1
L900352,2025-11-18,3518,3518,2035,9123.4
L900352,2025-11-19,3787,3787,2592,8098.7
L900352,2025-11-20,3088,3088,1707,5899.8
L900352,2025-11-21,3248,3248,2235,9488.6
L900352,2025-11-22,2948,2948,1846,8065.8
L900352,2025-11-23,2585,2585,1577,5563.5
L900352,2025-11-24,2881,2881,1814,6569.8
L900352,2025-11-25,2575,2575,1608,5974.4
L900352,2025-11-26,2259,2259,1478,5190.4
L900352,2025-11-27,2110,2110,1340,4106.2
L900352,2025-11-28,2022,2022,1134,4185.5
L900352,2025-11-29,1598,1598,1024,4971.3
L900352,2025-11-30,1630,1630,981,4548.5
L900352,2025-12-01,1751,1751,1100,3929.8
L900352,2025-12-02,1326,1326,915,4164.6
L900352,2025-12-03,1373,1373,936,2855.3
L900352,2025-12-04,1343,1343,839,3757.3
L900352,2025-12-05,1699,1699,957,3632.7
L900352,2025-12-06,1323,1323,796,3117.5
L900352,2025-12-07,1295,1295,794,3450.8
L900352,2025-12-08,1011,1011,703,2170.0
L900352,2025-12-09,1073,1073,749,3145.0
L900352,2025-12-10,803,803,507,2351.1
L900352,2025-12-11,888,888,535,2698.9
L900352,2025-12-12,908,908,572,2478.9
L900352,2025-12-13,699,699,391,1897.5
L900352,2025-12-14,797,797,548,1799.5
L900352,2025-12-15,757,757,493,2320.6
L900352,2025-12-16,639,639,417,1687.0
L900352,2025-12-17,587,587,388,1872.8
L900352,2025-12-18,560,560,373,1726.2
L900353,2025-10-19,67800,65624,61699,
L900353,2025-10-20,55008,53508,51476,
L900353,2025-10-21,64797,63376,59239,
L900353,2025-10-22,55881,54708,50294,
L900353,2025-10-23,58921,57308,53860,
L900353,2025-10-24,56541,55889,51537,
L900353,2025-10-25,71526,69935,65136,
L900353,2025-10-26,66379,64507,60137,
L900353,2025-10-27,54683,53948,49360,
L900353,2025-10-28,57442,56757,52131,
L900353,2025-10-29,54095,52392,49820,
L900353,2025-10-30,55662,54156,52361,
L900353,2025-10-31,60346,59489,54348,
L900353,2025-11-01,76017,74883,68567,
L900353,2025-11-02,80545,78495,73355,
L900353,2025-11-03,59959,58621,54553,
L900353,2025-11-04,58687,56676,52448,
L900353,2025-11-05,53209,51849,48571,
L900353,2025-11-06,62176,61044,55317,
L900353,2025-11-07,64547,63138,59477,
L900353,2025-11-08,67132,66433,61178,
L900353,2025-11-09,79937,76956,73013,
L900353,2025-11-10,62706,61848,57208,
L900353,2025-11-11,60019,57854,54208,
L900353,2025-11-12,56662,56075,52272,
L900353,2025-11-13,62568,61598,59256,
L900353,2025-11-14,56309,54891,49607,
L900353,2025-11-15,78710,75743,72949,
L900353,2025-11-16,71791,70554,68144,
L900353,2025-11-17,58971,57814,52715,
L900353,2025-11-18,51433,50913,46003,
L900353,2025-11-19,57486,55726,51305,
L900353,2025-11-20,54804,53796,49915,
L900353,2025-11-21,61409,60198,55325,
L900353,2025-11-22,65582,63208,58175,
L900353,2025-11-23,74688,71720,66599,
L900353,2025-11-24,58752,57353,55119,
L900353,2025-11-25,70536,69112,65159,
L900353,2025-11-26,59954,57841,52421,
L900353,2025-11-27,59159,58416,54399,
L900353,2025-11-28,61567,59333,54714,
L900353,2025-11-29,70680,69677,65643,
L900353,2025-11-30,80129,77802,74789,
L900353,2025-12-01,63286,60897,57519,
L900353,2025-12-02,55482,53331,50372,
L900353,2025-12-03,53915,52201,48331,
L900353,2025-12-04,65641,63708,59933,
L900353,2025-12-05,58509,57566,53945,
L900353,2025-12-06,69041,66634,59096,
L900353,2025-12-07,62527,60597,57103,
L900353,2025-12-08,53233,52678,48877,
L900353,2025-12-09,51822,50169,45936,
L900353,2025-12-10,57446,56334,53431,
L900353,2025-12-11,62634,60411,55294,
L900353,2025-12-12,58875,56685,51101,
L900353,2025-12-13,69877,67787,64334,
L900353,2025-12-14,69190,67269,64330,
L900353,2025-12-15,61313,60023,56111,
L900353,2025-12-16,56317,54462,50067,
L900353,2025-12-17,50762,49054,44349,
L900353,2025-12-18,62039,60819,58402,
L900354,2026-06-29,292500,282165,199916,
L900354,2026-06-30,268181,258971,192984,
L900354,2026-07-01,278842,268788,188602,
L900354,2026-07-02,330917,318953,235711,
L900354,2026-07-03,265211,256516,190478,
L900354,2026-07-04,349880,341536,255618,
L900354,2026-07-05,342584,338689,252758,
L900354,2026-07-06,312875,300496,214444,
L900354,2026-07-07,274779,264230,199965,
L900354,2026-07-08,278081,271083,200158,
L900354,2026-07-09,279966,271399,198620,
L900354,2026-07-10,279441,275432,196886,
L900354,2026-07-11,365095,358779,273119,
L900354,2026-07-12,347186,342028,259595,
L900354,2026-07-13,279485,268855,195994,
L900354,2026-07-14,300472,290919,217766,
L900354,2026-07-15,288289,278137,209585,
L900354,2026-07-16,260962,251628,184674,
L900354,2026-07-17,313368,303494,230425,
L900354,2026-07-18,375712,364037,276819,
L900354,2026-07-19,341663,335714,236979,
L900354,2026-07-20,284891,276457,208094,
L900354,2026-07-21,309519,301668,220059,
L900354,2026-07-22,268385,260621,188332,
L900354,2026-07-23,278261,273474,191994,
L900354,2026-07-24,278645,273732,202823,
L900354,2026-07-25,349401,337650,247630,
L900354,2026-07-26,332740,328086,239025,
L900354,2026-07-27,277994,274727,207174,
L900354,2026-07-28,290892,283754,227950,
L900354,2026-07-29,283179,279115,208989,
L900355,2026-06-29,47114,47114,30433,142979.6
L900355,2026-06-30,53077,53077,34033,130138.6
L900355,2026-07-01,47544,47544,27145,103539.5
L900355,2026-07-02,33570,33570,19985,97448.0
L900355,2026-07-03,34422,34422,19376,105683.1
L900355,2026-07-04,35618,35618,19654,88258.0
L900355,2026-07-05,32249,32249,20974,65899.1
L900355,2026-07-06,27196,27196,17722,75704.0
L900355,2026-07-07,30511,30511,17886,94586.0
L900355,2026-07-08,23070,23070,15306,57318.5
L900355,2026-07-09,27090,27090,17457,57128.9
L900355,2026-07-10,27032,27032,16636,61644.0
L900355,2026-07-11,25796,25796,15893,48775.6
L900355,2026-07-12,22022,22022,12532,50645.2
L900355,2026-07-13,24222,24222,16762,55046.3
L900355,2026-07-14,20475,20475,12213,63420.4
L900355,2026-07-15,20242,20242,12007,63006.3
L900355,2026-07-16,16282,16282,9394,38189.2
L900355,2026-07-17,19072,19072,11713,43396.8
L900355,2026-07-18,15584,15584,10168,40707.5
L900355,2026-07-19,16996,16996,11383,44324.6
L900355,2026-07-20,15704,15704,10686,41617.2
L900355,2026-07-21,13356,13356,7704,37275.6
L900355,2026-07-22,12760,12760,8610,40148.2
L900355,2026-07-23,11341,11341,6825,35239.1
L900355,2026-07-24,9985,9985,5638,30340.3
L900355,2026-07-25,10852,10852,7320,22915.3
L900355,2026-07-26,10171,10171,5974,19027.4
L900355,2026-07-27,7614,7614,4367,20300.6
L900355,2026-07-28,8484,8484,5609,26821.4
L900355,2026-07-29,8756,8756,5661,19813.0
L900356,2025-10-17,80426,77903,42819,
L900356,2025-10-18,84256,82014,47000,
L900356,2025-10-19,102316,98803,56106,
L900356,2025-10-20,82453,80898,45912,
L900356,2025-10-21,79254,78062,43808,
L900356,2025-10-22,74837,72000,40130,
L900356,2025-10-23,84791,81734,46269,
L900356,2025-10-24,66607,65670,35952,
L900356,2025-10-25,91390,90104,51434,
L900356,2025-10-26,96794,93564,53827,
L900356,2025-10-27,83106,82072,46969,
L900356,2025-10-28,82258,80667,45250,
L900356,2025-10-29,66873,64418,36301,
L900356,2025-10-30,69151,68431,37992,
L900356,2025-10-31,78531,76206,43796,
L900356,2025-11-01,93062,90016,53159,
L900356,2025-11-02,79609,78088,46181,
L900356,2025-11-03,68686,66685,37907,
L900356,2025-11-04,64509,62822,37259,
L900356,2025-11-05,65744,64928,36099,
L900356,2025-11-06,69158,68360,39472,
L900356,2025-11-07,75047,73850,44032,
L900356,2025-11-08,91249,87829,52637,
L900356,2025-11-09,94811,93121,52249,
L900356,2025-11-10,71958,69989,42708,
L900356,2025-11-11,83480,81827,48808,
L900356,2025-11-12,81826,80966,47713,
L900356,2025-11-13,78053,75009,43579,
L900356,2025-11-14,86347,85292,48676,
L900356,2025-11-15,93788,91138,49746,
L900356,2025-11-16,81486,79823,49195,
L900356,2025-11-17,79766,78185,45014,
L900356,2025-11-18,76492,74804,41354,
L900356,2025-11-19,73412,70576,38875,
L900356,2025-11-20,74220,72847,43242,
L900356,2025-11-21,78772,77592,47469,
L900356,2025-11-22,94188,90956,48245,
L900356,2025-11-23,106379,102925,57965,
L900356,2025-11-24,77001,74418,43313,
L900356,2025-11-25,77480,75001,43572,
L900356,2025-11-26,76415,73933,40926,
L900356,2025-11-27,91747,90344,53576,
L900356,2025-11-28,76331,74992,46257,
L900356,2025-11-29,84128,82184,49094,
L900356,2025-11-30,87932,86510,50871,
L900356,2025-12-01,78597,76840,40976,
L900356,2025-12-02,67309,65127,39840,
L900356,2025-12-03,74482,71851,44549,
L900356,2025-12-04,83983,82538,47508,
L900356,2025-12-05,74139,73226,44885,
L900356,2025-12-06,107500,103224,59278,
L900356,2025-12-07,103342,99383,59689,
L900356,2025-12-08,83328,81567,47473,
L900356,2025-12-09,71926,69405,38791,
L900356,2025-12-10,68084,67176,41529,
L900356,2025-12-11,76082,74046,41251,
L900356,2025-12-12,82111,80594,45972,
L900356,2025-12-13,87227,84363,52419,
L900356,2025-12-14,82223,79321,46379,
L900356,2025-12-15,72422,70630,39905,
L900356,2025-12-16,67113,66134,38436,
L900357,2025-10-17,28353,27650,20435,
L900357,2025-10-18,31952,31519,22776,
L900357,2025-10-19,36522,35549,26829,
L900357,2025-10-20,25596,24990,17813,
L900357,2025-10-21,22983,22524,17180,
L900357,2025-10-22,29041,27972,21284,
L900357,2025-10-23,26811,26222,19826,
L900357,2025-10-24,29297,28316,20914,
L900357,2025-10-25,31832,31074,22388,
L900357,2025-10-26,33889,32911,24722,
L900357,2025-10-27,26191,25174,18483,
L900357,2025-10-28,26601,25571,19327,
L900357,2025-10-29,24095,23162,16627,
L900357,2025-10-30,24720,23775,17522,
L900357,2025-10-31,27755,26997,19400,
L900357,2025-11-01,35154,34416,26474,
L900357,2025-11-02,33856,32644,24889,
L900357,2025-11-03,25090,24473,17673,
L900357,2025-11-04,28186,27786,20540,
L900357,2025-11-05,25137,24618,18918,
L900357,2025-11-06,27719,27005,20362,
L900357,2025-11-07,25612,24930,19285,
L900357,2025-11-08,32362,31388,23866,
L900357,2025-11-09,31243,30370,22576,
L900357,2025-11-10,28280,27616,21537,
L900357,2025-11-11,26119,25168,18726,
L900357,2025-11-12,28354,27360,19472,
L900357,2025-11-13,22363,21909,15776,
L900357,2025-11-14,29167,28843,22333,
L900357,2025-11-15,30351,29732,21278,
L900357,2025-11-16,36795,35589,25933,
L900357,2025-11-17,26267,25432,19561,
L900357,2025-11-18,29876,29058,22045,
L900357,2025-11-19,23365,22582,16142,
L900357,2025-11-20,29499,28481,21257,
L900357,2025-11-21,25387,24590,18027,
L900357,2025-11-22,35684,34661,26708,
L900357,2025-11-23,32756,32083,23300,
L900357,2025-11-24,26475,26188,20082,
L900357,2025-11-25,29938,29342,21827,
L900357,2025-11-26,25925,25553,19462,
L900357,2025-11-27,30587,29848,21219,
L900357,2025-11-28,26568,26253,20034,
L900357,2025-11-29,32964,32408,23665,
L900357,2025-11-30,33257,32260,24111,
L900357,2025-12-01,24631,24198,17950,
L900357,2025-12-02,27867,27366,19982,
L900357,2025-12-03,25384,24622,17955,
L900357,2025-12-04,24969,24318,18409,
L900357,2025-12-05,24941,24313,18083,
L900357,2025-12-06,31790,30817,22369,
L900357,2025-12-07,36367,35990,26538,
L900357,2025-12-08,25622,24649,17863,
L900357,2025-12-09,27806,27519,20818,
L900357,2025-12-10,29824,28958,21331,
L900357,2025-12-11,26579,26143,19414,
L900357,2025-12-12,27434,27030,19584,
L900357,2025-12-13,36605,35689,26425,
L900357,2025-12-14,34173,33389,24991,
L900357,2025-12-15,27947,27153,19547,
L900357,2025-12-16,27058,26546,20854,
L900358,2025-10-17,299686,299686,190285,922543.4
L900358,2025-10-18,267677,267677,163619,777520.5
L900358,2025-10-19,203652,203652,112393,590569.9
L900358,2025-10-20,234193,234193,151308,673722.3
L900358,2025-10-21,230277,230277,158718,641891.3
L900358,2025-10-22,211645,211645,130617,474230.3
L900358,2025-10-23,200753,200753,115904,598286.2
L900358,2025-10-24,205931,205931,136020,519393.4
L900358,2025-10-25,164310,164310,106080,316064.4
L900358,2025-10-26,176630,176630,112088,363436.8
L900358,2025-10-27,160143,160143,109392,361361.8
L900358,2025-10-28,139044,139044,91748,316174.4
L900358,2025-10-29,167661,167661,104284,439778.6
L900358,2025-10-30,145369,145369,87983,408265.8
L900358,2025-10-31,117360,117360,72525,232683.4
L900358,2025-11-01,126164,126164,78562,300080.8
L900358,2025-11-02,97276,97276,57485,213874.5
L900358,2025-11-03,99335,99335,68576,221481.2
L900358,2025-11-04,113501,113501,63403,302634.4
L900358,2025-11-05,97680,97680,60637,250370.7
L900358,2025-11-06,91278,91278,53224,226494.1
L900358,2025-11-07,91953,91953,53042,237550.5
L900358,2025-11-08,83637,83637,47529,223135.7
L900358,2025-11-09,72254,72254,41910,194632.3
L900358,2025-11-10,76452,76452,43752,233139.5
L900358,2025-11-11,54716,54716,35602,144918.3
L900358,2025-11-12,57863,57863,33267,155833.5
L900358,2025-11-13,57824,57824,32088,162070.2
L900358,2025-11-14,58002,58002,37762,181074.6
L900358,2025-11-15,50104,50104,29854,117833.2
L900358,2025-11-16,40070,40070,22838,86728.3
L900358,2025-11-17,37092,37092,22964,89225.7
L900358,2025-11-18,42962,42962,27794,112917.3
L900358,2025-11-19,38791,38791,23246,102596.0
L900358,2025-11-20,34874,34874,23999,85614.7
L900358,2025-11-21,32238,32238,22246,87781.6
L900358,2025-11-22,34482,34482,22359,98347.3
L900358,2025-11-23,36218,36218,22108,100028.8
L900358,2025-11-24,30583,30583,16930,95762.6
L900358,2025-11-25,32161,32161,19802,64906.1
L900358,2025-11-26,25765,25765,15343,61921.5
L900358,2025-11-27,26325,26325,16027,69776.9
L900358,2025-11-28,26949,26949,17602,56883.2
L900358,2025-11-29,22004,22004,15169,64854.9
L900358,2025-11-30,21110,21110,13763,54698.0
L900358,2025-12-01,19086,19086,11382,48197.0
L900358,2025-12-02,19780,19780,12378,59939.6
L900358,2025-12-03,19173,19173,12683,58814.9
L900358,2025-12-04,17144,17144,9471,38707.2
L900358,2025-12-05,15240,15240,9706,34562.4
L900358,2025-12-06,12486,12486,8053,25362.0
L900358,2025-12-07,13767,13767,8556,28334.0
L900358,2025-12-08,12778,12778,7756,36431.3
L900358,2025-12-09,12559,12559,7183,36798.8
L900358,2025-12-10,11690,11690,7793,26400.1
L900358,2025-12-11,12593,12593,8313,25467.8
L900358,2025-12-12,9535,9535,5594,29784.2
L900358,2025-12-13,8131,8131,5347,24675.6
L900358,2025-12-14,8051,8051,5541,23734.8
L900358,2025-12-15,8018,8018,5138,16291.8
L900358,2025-12-16,8934,8934,6201,25182.4
L900359,2025-11-16,1663446,1605732,1201534,
L900359,2025-11-17,1618176,1591360,1128298,
L900359,2025-11-18,1300420,1274929,923391,
L900359,2025-11-19,1594909,1543233,1146413,
L900359,2025-11-20,1424315,1378084,1040162,
L900359,2025-11-21,1530293,1509380,1113693,
L900359,2025-11-22,1597334,1554066,1126060,
L900359,2025-11-23,2121375,2061833,1511888,
L900359,2025-11-24,1399244,1345204,985166,
L900359,2025-11-25,1529660,1473068,1116094,
L900359,2025-11-26,1590512,1572527,1142390,
L900359,2025-11-27,1669363,1632611,1234733,
L900359,2025-11-28,1461267,1435416,1058527,
L900359,2025-11-29,1922361,1850480,1409129,
L900359,2025-11-30,1611374,1549248,1148626,
L900359,2025-12-01,1511452,1468153,1069677,
L900359,2025-12-02,1445427,1409863,1073029,
L900359,2025-12-03,1580038,1524838,1192625,
L900359,2025-12-04,1446156,1423614,1057378,
L900359,2025-12-05,1552766,1508641,1143431,
L900359,2025-12-06,2033550,1997281,1481727,
L900359,2025-12-07,1673575,1632737,1185011,
L900359,2025-12-08,1532526,1495214,1140033,
L900359,2025-12-09,1339894,1305225,935324,
L900359,2025-12-10,1607006,1589964,1135436,
L900359,2025-12-11,1378852,1363697,1040133,
L900359,2025-12-12,1488397,1440999,1057756,
L900359,2025-12-13,2035000,1968897,1415125,
L900359,2025-12-14,1648746,1627022,1257011,
L900359,2025-12-15,1543508,1493567,1125543,
L900359,2025-12-16,1477516,1419257,1047224,
L900359,2025-12-17,1429916,1383263,1032415,
L900359,2025-12-18,1616002,1596697,1187814,
L900359,2025-12-19,1643826,1615514,1216882,
L900359,2025-12-20,1680374,1647228,1214180,
L900359,2025-12-21,1768423,1730722,1306813,
L900359,2025-12-22,1571178,1512261,1122925,
L900359,2025-12-23,1638090,1619599,1138070,
L900359,2025-12-24,1442115,1411322,1029748,
L900359,2025-12-25,1545740,1498935,1125784,
L900359,2025-12-26,1515066,1490825,1064002,
L900359,2025-12-27,1893909,1831194,1359773,
L900359,2025-12-28,1618704,1568509,1151429,
L900359,2025-12-29,1560564,1500344,1159862,
L900359,2025-12-30,1383210,1351179,1021224,
L900359,2025-12-31,1384737,1351789,965971,
L900360,2026-08-26,755717,730823,542707,
L900360,2026-08-27,702682,676714,506964,
L900360,2026-08-28,723182,699625,519268,
L900360,2026-08-29,851394,818044,588540,
L900360,2026-08-30,990646,962760,739407,
L900360,2026-08-31,812527,798093,581980,
L900360,2026-09-01,681504,659720,482724,
L900360,2026-09-02,782768,761339,563387,
L900360,2026-09-03,689505,663333,495693,
L900360,2026-09-04,678360,653977,466215,
L900360,2026-09-05,881603,868359,633622,
L900360,2026-09-06,871626,860776,590752,
L900360,2026-09-07,669386,652530,482284,
L900360,2026-09-08,633384,617432,438594,
L900360,2026-09-09,723064,715170,539260,
L900360,2026-09-10,669406,647604,475831,
L900360,2026-09-11,707045,699332,495654,
L900360,2026-09-12,955225,932806,686863,
L900360,2026-09-13,860558,826196,617548,
L900360,2026-09-14,630869,620318,470448,
L900360,2026-09-15,781413,770707,572489,
L900360,2026-09-16,747482,721169,528961,
L900360,2026-09-17,770611,758276,548643,
L900360,2026-09-18,718960,691857,512351,
L900360,2026-09-19,869882,840699,640093,
L900361,2026-08-21,409517,397645,297998,
L900361,2026-08-22,468021,449736,342086,
L900361,2026-08-23,479421,469264,376773,
L900361,2026-08-24,357926,346190,271049,
L900361,2026-08-25,445909,429402,308119,
L900361,2026-08-26,489810,472449,340839,
L900361,2026-08-27,402758,387532,276724,
L900361,2026-08-28,408307,394361,291411,
L900361,2026-08-29,533336,525021,414118,
L900361,2026-08-30,479602,466100,319253,
L900361,2026-08-31,434582,427105,311356,
L900361,2026-09-01,473251,457399,338158,
L900361,2026-09-02,388058,373310,268686,
L900361,2026-09-03,433735,426379,313173,
L900361,2026-09-04,461658,451413,332144,
L900361,2026-09-05,556725,537419,382855,
L900361,2026-09-06,430564,415510,314368,
L900361,2026-09-07,397797,382428,280980,
L900361,2026-09-08,379693,367289,263820,
L900361,2026-09-09,434157,423944,313558,
L900361,2026-09-10,378106,373362,282191,
L900361,2026-09-11,451981,440463,324983,
L900361,2026-09-12,540264,519220,373819,
L900361,2026-09-13,523220,504055,374631,
L900361,2026-09-14,386985,378731,295812,
L900361,2026-09-15,420841,411637,299747,
L900361,2026-09-16,413796,408386,295102,
L900361,2026-09-17,374911,370583,270900,
L900361,2026-09-18,400531,385683,279202,
L900362,2026-08-21,1868,1820,1658,
L900362,2026-08-22,2180,2113,1910,
L900362,2026-08-23,2606,2572,2405,
L900362,2026-08-24,2099,2058,1955,
L900362,2026-08-25,1936,1859,1783,
L900362,2026-08-26,1890,1854,1683,
L900362,2026-08-27,2049,2009,1874,
L900362,2026-08-28,2012,1971,1873,
L900362,2026-08-29,2429,2378,2226,
L900362,2026-08-30,2670,2623,2453,
L900362,2026-08-31,2068,1990,1794,
L900362,2026-09-01,2582,2514,2258,
L900362,2026-09-02,1904,1877,1724,
L900362,2026-09-03,2325,2290,2102,
L900362,2026-09-04,2060,2032,1866,
L900362,2026-09-05,2208,2174,2046,
L900362,2026-09-06,2270,2191,2046,
L900362,2026-09-07,2089,2023,1958,
L900362,2026-09-08,1789,1734,1607,
L900362,2026-09-09,1972,1907,1773,
L900362,2026-09-10,2398,2373,2198,
L900362,2026-09-11,1588,1561,1445,
L900362,2026-09-12,2386,2327,2152,
L900362,2026-09-13,2270,2232,2016,
L900362,2026-09-14,2333,2247,2104,
L900362,2026-09-15,1959,1934,1880,
L900362,2026-09-16,1851,1794,1690,
L900362,2026-09-17,1791,1757,1660,
L900362,2026-09-18,1809,1753,1646,
L900363,2026-08-21,38413,38413,24692,75250.8
L900363,2026-08-22,27982,27982,19488,52662.6
L900363,2026-08-23,33875,33875,22267,87174.9
L900363,2026-08-24,33315,33315,18377,82477.5
L900363,2026-08-25,32634,32634,20557,67256.2
L900363,2026-08-26,32348,32348,17952,69752.7
L900363,2026-08-27,30600,30600,17043,65250.9
L900363,2026-08-28,24678,24678,17242,69261.0
L900363,2026-08-29,21996,21996,12129,66370.7
L900363,2026-08-30,19697,19697,13590,41027.8
L900363,2026-08-31,19758,19758,12725,51273.2
L900363,2026-09-01,20607,20607,11686,61250.7
L900363,2026-09-02,16026,16026,9217,37382.5
L900363,2026-09-03,15828,15828,10322,29044.5
L900363,2026-09-04,17353,17353,11785,52381.9
L900363,2026-09-05,14472,14472,8425,31424.8
L900363,2026-09-06,15111,15111,8483,32138.2
L900363,2026-09-07,12605,12605,8224,35997.1
L900363,2026-09-08,13296,13296,7685,32325.4
L900363,2026-09-09,11232,11232,6447,22537.9
L900363,2026-09-10,9282,9282,6314,28195.7
L900363,2026-09-11,11827,11827,6661,23138.2
L900363,2026-09-12,9459,9459,5821,24495.0
L900363,2026-09-13,9336,9336,6150,18969.6
L900363,2026-09-14,8393,8393,5817,23862.6
L900363,2026-09-15,8954,8954,5149,20959.5
L900363,2026-09-16,8263,8263,5387,16047.7
L900363,2026-09-17,7939,7939,5268,18745.9
L900363,2026-09-18,6703,6703,4194,13125.2
L900366,2026-09-01,18294,17998,13874,
L900366,2026-09-02,18138,17816,12826,
L900366,2026-09-03,18083,17582,12952,
L900366,2026-09-04,14873,14338,10081,
L900366,2026-09-05,21317,20846,15433,
L900366,2026-09-06,20925,20200,15305,
L900366,2026-09-07,16379,15770,11232,
L900366,2026-09-08,16534,15966,11620,
L900366,2026-09-09,17621,17126,12400,
L900366,2026-09-10,14670,14196,9775,
L900366,2026-09-11,17878,17253,12377,
L900366,2026-09-12,17993,17512,13177,
L900366,2026-09-13,24080,23680,17478,
L900366,2026-09-14,18084,17453,13011,
L900366,2026-09-15,14427,13867,10508,
L900366,2026-09-16,19460,19016,14770,
L900366,2026-09-17,17084,16443,11794,
L900366,2026-09-18,19628,19246,14434,
L900366,2026-09-19,22930,22653,16470,
L900367,2026-09-01,26002,26002,15619,70127.5
L900367,2026-09-02,27357,27357,15141,85452.1
L900367,2026-09-03,24880,24880,13728,72368.9
L900367,2026-09-04,29965,29965,16829,75831.5
L900367,2026-09-05,24117,24117,16083,45458.3
L900367,2026-09-06,16897,16897,10161,40997.2
L900367,2026-09-07,20274,20274,13569,36567.8
L900367,2026-09-08,19799,19799,11660,44505.7
L900367,2026-09-09,17132,17132,10830,40740.0
L900367,2026-09-10,15069,15069,9394,28438.2
L900367,2026-09-11,17004,17004,11345,42610.2
L900367,2026-09-12,13577,13577,8355,36032.8
L900367,2026-09-13,14961,14961,8339,27075.1
L900367,2026-09-14,11929,11929,7733,25266.9
L900367,2026-09-15,11877,11877,6574,28852.9
L900367,2026-09-16,12946,12946,7649,28633.5
L900367,2026-09-17,11672,11672,6490,36268.0
L900367,2026-09-18,10513,10513,6148,23746.2
L900367,2026-09-19,9840,9840,6734,18872.1
L900368,2026-09-01,439730,434050,238582,
L900368,2026-09-02,490834,477707,291688,
L900368,2026-09-03,492151,479176,280357,
L900368,2026-09-04,424070,414676,247786,
L900368,2026-09-05,590177,574407,341888,
L900368,2026-09-06,615295,607847,371832,
L900368,2026-09-07,427593,412253,228479,
L900368,2026-09-08,475022,458691,257577,
L900368,2026-09-09,428307,411506,248715,
L900368,2026-09-10,431561,425261,246557,
L900368,2026-09-11,408187,398559,231666,
L900368,2026-09-12,622066,601592,363519,
L900368,2026-09-13,615800,591369,342067,
L900368,2026-09-14,511202,492409,289832,
L900368,2026-09-15,452972,445064,261534,
L900368,2026-09-16,502721,483565,267626,
L900368,2026-09-17,429632,414937,239471,
L900368,2026-09-18,423573,406981,225988,
L900368,2026-09-19,549170,541954,325085,
L900372,2026-07-29,36455,36455,20449,97157.4
L900372,2026-07-30,33864,33864,18826,62352.4
L900372,2026-07-31,37867,37867,22547,89431.3
L900372,2026-08-01,27911,27911,15619,76592.6
L900372,2026-08-02,28454,28454,18372,84357.3
L900372,2026-08-03,24625,24625,16705,60687.5
L900372,2026-08-04,21470,21470,12058,41312.6
L900372,2026-08-05,25957,25957,14467,60999.7
L900372,2026-08-06,21189,21189,13372,66000.0
L900372,2026-08-07,22013,22013,14939,57089.3
L900372,2026-08-08,18907,18907,12986,48753.8
L900372,2026-08-09,20531,20531,14224,55085.9
L900372,2026-08-10,15478,15478,8720,47237.7
L900372,2026-08-11,18076,18076,12071,38980.2
L900372,2026-08-12,16612,16612,9276,47071.5
L900372,2026-08-13,11783,11783,7548,26288.7
L900372,2026-08-14,12825,12825,7626,35379.5
L900372,2026-08-15,14037,14037,9699,35925.9
L900372,2026-08-16,13959,13959,9054,27480.5
L900372,2026-08-17,12104,12104,6770,23893.5
L900372,2026-08-18,10216,10216,7146,31959.4
L900372,2026-08-19,9048,9048,5348,27798.2
L900372,2026-08-20,9970,9970,6528,24922.9
L900372,2026-08-21,8507,8507,5565,20847.3
L900372,2026-08-22,8047,8047,4928,15287.0
L900372,2026-08-23,7704,7704,5231,15261.2
L900372,2026-08-24,8076,8076,5125,22878.6
L900372,2026-08-25,8252,8252,4657,15304.3
L900372,2026-08-26,7259,7259,4159,14027.1
L900372,2026-08-27,6205,6205,3805,14045.3
L900372,2026-08-28,5313,5313,3664,13157.3
L900372,2026-08-29,5865,5865,4059,16784.1
L900372,2026-08-30,6040,6040,3358,18349.7
L900372,2026-08-31,5366,5366,3486,13829.1
L900372,2026-09-01,4688,4688,2755,14904.3
L900372,2026-09-02,4113,4113,2852,9161.6
L900372,2026-09-03,4214,4214,2636,8541.9
L900372,2026-09-04,4279,4279,2648,8516.8
L900372,2026-09-05,3696,3696,2510,10422.5
L900372,2026-09-06,3367,3367,1881,10385.1
L900372,2026-09-07,2984,2984,1925,8063.0
L900372,2026-09-08,3799,3799,2193,8262.4
L900372,2026-09-09,2588,2588,1642,6376.9
L900373,2026-07-29,175606,169823,124983,
L900373,2026-07-30,187520,184006,140054,
L900373,2026-07-31,156492,152574,110599,
L900373,2026-08-01,195126,193048,145884,
L900373,2026-08-02,217011,214563,157182,
L900373,2026-08-03,176331,172554,123803,
L900373,2026-08-04,163034,160799,114810,
L900373,2026-08-05,175348,169334,125787,
L900373,2026-08-06,159680,156304,116981,
L900373,2026-08-07,187989,182383,131204,
L900373,2026-08-08,204343,199066,149353,
L900373,2026-08-09,209714,205631,146524,
L900373,2026-08-10,167218,160609,117328,
L900373,2026-08-11,170967,167718,123682,
L900373,2026-08-12,195045,188734,138876,
L900373,2026-08-13,149506,147536,109445,
L900373,2026-08-14,197565,193292,142390,
L900373,2026-08-15,202467,197862,145210,
L900373,2026-08-16,219626,213482,156655,
L900373,2026-08-17,152314,148157,107645,
L900373,2026-08-18,172433,169228,127041,
L900373,2026-08-19,165250,162605,119364,
L900373,2026-08-20,173953,168603,122144,
L900373,2026-08-21,172058,167158,125258,
L900373,2026-08-22,189905,185349,138294,
L900373,2026-08-23,191519,185389,133219,
L900373,2026-08-24,164139,160908,123466,
L900373,2026-08-25,149547,144679,105719,
L900373,2026-08-26,172963,168935,128955,
L900373,2026-08-27,200341,194245,142101,
L900373,2026-08-28,180809,177692,131156,
L900373,2026-08-29,208126,204771,152649,
L900373,2026-08-30,183208,177785,131390,
L900373,2026-08-31,179580,176222,127374,
L900373,2026-09-01,179673,175735,123968,
L900373,2026-09-02,174628,170540,130777,
L900373,2026-09-03,170299,166311,119816,
L900373,2026-09-04,153568,150472,112524,
L900373,2026-09-05,225398,219122,161904,
L900373,2026-09-06,202037,198737,139390,
L900373,2026-09-07,175050,168864,122631,
L900373,2026-09-08,164570,159216,122967,
L900373,2026-09-09,148348,146745,103696,
